KEYAccidentNumber,DATAccidentDate_accident,TIMAccidentTime_accident,CATAccidentTypeDesc_accident,CATDayOfWeek_accident,CATDCADesc_accident,CATMelwaysPage_accident,CATMelwaysGridRef_X_accident,CATMelwaysGridRef_Y_accident,CATLightConditionDesc_accident,NUMVehiclesInvolved_accident,NUMPersonsInvolved_accident,NUMPersonsInjured_accident,KEYPersonID_person,CATRoadUserTypeDesc_person,CATTakenHospital_person,CATInjuryLevelDesc_person,CATAgeGroup_person,CATPostcode_person,CATGender_person,CATLGAName_node,CATDEGUrbanName_node,NUMLatitude_node,NUMLongitude_node,CATPostcode_node,CATSurfaceConditionDesc_surface,CATSubDCACodeDesc_subdca,CATAtmosphericConditionDesc_atmosphere,CATRoadName_acclocation,CATRoadNameInt_acclocation,CATRoadType_acclocation,CATRoadTypeInt_acclocation,CATEventTypeDesc_accevent,CATObjectTypeDesc_accevent
T20080035970,2008-09-30,17:30:00                      ,Struck Pedestrian,Tuesday,PED ON FOOTHPATH STRUCK BY VEHENTERING/LEAVING DRIVEWAY.  ,2B,H,10.0,Day,1,2,1,01,Pedestrians,Y,Other injury,50-59,3056.0,F,MELBOURNE,MELB_URBAN,-37.80358971,144.9694773,3053,Dry,Paved footpath,Clear,RATHDOWNE,PELHAM,STREET,STREET,Collision,Not Applicable
T20080036146,2008-09-22,18:30:00                      ,Struck Pedestrian,Monday,PED NEAR SIDE. PED HIT BY VEHICLE FROM THE RIGHT.      ,2A,J,5.0,Dark Street lights on,1,2,1,01,Pedestrians,Y,Serious injury,17-21,3051.0,F,MELBOURNE,MELB_URBAN,-37.7956326,144.9499867,3051,Wet,Not Required,Raining,FLEMINGTON,FLEMINGTON,ROAD,ROAD,Collision,Not Applicable
T20080037725,2008-10-12,10:00:00                      ,Struck Pedestrian,Sunday,FAR SIDE. PED HIT BY VEHICLE FROM THE LEFT         ,2B,B,9.0,Day,1,3,0,01,Pedestrians, ,Other injury,22-25,,F,MELBOURNE,MELB_URBAN,-37.80155018,144.956882,3000,Dry,Vehicle entering intersection,Clear,ELIZABETH,FLEMINGTON,STREET,ROAD,Collision,Not Applicable
T20080037826,2008-10-07,17:30:00                      ,Struck Pedestrian,Tuesday,FAR SIDE. PED HIT BY VEHICLE FROM THE LEFT         ,1B,L,3.0,Day,1,2,0,01,Pedestrians,N,Other injury,50-59,3055.0,F,MELBOURNE,MELBOURNE_CBD,-37.8120862,144.9629282,3000,Dry,Pedestrian stepped off median strip,Clear,LONSDALE,ELIZABETH,STREET,STREET,Collision,Not Applicable
T20080038627,2008-10-20,17:35:00                      ,Struck Pedestrian,Monday,ANY MANOEUVRE INVOLVING PED NOT INCLUDED IN DCAs 100-108.  ,1B,L,7.0,Day,1,2,1,01,Pedestrians,Y,Serious injury,70+,,M,MELBOURNE,MELBOURNE_CBD,-37.81609015,144.9640095,3000,Dry,Not Required,Clear,ELIZABETH,COLLINS,STREET,STREET,Collision,Not Applicable
T20080038634,2008-10-20,18:45:00                      ,Struck Pedestrian,Monday,PED NEAR SIDE. PED HIT BY VEHICLE FROM THE RIGHT.      ,2B,C,4.0,Day,1,3,1,01,Pedestrians, ,Other injury,17-21,3878.0,F,MELBOURNE,MELB_URBAN,-37.79255198,144.9584548,3052,Dry,Vehicle entering intersection,Clear,ROYAL,COLLEGE,PARADE,CRESCENT,Collision,Not Applicable
T20080038634,2008-10-20,18:45:00                      ,Struck Pedestrian,Monday,PED NEAR SIDE. PED HIT BY VEHICLE FROM THE RIGHT.      ,2B,C,4.0,Day,1,3,1,02,Pedestrians,Y,Other injury,17-21,3875.0,F,MELBOURNE,MELB_URBAN,-37.79255198,144.9584548,3052,Dry,Vehicle entering intersection,Clear,ROYAL,COLLEGE,PARADE,CRESCENT,Collision,Not Applicable
T20080038889,2008-10-22,14:52:00                      ,Struck Pedestrian,Wednesday,PED EMERGES FROM IN FRONT OF PARKED OR STATIONARY VEHICLE  ,1A,F,7.0,Day,1,2,0,01,Pedestrians,N,Other injury,40-49,3141.0,F,MELBOURNE,MELBOURNE_CBD,-37.81764326,144.9591106,3000,Dry,Pedestrian emerged from behind car etc,Clear,COLLINS,WILLIAM,STREET,STREET,Collision,Not Applicable
T20080038937,2008-10-22,17:00:00                      ,Struck Pedestrian,Wednesday,FAR SIDE. PED HIT BY VEHICLE FROM THE LEFT         ,1A,D,10.0,Day,1,2,1,01,Pedestrians,Y,Serious injury,50-59,3029.0,F,MELBOURNE,MELB_URBAN,-37.82006624,144.9585881,3000,Dry,Not Required,Clear,FLINDERS,AQUARIUM,STREET,DRIVE,Collision,Not Applicable
T20080038958,2008-10-22,17:00:00                      ,Struck Pedestrian,Wednesday,ANY MANOEUVRE INVOLVING PED NOT INCLUDED IN DCAs 100-108.  ,1A,E,1.0,Day,1,3,1,03,Pedestrians,Y,Serious injury,50-59,3029.0,F,MELBOURNE,MELB_URBAN,-37.81206086,144.9553604,3000,Dry,Not Required,Clear,LA TROBE,PARK,STREET,STREET,Collision,Not Applicable
T20080039158,2008-10-21,13:45:00                      ,Struck Pedestrian,Tuesday,FAR SIDE. PED HIT BY VEHICLE FROM THE LEFT         ,1A,D,4.0,Day,1,2,0,01,Pedestrians,N,Other injury,26-29,,F,MELBOURNE,MELBOURNE_CBD,-37.81511485,144.9562967,3000,Dry,Vehicle leaving intersection,Clear,CROMBIE,LITTLE BOURKE,LANE,STREET,Collision,Not Applicable
T20080039599,2008-04-20,02:30:00                      ,Struck Pedestrian,Sunday,FAR SIDE. PED HIT BY VEHICLE FROM THE LEFT         ,1B,N,10.0,Dark Street lights on,1,2,0,01,Pedestrians, ,Other injury,26-29,3055.0,M,MELBOURNE,MELB_URBAN,-37.81745307,144.967438,3000,Dry,Vehicle leaving intersection,Clear,FLINDERS,SWANSTON,STREET,STREET,Collision,Not Applicable
T20080039787,2008-10-28,21:19:00                      ,Struck Pedestrian,Tuesday,FAR SIDE. PED HIT BY VEHICLE FROM THE LEFT         ,2B,G,7.0,Dark Street lights on,1,2,0,01,Pedestrians, ,Other injury,17-21,3053.0,F,MELBOURNE,MELB_URBAN,-37.79867508,144.9672878,3053,Dry,Vehicle leaving intersection,Clear,FARADAY,LYGON,STREET,STREET,Collision,Not Applicable
T20080040002,2008-10-29,10:30:00                      ,Struck Pedestrian,Wednesday,ANY MANOEUVRE INVOLVING PED NOT INCLUDED IN DCAs 100-108.  ,1D,M,10.0,Day,2,2,0,01,Pedestrians, ,Other injury,30-39,3156.0,M,MELBOURNE,MELB_URBAN,-37.82850117,144.9631081,3006,Dry,Not Required,Clear,KINGS,MILES,WAY,STREET,Collision,Not Applicable
T20080040025,2008-10-30,12:25:00                      ,Struck Pedestrian,Thursday,PED EMERGES FROM IN FRONT OF PARKED OR STATIONARY VEHICLE  ,1B,V,3.0,Day,1,2,1,01,Pedestrians,Y,Serious injury,22-25,,M,MELBOURNE,MELB_URBAN,-37.80940402,144.97214,3000,Dry,Vehicle entering intersection,Clear,LONSDALE,SPRING,STREET,STREET,Collision,Not Applicable
T20080040154,2008-10-30,21:15:00                      ,Struck Pedestrian,Thursday,PED NEAR SIDE. PED HIT BY VEHICLE FROM THE RIGHT.      ,1A,C,4.0,Dark Street lights on,1,3,0,02,Pedestrians, ,Other injury,17-21,,M,MELBOURNE,MELBOURNE_CBD,-37.8154039,144.955278,3000,Dry,Vehicle leaving intersection,Clear,KING,LITTLE BOURKE,STREET,STREET,Collision,Not Applicable
T20080040739,2008-11-04,20:15:00                      ,Struck Pedestrian,Tuesday,PED PLAYING/LYING/WORKING/STANDING ON CARRIAGEWAY.,1C,K,5.0,Dark Street lights on,1,3,1,01,Pedestrians,Y,Serious injury,17-21,3128.0,M,MELBOURNE,MELB_URBAN,-37.82424193,144.9584567,3006,Dry,Pedestrian working/pushing or working on vehicle,Clear,KINGS,WHITEMAN ALT,WAY,STREET,Collision,Not Applicable
T20080040954,2008-11-06,11:35:00                      ,Struck Pedestrian,Thursday,PED EMERGES FROM IN FRONT OF PARKED OR STATIONARY VEHICLE  ,1B,N,3.0,Day,1,2,0,01,Pedestrians, ,Not injured,unknown,,U,MELBOURNE,MELBOURNE_CBD,-37.811561,144.9647324,3000,Dry,Vehicle entering intersection,Clear,LONSDALE,SWANSTON,STREET,STREET,Collision,Not Applicable
T20080040984,2008-11-06,17:03:00                      ,Struck Pedestrian,Thursday,FAR SIDE. PED HIT BY VEHICLE FROM THE LEFT         ,2K,J,2.0,Day,1,3,1,01,Pedestrians,Y,Other injury,16-17,3136.0,F,MELBOURNE,MELB_URBAN,-37.83281032,144.972244,3004,Dry,Vehicle entering intersection,Clear,ST KILDA,DOMAIN,ROAD,ROAD,Collision,Not Applicable
T20080041153,2008-11-01,22:00:00                      ,Struck Pedestrian,Saturday,PED NEAR SIDE. PED HIT BY VEHICLE FROM THE RIGHT.      ,2A,A,2.0,Dark No street lights,1,2,0,01,Pedestrians,N,Other injury,26-29,3012.0,M,MELBOURNE,MELB_URBAN,-37.78853046,144.9320538,3031,Dry,Vehicle leaving intersection,Clear,RANKINS,RACECOURSE,ROAD,ROAD,Collision,Not Applicable
T20080041385,2008-11-05,13:49:00                      ,Collision with a fixed object,Wednesday,LEFT OFF CARRIAGEWAY INTO OBJECT/PARKED VEHICLE       ,1B,N,1.0,Day,1,2,1,01,Pedestrians,N,Serious injury,13-15,,M,MELBOURNE,MELBOURNE_CBD,-37.80976068,144.9639076,3000,Dry,Tree (shrub/scrub),Clear,SWANSTON,LA TROBE,STREET,STREET,Ran off carriageway,Not Applicable
T20080041508,2008-11-10,13:31:00                      ,Struck Pedestrian,Monday,PED EMERGES FROM IN FRONT OF PARKED OR STATIONARY VEHICLE  ,2A,H,8.0,Day,1,3,1,02,Pedestrians,Y,Serious injury,70+,3051.0,M,MELBOURNE,MELB_URBAN,-37.80009732,144.9486378,3051,Dry,Pedestrian stepped off median strip,Clear,CURZON,OSHANASSY,STREET,STREET,Collision,Not Applicable
T20080041930,2008-06-27,06:35:00                      ,Struck Pedestrian,Friday,PED NEAR SIDE. PED HIT BY VEHICLE FROM THE RIGHT.      ,1C,K,5.0,Dusk/Dawn,1,2,0,01,Pedestrians, ,Other injury,40-49,3207.0,M,MELBOURNE,MELB_URBAN,-37.8245479,144.958934,3006,Wet,Not Required,Raining,KINGS,WHITEMAN,WAY,STREET,Collision,Not Applicable
T20080041964,2008-11-11,17:00:00                      ,Struck Pedestrian,Tuesday,PED PLAYING/LYING/WORKING/STANDING ON CARRIAGEWAY.,2K,K,3.0,Day,1,2,0,01,Pedestrians, ,Other injury,40-49,3047.0,M,MELBOURNE,MELB_URBAN,-37.83595883,144.9754232,3004,Dry,Pedestrian standing,Clear,ST KILDA,TOORAK,ROAD,ROAD,Collision,Not Applicable
T20080042292,2008-11-16,00:20:00                      ,Struck Pedestrian,Sunday,PED NEAR SIDE. PED HIT BY VEHICLE FROM THE RIGHT.      ,1A,C,3.0,Dark Street lights on,1,3,1,01,Pedestrians,Y,Serious injury,17-21,,M,MELBOURNE,MELBOURNE_CBD,-37.8144259,144.9548263,3000,Wet,Vehicle leaving intersection,Raining,KING,LONSDALE,STREET,STREET,Collision,Not Applicable
T20080042374,2008-11-16,17:40:00                      ,Struck Pedestrian,Sunday,PED NEAR SIDE. PED HIT BY VEHICLE FROM THE RIGHT.      ,1B,N,10.0,Day,1,2,0,01,Pedestrians, ,Other injury,17-21,,F,MELBOURNE,MELB_URBAN,-37.81745307,144.967438,3000,Dry,Vehicle entering intersection,Clear,FLINDERS,SWANSTON,STREET,STREET,Collision,Not Applicable
T20080043457,2008-11-24,11:50:00                      ,Struck Pedestrian,Monday,PED NEAR SIDE. PED HIT BY VEHICLE FROM THE RIGHT.      ,1B,N,1.0,Day,1,2,1,01,Pedestrians,Y,Other injury,60-64,3153.0,F,MELBOURNE,MELB_URBAN,-37.80959426,144.9638262,3000,Dry,Vehicle leaving intersection,Clear,LA TROBE,SWANSTON,STREET,STREET,Collision,Not Applicable
T20080043481,2008-07-26,16:00:00                      ,Other accident,Saturday,ANY MANOEUVRE INVOLVING PED NOT INCLUDED IN DCAs 100-108.  ,2G,F,9.0,Dusk/Dawn,1,1,1,01,Pedestrians,Y,Serious injury,60-64,3150.0,M,MELBOURNE,MELB_URBAN,-37.82468242,144.9888328,3121,Dry,Not Required,Clear,PUNT,OLYMPIC,ROAD,BOULEVARD,Other,Not Applicable
T20080044479,2008-12-02,07:00:00                      ,Struck Pedestrian,Tuesday,PED NEAR SIDE. PED HIT BY VEHICLE FROM THE RIGHT.      ,2B,G,12.0,Day,1,2,1,01,Pedestrians,Y,Serious injury,50-59,3107.0,M,MELBOURNE,MELB_URBAN,-37.80729439,144.9688464,3000,Dry,Vehicle entering intersection,Clear,VICTORIA,EXHIBITION,STREET,STREET,Collision,Not Applicable
T20080044752,2008-11-27,12:30:00                      ,Struck Pedestrian,Thursday,PED PLAYING/LYING/WORKING/STANDING ON CARRIAGEWAY.,2L,C,2.0,Day,1,2,0,01,Pedestrians, ,Other injury,64-69,3056.0,F,MELBOURNE,MELB_URBAN,-37.83405141,144.9817997,3004,Dry,Pedestrian standing,Clear,DOMAIN,PARK,ROAD,STREET,Collision,Not Applicable
T20080044897,2008-12-05,12:52:00                      ,Collision with vehicle,Friday,VEHICLE COLLIDES WITH VEHICLE PARKED ON LEFT OF ROAD    ,1B,R,10.0,Day,3,2,1,01,Pedestrians,Y,Serious injury,60-64,3046.0,M,MELBOURNE,MELB_URBAN,-37.81658301,144.9704414,3000,Dry,Kerb parking - parallel,Clear,FLINDERS,OLIVER,STREET,LANE,Collision,Not Applicable
T20080045103,2008-12-06,15:09:00                      ,Struck Pedestrian,Saturday,ANY MANOEUVRE INVOLVING PED NOT INCLUDED IN DCAs 100-108.  ,1B,L,3.0,Day,1,2,1,01,Pedestrians,Y,Other injury,40-49,3055.0,M,MELBOURNE,MELBOURNE_CBD,-37.81228152,144.9622574,3000,Dry,Not Required,Clear,ELIZABETH,LONSDALE,STREET,STREET,Collision,Not Applicable
T20080045305,2008-12-08,15:30:00                      ,Struck Pedestrian,Monday,PED NEAR SIDE. PED HIT BY VEHICLE FROM THE RIGHT.      ,1A,C,7.0,Day,1,2,0,01,Pedestrians, ,Other injury,22-25,3029.0,M,MELBOURNE,MELBOURNE_CBD,-37.81835683,144.9566289,3000,Dry,Vehicle entering intersection,Clear,KING,COLLINS,STREET,STREET,Collision,Not Applicable
T20080045620,2008-12-07,19:30:00                      ,Struck Pedestrian,Sunday,PED NEAR SIDE. PED HIT BY VEHICLE FROM THE RIGHT.      ,1B,L,3.0,Dusk/Dawn,1,2,1,01,Pedestrians,Y,Other injury,50-59,4163.0,M,MELBOURNE,MELBOURNE_CBD,-37.81218786,144.962579,3000,Dry,Vehicle reversing,Clear,LONSDALE,ELIZABETH,STREET,STREET,Collision,Not Applicable
T20080046317,2008-12-13,23:30:00                      ,Struck Pedestrian,Saturday,FAR SIDE. PED HIT BY VEHICLE FROM THE LEFT         ,1A,H,7.0,Dark Street lights on,1,4,0,01,Pedestrians,Y,Serious injury,26-29,,M,MELBOURNE,MELBOURNE_CBD,-37.81697925,144.9614197,3000,Wet,Not Required,Raining,COLLINS,QUEEN,STREET,STREET,Collision,Not Applicable
T20080046319,2008-12-14,01:47:00                      ,Struck Pedestrian,Sunday,FAR SIDE. PED HIT BY VEHICLE FROM THE LEFT         ,1B,L,5.0,Dark Street lights on,1,2,1,01,Pedestrians,Y,Serious injury,17-21,,M,MELBOURNE,MELBOURNE_CBD,-37.81424771,144.9631593,3000,Wet,Vehicle leaving intersection,Raining,BOURKE,ELIZABETH,STREET,STREET,Collision,Not Applicable
T20080046327,2008-12-14,01:15:00                      ,Struck Pedestrian,Sunday,PED NEAR SIDE. PED HIT BY VEHICLE FROM THE RIGHT.      ,2E,G,6.0,Dark Street lights on,1,2,0,01,Pedestrians, ,Other injury,30-39,,F,MELBOURNE,MELB_URBAN,-37.81892263,144.9469712,3008,Wet,Not Required,Raining,BOURKE,WATERVIEW,STREET,WALK,Collision,Not Applicable
T20080046408,2008-12-14,02:20:00                      ,Struck Pedestrian,Sunday,PED NEAR SIDE. PED HIT BY VEHICLE FROM THE RIGHT.      ,1B,L,10.0,Dark Street lights on,1,2,0,01,Pedestrians, ,Other injury,26-29,3429.0,M,MELBOURNE,MELB_URBAN,-37.81817138,144.9649699,3000,Wet,Vehicle leaving intersection,Raining,ELIZABETH,FLINDERS,STREET,STREET,Collision,Not Applicable
T20080046466,2008-12-15,01:30:00                      ,Struck Pedestrian,Monday,ANY MANOEUVRE INVOLVING PED NOT INCLUDED IN DCAs 100-108.  ,2E,G,5.0,Dark Street lights on,1,2,0,01,Pedestrians, ,Other injury,26-29,3340.0,M,MELBOURNE,MELB_URBAN,-37.81684057,144.945758,3008,Wet,Not Required,Raining,HARBOUR,CENTRAL PIER,ESPLANADE,,Collision,Not Applicable
T20080046538,2008-12-15,17:00:00                      ,Struck Pedestrian,Monday,PED ON FOOTHPATH STRUCK BY VEHENTERING/LEAVING DRIVEWAY.  ,1A,D,9.0,Day,1,2,0,01,Pedestrians,N,Other injury,30-39,3150.0,F,MELBOURNE,MELBOURNE_CBD,-37.81909186,144.9581309,3000,Dry,Not on Footpath,Clear,FLINDERS,HIGHLANDER,LANE,LANE,Collision,Not Applicable
T20080046755,2008-12-17,07:52:00                      ,Struck Pedestrian,Wednesday,PED NEAR SIDE. PED HIT BY VEHICLE FROM THE RIGHT.      ,2B,K,7.0,Day,1,2,1,01,Pedestrians,Y,Serious injury,30-39,3073.0,M,MELBOURNE,MELB_URBAN,-37.79795209,144.9748771,3053,Wet,Vehicle entering intersection,Clear,NICHOLSON,JOHNSTON,STREET,STREET,Collision,Not Applicable
T20080047161,2008-11-21,00:20:00                      ,Struck Pedestrian,Friday,ANY MANOEUVRE INVOLVING PED NOT INCLUDED IN DCAs 100-108.  ,1A,G,6.0,Dark Street lights on,1,2,1,01,Pedestrians,Y,Serious injury,30-39,3006.0,F,MELBOURNE,MELBOURNE_CBD,-37.81614711,144.9604287,3000,Dry,Not Required,Clear,LITTLE COLLINS,BANK,STREET,PLACE,Collision,Not Applicable
T20080047343,2008-12-21,00:30:00                      ,Struck Pedestrian,Sunday,PED NEAR SIDE. PED HIT BY VEHICLE FROM THE RIGHT.      ,2L,B,9.0,Dark Street lights on,1,2,1,01,Pedestrians,Y,Serious injury,16-17,,M,MELBOURNE,MELB_URBAN,-37.84566918,144.9789836,3004,Dry,Not Required,Clear,ST KILDA,ROY,ROAD,STREET,Collision,Not Applicable
T20080047396,2008-12-21,00:30:00                      ,Struck Pedestrian,Sunday,PED ON FOOTHPATH STRUCK BY VEHENTERING/LEAVING DRIVEWAY.  ,1D,L,4.0,Dark Street lights unknown,1,2,0,01,Pedestrians, ,Other injury,22-25,3185.0,M,MELBOURNE,MELB_URBAN,-37.82342112,144.9594712,3006,Dry,Paved footpath,Clear,WHITEMAN,WHITEMAN ALT,STREET,STREET,Collision,Not Applicable
T20080047404,2008-12-21,05:45:00                      ,Struck Pedestrian,Sunday,ANY MANOEUVRE INVOLVING PED NOT INCLUDED IN DCAs 100-108.  ,1B,T,3.0,Dusk/Dawn,1,2,1,01,Pedestrians,Y,Serious injury,17-21,3072.0,M,MELBOURNE,MELBOURNE_CBD,-37.80999578,144.9701081,3000,Dry,Not Required,Clear,LONSDALE,EXHIBITION,STREET,STREET,Collision,Not Applicable
T20080047636,2008-12-23,09:30:00                      ,Struck Pedestrian,Tuesday,FAR SIDE. PED HIT BY VEHICLE FROM THE LEFT         ,2B,G,6.0,Day,1,2,1,01,Pedestrians,Y,Serious injury,30-39,,M,MELBOURNE,MELB_URBAN,-37.79732073,144.9690247,3053,Dry,Vehicle entering intersection,Clear,DRUMMOND,ELGIN,STREET,STREET,Collision,Not Applicable
T20080048110,2008-12-27,08:00:00                      ,Struck Pedestrian,Saturday,PED NEAR SIDE. PED HIT BY VEHICLE FROM THE RIGHT.      ,1A,A,10.0,Day,1,2,0,01,Pedestrians, ,Other injury,26-29,3000.0,F,MELBOURNE,MELB_URBAN,-37.82109904,144.955075,3008,Dry,Vehicle entering intersection,Clear,SPENCER,FLINDERS,STREET,STREET,Collision,Not Applicable
T20090000243,2008-12-12,19:30:00                      ,Struck Pedestrian,Friday,PED NEAR SIDE. PED HIT BY VEHICLE FROM THE RIGHT.      ,1B,N,1.0,Dusk/Dawn,1,2,0,01,Pedestrians, ,Other injury,17-21,3058.0,F,MELBOURNE,MELBOURNE_CBD,-37.81035918,144.9641828,3000,Wet,Not Required,Raining,SWANSTON,LITTLE LONSDALE,STREET,STREET,Collision,Not Applicable
T20090000276,2009-01-01,21:24:00                      ,Struck Pedestrian,Thursday,PED STRUCK WALKING TO/FROM OR BOARDING/ALIGHTING VEHICLE.  ,2B,G,4.0,Dark Street lights on,1,2,0,01,Pedestrians,N,Other injury,26-29,,M,MELBOURNE,MELB_URBAN,-37.79374558,144.9681375,3053,Dry,Pedestrian emerged from behindtram,Clear,LYGON,LYTTON,STREET,STREET,Collision,Not Applicable
T20090000366,2009-01-04,15:30:00                      ,Struck Pedestrian,Sunday,ANY MANOEUVRE INVOLVING PED NOT INCLUDED IN DCAs 100-108.  ,1A,A,5.0,Day,1,3,0,01,Pedestrians,N,Other injury,22-25,3011.0,M,MELBOURNE,MELB_URBAN,-37.81665089,144.9530369,3000,Dry,Not Required,Clear,SPENCER,BOURKE,STREET,STREET,Collision,Not Applicable
T20090000504,2009-01-05,20:50:00                      ,Struck Pedestrian,Monday,FAR SIDE. PED HIT BY VEHICLE FROM THE LEFT         ,2B,G,8.0,Dark Street lights on,1,3,1,02,Pedestrians,Y,Other injury,5-12,3051.0,F,MELBOURNE,MELB_URBAN,-37.79984984,144.9670786,3053,Dry,Pedestrian stepped off median strip,Clear,LYGON,YORK,STREET,PLACE,Collision,Not Applicable
T20090001210,2009-01-12,08:10:00                      ,Collision with vehicle,Monday,LANE SIDE SWIPE (VEHICLES IN PARALLEL LANES)        ,1B,N,3.0,Day,2,3,1,01,Pedestrians,Y,Serious injury,30-39,3134.0,M,MELBOURNE,MELBOURNE_CBD,-37.81165428,144.964412,3000,Dry,Not Required,Clear,LONSDALE,CALEDONIAN,STREET,LANE,Collision,Not Applicable
T20090001662,2009-01-15,15:49:00                      ,Struck Pedestrian,Thursday,FAR SIDE. PED HIT BY VEHICLE FROM THE LEFT         ,1A,C,7.0,Day,1,2,0,01,Pedestrians, ,Other injury,30-39,3056.0,F,MELBOURNE,MELBOURNE_CBD,-37.81835683,144.9566289,3000,Dry,Vehicle entering intersection,Clear,KING,COLLINS,STREET,STREET,Collision,Not Applicable
T20090001767,2009-01-16,08:35:00                      ,Struck Pedestrian,Friday,PED NEAR SIDE. PED HIT BY VEHICLE FROM THE RIGHT.      ,2B,G,5.0,Day,1,2,1,01,Pedestrians,Y,Other injury,22-25,,F,MELBOURNE,MELB_URBAN,-37.79463953,144.9679857,3053,Dry,Vehicle reversing,Clear,LYGON,WATERLOO,STREET,STREET,Collision,Not Applicable
T20090002333,2008-12-26,20:00:00                      ,Struck Pedestrian,Friday,ANY MANOEUVRE INVOLVING PED NOT INCLUDED IN DCAs 100-108.  ,2B,D,12.0,Day,1,2,0,01,Pedestrians,N,Other injury,22-25,3056.0,F,MELBOURNE,MELB_URBAN,-37.80818237,144.9603755,3000,Dry,Not Required,Clear,ELIZABETH,FRANKLIN,STREET,STREET,Collision,Not Applicable
T20090002994,2009-01-26,12:40:00                      ,Struck Pedestrian,Monday,PED NEAR SIDE. PED HIT BY VEHICLE FROM THE RIGHT.      ,1D,V,9.0,Day,1,2,1,01,Pedestrians,Y,Serious injury,60-64,3808.0,F,MELBOURNE,MELB_URBAN,-37.82475089,144.9707869,3004,Dry,Not Required,Clear,ST KILDA,BURNLEY,ROAD,TUNNEL,Collision,Not Applicable
T20090002998,2009-01-26,13:30:00                      ,Struck Pedestrian,Monday,FAR SIDE. PED HIT BY VEHICLE FROM THE LEFT         ,1A,A,7.0,Day,1,3,1,01,Pedestrians,Y,Serious injury,22-25,3032.0,M,MELBOURNE,MELB_URBAN,-37.81906984,144.9541489,3000,Dry,Vehicle leaving intersection,Clear,SPENCER,COLLINS,STREET,STREET,Collision,Not Applicable
T20090003024,2009-01-26,17:05:00                      ,Struck Pedestrian,Monday,PED NEAR SIDE. PED HIT BY VEHICLE FROM THE RIGHT.      ,1B,Q,4.0,Day,1,2,1,01,Pedestrians,Y,Other injury,22-25,3000.0,M,MELBOURNE,MELBOURNE_CBD,-37.81182344,144.9676518,3000,Dry,Vehicle leaving intersection,Clear,LITTLE BOURKE,RUSSELL,STREET,STREET,Collision,Not Applicable
T20090003310,2009-01-28,10:01:00                      ,Struck Pedestrian,Wednesday,ANY MANOEUVRE INVOLVING PED NOT INCLUDED IN DCAs 100-108.  ,1B,M,10.0,Unknown,1,1,1,01,Pedestrians,Y,Serious injury,60-64,3174.0,F,MELBOURNE,MELB_URBAN,-37.81776976,144.9663499,3000,Dry,Not Required,Clear,FLINDERS,DEGRAVES,STREET,STREET,Collision,Not Applicable
T20090003833,2009-02-02,10:10:00                      ,Struck Pedestrian,Monday,PED NEAR SIDE. PED HIT BY VEHICLE FROM THE RIGHT.      ,2B,D,12.0,Day,1,3,0,01,Pedestrians, ,Other injury,50-59,3141.0,F,MELBOURNE,MELB_URBAN,-37.80758871,144.9624094,3000,Dry,Not Required,Clear,FRANKLIN,STEWART,STREET,STREET,Collision,Not Applicable
T20090003917,2009-02-02,09:15:00                      ,Struck Pedestrian,Monday,PED NEAR SIDE. PED HIT BY VEHICLE FROM THE RIGHT.      ,1B,T,6.0,Day,1,2,0,01,Pedestrians, ,Serious injury,50-59,3065.0,M,MELBOURNE,MELBOURNE_CBD,-37.81268033,144.9708389,3000,Dry,Vehicle reversing,Clear,EXHIBITION,LITTLE COLLINS,STREET,STREET,Collision,Not Applicable
T20090004017,2009-02-03,17:57:00                      ,Struck Pedestrian,Tuesday,FAR SIDE. PED HIT BY VEHICLE FROM THE LEFT         ,1A,H,6.0,Day,1,2,1,01,Pedestrians,Y,Other injury,26-29,3127.0,F,MELBOURNE,MELBOURNE_CBD,-37.81594418,144.9611309,3000,Dry,Vehicle leaving intersection,Clear,LITTLE COLLINS,QUEEN,STREET,STREET,Collision,Not Applicable
T20090004160,2009-02-04,22:05:00                      ,Struck Pedestrian,Wednesday,ANY MANOEUVRE INVOLVING PED NOT INCLUDED IN DCAs 100-108.  ,1B,N,5.0,Dark Street lights on,1,2,0,01,Pedestrians,N,Other injury,17-21,3000.0,M,MELBOURNE,MELBOURNE_CBD,-37.81340638,144.9660583,3000,Dry,Not Required,Clear,BOURKE,SWANSTON,STREET,STREET,Collision,Not Applicable
T20090004462,2009-02-07,01:44:00                      ,Struck Pedestrian,Saturday,PED NEAR SIDE. PED HIT BY VEHICLE FROM THE RIGHT.      ,1A,C,3.0,Dark Street lights on,1,2,1,01,Pedestrians,Y,Serious injury,30-39,3193.0,F,MELBOURNE,MELBOURNE_CBD,-37.8144259,144.9548263,3000,Dry,Vehicle entering intersection,Clear,KING,LONSDALE,STREET,STREET,Collision,Not Applicable
T20090004634,2009-02-08,14:53:00                      ,Struck Pedestrian,Sunday,PED EMERGES FROM IN FRONT OF PARKED OR STATIONARY VEHICLE  ,1B,R,1.0,Day,1,3,1,02,Pedestrians,Y,Serious injury,16-17,3207.0,M,MELBOURNE,MELB_URBAN,-37.80871698,144.9668286,3000,Dry,Pedestrian emerged from behindvehicle not known,Clear,LA TROBE,HAYWARD,STREET,LANE,Collision,Not Applicable