KEYAccidentNumber,DATAccidentDate_accident,TIMAccidentTime_accident,CATAccidentTypeDesc_accident,CATDayOfWeek_accident,CATDCADesc_accident,CATMelwaysPage_accident,CATMelwaysGridRef_X_accident,CATMelwaysGridRef_Y_accident,CATLightConditionDesc_accident,NUMVehiclesInvolved_accident,NUMPersonsInvolved_accident,NUMPersonsInjured_accident,KEYPersonID_person,CATRoadUserTypeDesc_person,CATTakenHospital_person,CATInjuryLevelDesc_person,CATAgeGroup_person,CATPostcode_person,CATGender_person,CATLGAName_node,CATDEGUrbanName_node,NUMLatitude_node,NUMLongitude_node,CATPostcode_node,CATSurfaceConditionDesc_surface,CATSubDCACodeDesc_subdca,CATAtmosphericConditionDesc_atmosphere,CATRoadName_acclocation,CATRoadNameInt_acclocation,CATRoadType_acclocation,CATRoadTypeInt_acclocation,CATEventTypeDesc_accevent,CATObjectTypeDesc_accevent
T20090004902,2009-02-10,19:15:00                      ,Struck Pedestrian,Tuesday,PED NEAR SIDE. PED HIT BY VEHICLE FROM THE RIGHT.      ,2A,A,1.0,Day,1,2,0,01,Pedestrians, ,Other injury,40-49,3031.0,F,MELBOURNE,MELB_URBAN,-37.78844227,144.9331694,3031,Dry,Vehicle entering intersection,Clear,RACECOURSE,VICTORIA,ROAD,STREET,Collision,Not Applicable
T20090005268,2009-02-13,15:00:00                      ,Struck Pedestrian,Friday,FAR SIDE. PED HIT BY VEHICLE FROM THE LEFT         ,1A,G,10.0,Day,1,2,1,01,Pedestrians,Y,Other injury,40-49,3038.0,F,MELBOURNE,MELBOURNE_CBD,-37.81930118,144.9610876,3000,Dry,Vehicle leaving intersection,Clear,FLINDERS,MARKET,STREET,STREET,Collision,Not Applicable
T20090005448,2009-02-14,00:05:00                      ,Struck Pedestrian,Saturday,FAR SIDE. PED HIT BY VEHICLE FROM THE LEFT         ,1A,C,3.0,Dark Street lights on,1,6,0,05,Pedestrians,N,Other injury,22-25,3021.0,M,MELBOURNE,MELBOURNE_CBD,-37.8144259,144.9548263,3000,Dry,Vehicle entering intersection,Clear,KING,LONSDALE,STREET,STREET,Collision,Not Applicable
T20090005517,2009-02-15,14:20:00                      ,Struck Pedestrian,Sunday,PED NEAR SIDE. PED HIT BY VEHICLE FROM THE RIGHT.      ,1B,L,4.0,Day,1,2,1,01,Pedestrians,Y,Serious injury,22-25,,M,MELBOURNE,MELBOURNE_CBD,-37.81313129,144.9626455,3000,Dry,Not Required,Clear,ELIZABETH,LITTLE BOURKE,STREET,STREET,Collision,Not Applicable
T20090005845,2009-02-17,21:45:00                      ,Struck Pedestrian,Tuesday,PED NEAR SIDE. PED HIT BY VEHICLE FROM THE RIGHT.      ,1B,T,3.0,Dark Street lights on,1,2,1,01,Pedestrians,Y,Serious injury,30-39,,M,MELBOURNE,MELBOURNE_CBD,-37.80991955,144.9703698,3000,Dry,Not Required,Clear,LONSDALE,EXHIBITION,STREET,STREET,Collision,Not Applicable
T20090005970,2009-02-17,16:50:00                      ,Struck Pedestrian,Tuesday,FAR SIDE. PED HIT BY VEHICLE FROM THE LEFT         ,1B,U,7.0,Day,1,2,0,01,Pedestrians, ,Other injury,22-25,3141.0,F,MELBOURNE,MELBOURNE_CBD,-37.81362851,144.9728893,3000,Dry,Not Required,Clear,COLLINS,COLLINS,STREET,PLACE,Collision,Not Applicable
T20090006009,2009-02-19,09:25:00                      ,Struck Pedestrian,Thursday,PED NEAR SIDE. PED HIT BY VEHICLE FROM THE RIGHT.      ,2E,G,5.0,Day,1,2,0,01,Pedestrians,N,Serious injury,30-39,,F,MELBOURNE,MELB_URBAN,-37.81603876,144.9448692,3008,Dry,Vehicle reversing,Clear,CENTRAL PIER,HARBOUR,,ESPLANADE,Collision,Not Applicable
T20090006225,2009-02-20,19:17:00                      ,Struck Pedestrian,Friday,ANY MANOEUVRE INVOLVING PED NOT INCLUDED IN DCAs 100-108.  ,2B,E,12.0,Day,1,3,1,01,Pedestrians,Y,Serious injury,40-49,3000.0,M,MELBOURNE,MELB_URBAN,-37.80731048,144.9633702,3000,Dry,Not Required,Clear,FRANKLIN,BOWEN,STREET,STREET,Collision,Not Applicable
T20090006655,2009-02-24,10:20:00                      ,Struck Pedestrian,Tuesday,PED NEAR SIDE. PED HIT BY VEHICLE FROM THE RIGHT.      ,1A,H,8.0,Unknown,1,2,0,01,Pedestrians, ,Other injury,22-25,3089.0,M,MELBOURNE,MELBOURNE_CBD,-37.81736063,144.9617778,3000,Dry,Not Required,Clear,QUEEN,RYRIE,STREET,LANE,Collision,Not Applicable
T20090006905,2009-02-24,09:10:00                      ,Struck Pedestrian,Tuesday,FAR SIDE. PED HIT BY VEHICLE FROM THE LEFT         ,1B,T,10.0,Day,1,2,1,01,Pedestrians,Y,Serious injury,60-64,,F,MELBOURNE,MELB_URBAN,-37.81600966,144.972382,3000,Dry,Vehicle leaving intersection,Clear,BATMAN,EXHIBITION,AVENUE,STREET,Collision,Not Applicable
T20090006925,2009-02-26,09:30:00                      ,Struck Pedestrian,Thursday,PED NEAR SIDE. PED HIT BY VEHICLE FROM THE RIGHT.      ,2C,A,12.0,Day,1,2,1,01,Pedestrians,Y,Serious injury,40-49,3068.0,M,MELBOURNE,MELB_URBAN,-37.8083096,144.9767859,3002,Dry,Vehicle going straight through,Clear,BRUNSWICK,VICTORIA,STREET,PARADE,Collision,Not Applicable
T20090007016,2009-02-26,22:35:00                      ,Struck Pedestrian,Thursday,PED EMERGES FROM IN FRONT OF PARKED OR STATIONARY VEHICLE  ,1A,D,7.0,Unknown,1,2,1,01,Pedestrians,Y,Serious injury,64-69,3041.0,M,MELBOURNE,MELBOURNE_CBD,-37.81829658,144.9568384,3000,Dry,Not Required,Clear,COLLINS,KING,STREET,STREET,Collision,Not Applicable
T20090007046,2009-02-27,08:35:00                      ,Struck Pedestrian,Friday,PED STRUCK WALKING TO/FROM OR BOARDING/ALIGHTING VEHICLE.  ,2K,K,4.0,Day,1,2,0,01,Pedestrians, ,Other injury,30-39,,F,MELBOURNE,MELB_URBAN,-37.83695331,144.9758059,3004,Dry,Pedestrian emerged from behindtram,Clear,TOORAK,ST KILDA,ROAD,ROAD,Collision,Not Applicable
T20090007232,2009-02-26,16:00:00                      ,Struck Pedestrian,Thursday,ANY MANOEUVRE INVOLVING PED NOT INCLUDED IN DCAs 100-108.  ,2B,B,8.0,Day,2,2,0,01,Pedestrians,N,Other injury,26-29,3065.0,F,MELBOURNE,MELB_URBAN,-37.8007798,144.9564502,3000,Dry,Not Required,Clear,FLEMINGTON,FLEMINGTON REV,ROAD,ROAD SERVICE ROAD,Collision,Not Applicable
T20090007627,2009-03-03,17:30:00                      ,Struck Pedestrian,Tuesday,ANY MANOEUVRE INVOLVING PED NOT INCLUDED IN DCAs 100-108.  ,1B,R,3.0,Day,1,2,1,01,Pedestrians,Y,Other injury,22-25,3165.0,M,MELBOURNE,MELBOURNE_CBD,-37.81064777,144.967869,3000,Dry,Not Required,Clear,LONSDALE,HAYWARD,STREET,LANE,Collision,Not Applicable
T20090008555,2009-03-10,08:32:00                      ,Struck Pedestrian,Tuesday,FAR SIDE. PED HIT BY VEHICLE FROM THE LEFT         ,1D,V,9.0,Day,2,3,0,01,Pedestrians,N,Other injury,26-29,3006.0,M,MELBOURNE,MELB_URBAN,-37.8249543,144.9708804,3004,Dry,Vehicle going straight through,Clear,ST KILDA,GRANT,ROAD,STREET,Collision,Not Applicable
T20090008710,2009-03-11,11:30:00                      ,Struck Pedestrian,Wednesday,PED NEAR SIDE. PED HIT BY VEHICLE FROM THE RIGHT.      ,1B,S,7.0,Day,2,2,0,01,Pedestrians, ,Not injured,17-21,,M,MELBOURNE,MELBOURNE_CBD,-37.8143578,144.970409,3000,Dry,Not Required,Clear,COLLINS,ALFRED,STREET,PLACE,Collision,Not Applicable
T20090008763,2009-03-12,04:20:00                      ,Struck Pedestrian,Thursday,PED NEAR SIDE. PED HIT BY VEHICLE FROM THE RIGHT.      ,1B,N,10.0,Dark Street lights on,1,2,1,01,Pedestrians,Y,Serious injury,30-39,3044.0,M,MELBOURNE,MELB_URBAN,-37.81745307,144.967438,3000,Wet,Vehicle entering intersection,Raining,FLINDERS,SWANSTON,STREET,STREET,Collision,Not Applicable
T20090008810,2009-03-12,11:15:00                      ,Struck Pedestrian,Thursday,PED PLAYING/LYING/WORKING/STANDING ON CARRIAGEWAY.,2B,E,7.0,Day,1,2,1,01,Pedestrians,Y,Serious injury,30-39,3131.0,F,MELBOURNE,MELB_URBAN,-37.79852856,144.9643155,3052,Wet,Pedestrian standing,Clear,MONASH,SWANSTON,ROAD,STREET,Collision,Not Applicable
T20090009044,2009-03-12,14:10:00                      ,Struck Pedestrian,Thursday,PED NEAR SIDE. PED HIT BY VEHICLE FROM THE RIGHT.      ,2B,E,8.0,Day,1,2,0,01,Pedestrians,N,Serious injury,30-39,,F,MELBOURNE,MELB_URBAN,-37.8003566,144.9633206,3052,Dry,Not Required,Clear,GRATTAN,LITTLE GRATTAN,STREET,STREET,Collision,Not Applicable
T20090009709,2009-03-18,14:25:00                      ,Struck Pedestrian,Wednesday,PED NEAR SIDE. PED HIT BY VEHICLE FROM THE RIGHT.      ,1B,Q,7.0,Day,1,2,0,01,Pedestrians, ,Other injury,40-49,3220.0,F,MELBOURNE,MELBOURNE_CBD,-37.81492319,144.9684815,3000,Dry,Vehicle reversing,Clear,COLLINS,RUSSELL,STREET,STREET,Collision,Not Applicable
T20090009989,2008-12-16,13:00:00                      ,Struck Pedestrian,Tuesday,ANY MANOEUVRE INVOLVING PED NOT INCLUDED IN DCAs 100-108.  ,1A,H,8.0,Day,1,2,0,01,Pedestrians, ,Other injury,30-39,3122.0,F,MELBOURNE,MELBOURNE_CBD,-37.81705987,144.9616405,3000,Dry,Not Required,Clear,QUEEN,COLLINS,STREET,STREET,Collision,Not Applicable
T20090010654,2009-03-24,11:32:00                      ,Struck Pedestrian,Tuesday,FAR SIDE. PED HIT BY VEHICLE FROM THE LEFT         ,2B,C,3.0,Day,1,2,0,01,Pedestrians, ,Other injury,26-29,3184.0,F,MELBOURNE,MELB_URBAN,-37.79209709,144.9603583,3052,Dry,Not Required,Clear,COLLEGE,COLLEGE,CRESCENT,CRESCENT,Collision,Not Applicable
T20090010691,2009-03-13,20:00:00                      ,No collision and no object struck,Friday,OUT OF CONTROL ON CARRIAGEWAY (ON STRAIGHT)         ,2F,J,1.0,Dusk/Dawn,1,2,1,01,Pedestrians, ,Not injured,unknown,,U,MELBOURNE,MELB_URBAN,-37.80924477,144.9729709,3002,Dry,Not Required,Clear,ALBERT,NICHOLSON,STREET,STREET,Fell from vehicle,Not Applicable
T20090011092,2009-03-27,22:46:00                      ,Struck Pedestrian,Friday,PED WALKING WITH TRAFFIC                  ,2G,C,6.0,Dark Street lights on,1,2,1,01,Pedestrians,Y,Serious injury,22-25,3152.0,M,MELBOURNE,MELB_URBAN,-37.81852629,144.9810265,3002,Dry,Not on Footpath,Clear,CHARLES,JOLIMONT,STREET,STREET,Collision,Not Applicable
T20090011598,2009-03-31,18:29:00                      ,Struck Pedestrian,Tuesday,ANY MANOEUVRE INVOLVING PED NOT INCLUDED IN DCAs 100-108.  ,1A,H,6.0,Day,1,2,0,01,Pedestrians,N,Other injury,26-29,3752.0,M,MELBOURNE,MELBOURNE_CBD,-37.81539054,144.9608781,3000,Dry,Not Required,Clear,QUEEN,BOURKE,STREET,STREET,Collision,Not Applicable
T20090011605,2009-03-31,17:30:00                      ,Struck Pedestrian,Tuesday,PED NEAR SIDE. PED HIT BY VEHICLE FROM THE RIGHT.      ,1A,C,9.0,Day,1,2,1,01,Pedestrians,Y,Serious injury,26-29,3160.0,F,MELBOURNE,MELBOURNE_CBD,-37.81939013,144.9571063,3000,Dry,Vehicle leaving intersection,Clear,KING,FLINDERS,STREET,LANE,Collision,Not Applicable
T20090011676,2008-12-13,12:15:00                      ,Struck Pedestrian,Saturday,FAR SIDE. PED HIT BY VEHICLE FROM THE LEFT         ,1A,K,6.0,Day,1,2,1,01,Pedestrians,Y,Serious injury,60-64,3192.0,M,MELBOURNE,MELBOURNE_CBD,-37.81528865,144.9633994,3000,Wet,Not Required,Raining,LITTLE COLLINS,ELIZABETH,STREET,STREET,Collision,Not Applicable
T20090011959,2009-04-02,22:05:00                      ,Struck Pedestrian,Thursday,FAR SIDE. PED HIT BY VEHICLE FROM THE LEFT         ,2B,C,10.0,Dark Street lights on,1,2,1,01,Pedestrians,Y,Serious injury,26-29,,F,MELBOURNE,MELB_URBAN,-37.80403938,144.9584689,3000,Dry,Vehicle entering intersection,Clear,ELIZABETH,QUEENSBERRY,STREET,STREET,Collision,Not Applicable
T20090012039,2009-04-03,13:32:00                      ,Struck Pedestrian,Friday,PED NEAR SIDE. PED HIT BY VEHICLE FROM THE RIGHT.      ,2B,G,3.0,Day,2,3,0,01,Pedestrians,N,Other injury,50-59,,F,MELBOURNE,MELB_URBAN,-37.79198954,144.9684357,3054,Wet,Not Required,Raining,LYGON,CEMETERY E,STREET,ROAD,Collision,Not Applicable
T20090012478,2009-04-06,07:00:00                      ,Struck Pedestrian,Monday,ANY MANOEUVRE INVOLVING PED NOT INCLUDED IN DCAs 100-108.  ,2A,J,6.0,Day,1,2,0,01,Pedestrians, ,Other injury,30-39,3337.0,M,MELBOURNE,MELB_URBAN,-37.79584114,144.9502486,3051,Dry,Not Required,Clear,FLEMINGTON,HARKER,ROAD,STREET,Collision,Not Applicable
T20090012750,2009-04-07,13:15:00                      ,Struck Pedestrian,Tuesday,PED NEAR SIDE. PED HIT BY VEHICLE FROM THE RIGHT.      ,1A,J,3.0,Day,1,2,0,01,Pedestrians, ,Other injury,30-39,3028.0,M,MELBOURNE,MELBOURNE_CBD,-37.81270421,144.9608053,3000,Dry,Vehicle entering intersection,Clear,HARDWARE,HARDWARE,STREET,LANE,Collision,Not Applicable
T20090012877,2009-04-08,13:20:00                      ,Struck Pedestrian,Wednesday,PED EMERGES FROM IN FRONT OF PARKED OR STATIONARY VEHICLE  ,1B,L,1.0,Day,1,3,0,02,Pedestrians,N,Other injury,13-15,3078.0,F,MELBOURNE,MELB_URBAN,-37.81031669,144.9613588,3000,Dry,Vehicle entering intersection,Clear,ELIZABETH,LA TROBE,STREET,STREET,Collision,Not Applicable
T20090013438,2009-04-12,22:00:00                      ,Struck Pedestrian,Sunday,PED NEAR SIDE. PED HIT BY VEHICLE FROM THE RIGHT.      ,1D,V,7.0,Dark Street lights on,1,2,0,01,Pedestrians, ,Other injury,50-59,,M,MELBOURNE,MELB_URBAN,-37.82331625,144.9701276,3004,Dry,Vehicle entering intersection,Clear,ST KILDA,ST KILDA,ROAD,ROAD,Collision,Not Applicable
T20090013503,2009-04-09,03:00:00                      ,Struck Pedestrian,Thursday,PED NEAR SIDE. PED HIT BY VEHICLE FROM THE RIGHT.      ,1B,N,3.0,Dark Street lights on,1,3,1,01,Pedestrians,Y,Serious injury,30-39,3051.0,F,MELBOURNE,MELBOURNE_CBD,-37.81150049,144.9649402,3000,Dry,Not Required,Clear,LONSDALE,SWANSTON,STREET,STREET,Collision,Not Applicable
T20090013523,2009-04-13,15:40:00                      ,Struck Pedestrian,Monday,PED NEAR SIDE. PED HIT BY VEHICLE FROM THE RIGHT.      ,1A,A,7.0,Day,1,2,0,01,Pedestrians,N,Other injury,16-17,3015.0,F,MELBOURNE,MELB_URBAN,-37.81906984,144.9541489,3000,Dry,Vehicle leaving intersection,Clear,SPENCER,COLLINS,STREET,STREET,Collision,Not Applicable
T20090013832,2009-04-15,16:43:00                      ,Struck Pedestrian,Wednesday,PED PLAYING/LYING/WORKING/STANDING ON CARRIAGEWAY.,1A,A,2.0,Day,1,2,0,01,Pedestrians,N,Other injury,22-25,3199.0,M,MELBOURNE,MELB_URBAN,-37.8145699,144.9520804,3000,Dry,Pedestrian standing,Clear,SPENCER,LITTLE LONSDALE,STREET,STREET,Collision,Not Applicable
T20090013878,2009-04-16,08:50:00                      ,Struck Pedestrian,Thursday,FAR SIDE. PED HIT BY VEHICLE FROM THE LEFT         ,2L,B,8.0,Day,1,2,0,01,Pedestrians, ,Other injury,unknown,,F,MELBOURNE,MELB_URBAN,-37.84485173,144.9786855,3004,Dry,Vehicle entering intersection,Clear,COMMERCIAL,ST KILDA,ROAD,ROAD,Collision,Not Applicable
T20090013915,2009-04-16,13:08:00                      ,Struck Pedestrian,Thursday,FAR SIDE. PED HIT BY VEHICLE FROM THE LEFT         ,2G,A,2.0,Day,1,2,1,01,Pedestrians,Y,Serious injury,30-39,,M,MELBOURNE,MELB_URBAN,-37.81207259,144.9774296,3002,Dry,Not Required,Clear,ST ANDREWS,LANSDOWNE,PLACE,STREET,Collision,Not Applicable
T20090013928,2009-04-16,08:20:00                      ,Collision with vehicle,Thursday,RIGHT THROUGH                        ,1D,Q,5.0,Day,2,4,0,02,Pedestrians,Y,Fatality,30-39,,M,MELBOURNE,MELB_URBAN,-37.82271951,144.9639745,3006,Dry,Not Required,Clear,CITY,SOUTHBANK,ROAD,BOULEVARD,Collision,Not Applicable
T20090014158,2009-04-17,21:38:00                      ,Struck Pedestrian,Friday,PED NEAR SIDE. PED HIT BY VEHICLE FROM THE RIGHT.      ,1D,P,7.0,Dark Street lights on,1,2,0,01,Pedestrians,N,Other injury,26-29,3012.0,F,MELBOURNE,MELB_URBAN,-37.82457916,144.9637496,3006,Dry,Vehicle entering intersection,Clear,POWER,KAVANAGH,STREET,STREET,Collision,Not Applicable
T20090014251,2009-04-18,21:15:00                      ,Struck Pedestrian,Saturday,ANY MANOEUVRE INVOLVING PED NOT INCLUDED IN DCAs 100-108.  ,2E,J,8.0,Dark Street lights on,1,2,1,01,Pedestrians,Y,Serious injury,22-25,3008.0,M,MELBOURNE,MELB_URBAN,-37.82226812,144.9505892,3008,Dry,Not Required,Clear,WURUNDJERI,BATMANS HILL,WAY,DRIVE,Collision,Not Applicable
T20090014260,2009-04-19,00:10:00                      ,Struck Pedestrian,Sunday,FAR SIDE. PED HIT BY VEHICLE FROM THE LEFT         ,2L,F,1.0,Dark Street lights on,1,6,1,01,Pedestrians,Y,Serious injury,22-25,3206.0,M,MELBOURNE,MELB_URBAN,-37.83063297,144.9878452,3141,Dry,Vehicle entering intersection,Clear,PUNT,ALEXANDRA,ROAD,AVENUE,Collision,Not Applicable
T20090014385,2009-04-20,08:00:00                      ,Struck Pedestrian,Monday,PED NEAR SIDE. PED HIT BY VEHICLE FROM THE RIGHT.      ,2B,B,10.0,Day,1,2,1,01,Pedestrians,Y,Serious injury,70+,3042.0,M,MELBOURNE,MELB_URBAN,-37.80378502,144.9562523,3051,Dry,Not Required,Not known,PEEL,QUEENSBERRY,STREET,STREET,Collision,Not Applicable
T20090014565,2009-04-07,11:10:00                      ,Struck Pedestrian,Tuesday,PED STRUCK WALKING TO/FROM OR BOARDING/ALIGHTING VEHICLE.  ,1B,N,7.0,Day,1,2,0,01,Pedestrians, ,Other injury,50-59,3121.0,M,MELBOURNE,MELBOURNE_CBD,-37.81549255,144.9665403,3000,Dry,Pedestrian emerged from behindtram,Clear,COLLINS,SWANSTON,STREET,STREET,Collision,Not Applicable
T20090014997,2009-04-24,12:30:00                      ,Struck Pedestrian,Friday,PED EMERGES FROM IN FRONT OF PARKED OR STATIONARY VEHICLE  ,2B,K,12.0,Day,1,2,1,01,Pedestrians,Y,Other injury,50-59,3102.0,M,MELBOURNE,MELB_URBAN,-37.80818082,144.9737199,3002,Wet,Pedestrian emerged from behind car etc,Raining,VICTORIA,NICHOLSON,PARADE,STREET,Collision,Not Applicable
T20090015194,2009-04-25,08:55:00                      ,Struck Pedestrian,Saturday,PED EMERGES FROM IN FRONT OF PARKED OR STATIONARY VEHICLE  ,1A,A,9.0,Day,1,2,0,01,Pedestrians, ,Other injury,13-15,,F,MELBOURNE,MELB_URBAN,-37.82027019,144.9546993,3000,Dry,Pedestrian emerged from behind car etc,Clear,SPENCER,FLINDERS,STREET,LANE,Collision,Not Applicable
T20090015334,2009-04-26,04:12:00                      ,Struck Pedestrian,Sunday,FAR SIDE. PED HIT BY VEHICLE FROM THE LEFT         ,1B,Q,6.0,Dark Street lights on,1,3,0,02,Pedestrians,N,Serious injury,17-21,,M,MELBOURNE,MELBOURNE_CBD,-37.81323095,144.9682967,3000,Dry,Not Required,Clear,RUSSELL,MELBOURNE,STREET,PLACE,Collision,Not Applicable
T20090015646,2009-04-21,07:50:00                      ,Struck Pedestrian,Tuesday,PED NEAR SIDE. PED HIT BY VEHICLE FROM THE RIGHT.      ,2F,F,12.0,Day,1,2,0,01,Pedestrians,N,Other injury,40-49,,M,MELBOURNE,MELB_URBAN,-37.83041938,144.965011,3006,Dry,Vehicle entering intersection,Clear,KINGS,STURT,WAY,STREET,Collision,Not Applicable
T20090015865,2009-04-29,12:44:00                      ,Struck Pedestrian,Wednesday,PED NEAR SIDE. PED HIT BY VEHICLE FROM THE RIGHT.      ,2G,A,8.0,Day,1,2,1,01,Pedestrians,Y,Serious injury,50-59,3039.0,M,MELBOURNE,MELB_URBAN,-37.82315153,144.9764431,3004,Dry,Not Required,Clear,OLYMPIC,BOATHOUSE,BOULEVARD,DRIVE,Collision,Not Applicable
T20090015972,2009-04-29,12:00:00                      ,Collision with vehicle,Wednesday,U TURN INTO FIXED OBJECT/PARKED VEHICLE           ,2A,D,5.0,Day,2,3,1,01,Pedestrians,Y,Serious injury,26-29,3046.0,M,MELBOURNE,MELB_URBAN,-37.79493398,144.9396793,3051,Dry,Any vehicle (include trailer or parked car),Clear,CAYTRE,BUNCLE,CRESCENT,STREET,Collision,Not Applicable
T20090016286,2009-05-01,22:25:00                      ,Collision with vehicle,Friday,VEHICLE COLLIDES WITH VEHICLE PARKED ON LEFT OF ROAD    ,2B,C,10.0,Dark Street lights on,3,4,1,01,Pedestrians,Y,Serious injury,17-21,3053.0,M,MELBOURNE,MELB_URBAN,-37.80353129,144.9582355,3000,Dry,Kerb parking - angle,Clear,ELIZABETH,QUEENSBERRY,STREET,STREET,Collision,Not Applicable
T20090016344,2009-04-27,21:30:00                      ,Struck Pedestrian,Monday,ANY MANOEUVRE INVOLVING PED NOT INCLUDED IN DCAs 100-108.  ,2B,F,8.0,Dark Street lights on,1,2,1,01,Pedestrians,Y,Serious injury,17-21,3084.0,M,MELBOURNE,MELB_URBAN,-37.80060055,144.9669449,3053,Wet,Not Required,Raining,LYGON,GRATTAN,STREET,STREET,Collision,Not Applicable
T20090017039,2008-04-01,13:10:00                      ,Struck Pedestrian,Tuesday,PED NEAR SIDE. PED HIT BY VEHICLE FROM THE RIGHT.      ,1B,L,1.0,Unknown,1,2,0,01,Pedestrians, ,Other injury,26-29,3053.0,F,MELBOURNE,MELB_URBAN,-37.81031669,144.9613588,3000,Unknown,Vehicle entering intersection,Not known,ELIZABETH,LA TROBE,STREET,STREET,Collision,Not Applicable
T20090017983,2009-05-13,19:45:00                      ,Struck Pedestrian,Wednesday,PED STRUCK WALKING TO/FROM OR BOARDING/ALIGHTING VEHICLE.  ,29,J,12.0,Dark Street lights on,2,2,0,02,Pedestrians,N,Other injury,64-69,3105.0,F,MELBOURNE,MELB_URBAN,-37.78566007,144.9695107,3054,Dry,Alighting,Clear,LYGON,MACPHERSON,STREET,STREET,Collision,Not Applicable
T20090018022,2009-05-12,17:55:00                      ,Struck Pedestrian,Tuesday,PED NEAR SIDE. PED HIT BY VEHICLE FROM THE RIGHT.      ,1B,N,3.0,Dark Street lights on,1,2,1,01,Pedestrians,Y,Serious injury,40-49,,F,MELBOURNE,MELBOURNE_CBD,-37.811561,144.9647324,3000,Dry,Vehicle entering intersection,Clear,LONSDALE,SWANSTON,STREET,STREET,Collision,Not Applicable
T20090018796,2009-05-19,17:00:00                      ,Struck Pedestrian,Tuesday,FAR SIDE. PED HIT BY VEHICLE FROM THE LEFT         ,1C,H,5.0,Day,1,2,1,01,Pedestrians,Y,Serious injury,5-12,3207.0,F,MELBOURNE,MELB_URBAN,-37.82534941,144.9570452,3006,Dry,Vehicle entering intersection,Clear,CLARENDON,WHITEMAN,STREET,STREET,Collision,Not Applicable
T20090018851,2009-05-18,16:15:00                      ,Struck Pedestrian,Monday,FAR SIDE. PED HIT BY VEHICLE FROM THE LEFT         ,1B,L,3.0,Day,1,2,0,01,Pedestrians, ,Other injury,17-21,3020.0,M,MELBOURNE,MELBOURNE_CBD,-37.81212687,144.9627885,3000,Dry,Pedestrian emerged from behind car etc,Clear,LONSDALE,ELIZABETH,STREET,STREET,Collision,Not Applicable
T20090019650,2009-05-25,17:25:00                      ,Struck Pedestrian,Monday,PED NEAR SIDE. PED HIT BY VEHICLE FROM THE RIGHT.      ,2L,B,8.0,Dark Street lights on,1,5,1,04,Pedestrians,Y,Serious injury,30-39,,F,MELBOURNE,MELB_URBAN,-37.84485173,144.9786855,3004,Wet,Vehicle entering intersection,Raining,COMMERCIAL,ST KILDA,ROAD,ROAD,Collision,Not Applicable
T20090019887,2009-05-27,08:15:00                      ,Struck Pedestrian,Wednesday,PED NEAR SIDE. PED HIT BY VEHICLE FROM THE RIGHT.      ,2E,J,1.0,Day,1,2,0,01,Pedestrians,N,Other injury,50-59,3194.0,F,MELBOURNE,MELB_URBAN,-37.80927688,144.9493903,3003,Dry,Vehicle leaving intersection,Clear,SPENCER,ROSSLYN,STREET,STREET,Collision,Not Applicable
T20090020107,2009-05-28,17:30:00                      ,Struck Pedestrian,Thursday,PED EMERGES FROM IN FRONT OF PARKED OR STATIONARY VEHICLE  ,2B,G,7.0,Dark Street lights on,1,2,0,01,Pedestrians, ,Other injury,17-21,3053.0,F,MELBOURNE,MELB_URBAN,-37.79867508,144.9672878,3053,Wet,Vehicle leaving intersection,Clear,FARADAY,LYGON,STREET,STREET,Collision,Not Applicable
T20090020858,2009-06-02,17:05:00                      ,Struck Pedestrian,Tuesday,PED NEAR SIDE. PED HIT BY VEHICLE FROM THE RIGHT.      ,1A,H,5.0,Dark Street lights on,1,2,0,01,Pedestrians,N,Serious injury,40-49,3107.0,M,MELBOURNE,MELBOURNE_CBD,-37.81496495,144.9606837,3000,Dry,Vehicle leaving intersection,Clear,BOURKE,QUEEN,STREET,STREET,Collision,Not Applicable
T20090021134,2009-06-04,11:35:00                      ,Struck Pedestrian,Thursday,PED NEAR SIDE. PED HIT BY VEHICLE FROM THE RIGHT.      ,1B,M,10.0,Day,1,3,0,01,Pedestrians, ,Other injury,unknown,3079.0,F,MELBOURNE,MELB_URBAN,-37.81786173,144.9660339,3000,Dry,Vehicle entering intersection,Clear,DEGRAVES,FLINDERS,STREET,STREET,Collision,Not Applicable
T20090021134,2009-06-04,11:35:00                      ,Struck Pedestrian,Thursday,PED NEAR SIDE. PED HIT BY VEHICLE FROM THE RIGHT.      ,1B,M,10.0,Day,1,3,0,02,Pedestrians, ,Other injury,60-64,3073.0,F,MELBOURNE,MELB_URBAN,-37.81786173,144.9660339,3000,Dry,Vehicle entering intersection,Clear,DEGRAVES,FLINDERS,STREET,STREET,Collision,Not Applicable
T20090021639,2009-06-08,10:25:00                      ,Struck Pedestrian,Monday,PED EMERGES FROM IN FRONT OF PARKED OR STATIONARY VEHICLE  ,2L,A,4.0,Day,1,2,0,01,Pedestrians,N,Other injury,26-29,,F,MELBOURNE,MELB_URBAN,-37.83705058,144.9765599,3004,Dry,Pedestrian emerged from behind car etc,Clear,TOORAK,ST KILDA FWD,ROAD,ROAD SERVICE ROAD,Collision,Not Applicable