KEYAccidentNumber,DATAccidentDate_accident,TIMAccidentTime_accident,CATAccidentTypeDesc_accident,CATDayOfWeek_accident,CATDCADesc_accident,CATMelwaysPage_accident,CATMelwaysGridRef_X_accident,CATMelwaysGridRef_Y_accident,CATLightConditionDesc_accident,NUMVehiclesInvolved_accident,NUMPersonsInvolved_accident,NUMPersonsInjured_accident,KEYPersonID_person,CATRoadUserTypeDesc_person,CATTakenHospital_person,CATInjuryLevelDesc_person,CATAgeGroup_person,CATPostcode_person,CATGender_person,CATLGAName_node,CATDEGUrbanName_node,NUMLatitude_node,NUMLongitude_node,CATPostcode_node,CATSurfaceConditionDesc_surface,CATSubDCACodeDesc_subdca,CATAtmosphericConditionDesc_atmosphere,CATRoadName_acclocation,CATRoadNameInt_acclocation,CATRoadType_acclocation,CATRoadTypeInt_acclocation,CATEventTypeDesc_accevent,CATObjectTypeDesc_accevent
T20090021779,2009-04-22,15:30:00                      ,Struck Pedestrian,Wednesday,PED WALKING WITH TRAFFIC                  ,1B,L,4.0,Day,1,2,0,01,Pedestrians,N,Other injury,60-64,3078.0,M,MELBOURNE,MELBOURNE_CBD,-37.81319177,144.9629708,3000,Dry,Paved footpath,Clear,LITTLE BOURKE,DRIVER,STREET,LANE,Collision,Not Applicable
T20090022046,2009-06-10,15:33:00                      ,Struck Pedestrian,Wednesday,PED STRUCK WALKING TO/FROM OR BOARDING/ALIGHTING VEHICLE.  ,1A,A,4.0,Unknown,1,2,1,01,Pedestrians,Y,Serious injury,30-39,3030.0,M,MELBOURNE,MELBOURNE_CBD,-37.81605595,144.9530082,3000,Wet,Pedestrian emerged from behind car etc,Clear,LITTLE BOURKE,SPENCER,STREET,STREET,Collision,Not Applicable
T20090022851,2009-06-16,15:55:00                      ,Struck Pedestrian,Tuesday,PED NEAR SIDE. PED HIT BY VEHICLE FROM THE RIGHT.      ,1A,C,1.0,Day,1,2,0,01,Pedestrians,N,Other injury,22-25,3074.0,F,MELBOURNE,MELB_URBAN,-37.81251153,144.9537607,3000,Dry,Not Required,Clear,LA TROBE,KING,STREET,STREET,Collision,Not Applicable
T20090023463,2009-06-21,09:51:00                      ,Struck Pedestrian,Sunday,PED NEAR SIDE. PED HIT BY VEHICLE FROM THE RIGHT.      ,1A,G,9.0,Day,1,2,1,01,Pedestrians,Y,Other injury,30-39,3044.0,F,MELBOURNE,MELBOURNE_CBD,-37.81830781,144.9606331,3000,Dry,Vehicle leaving intersection,Clear,FLINDERS,MARKET,LANE,STREET,Collision,Not Applicable
T20090023469,2009-06-19,13:00:00                      ,Struck Pedestrian,Friday,FAR SIDE. PED HIT BY VEHICLE FROM THE LEFT         ,2B,F,7.0,Day,1,2,0,01,Pedestrians, ,Other injury,30-39,,F,MELBOURNE,MELB_URBAN,-37.79851457,144.9658189,3053,Dry,Vehicle leaving intersection,Clear,CARDIGAN,FARADAY,STREET,STREET,Collision,Not Applicable
T20090023564,2009-06-22,07:29:00                      ,Struck Pedestrian,Monday,PED NEAR SIDE. PED HIT BY VEHICLE FROM THE RIGHT.      ,1C,J,6.0,Dark Street lights off,1,2,0,01,Pedestrians,N,Other injury,26-29,3024.0,F,MELBOURNE,MELB_URBAN,-37.82584482,144.9586814,3006,Dry,Vehicle leaving intersection,Clear,CLARKE,HAIG,STREET,STREET,Collision,Not Applicable
T20090024174,2009-06-25,19:45:00                      ,Struck Pedestrian,Thursday,PED NEAR SIDE. PED HIT BY VEHICLE FROM THE RIGHT.      ,1B,N,9.0,Dark Street lights on,1,2,1,01,Pedestrians, ,Not injured,17-21,,M,MELBOURNE,MELBOURNE_CBD,-37.81648513,144.9669886,3000,Dry,Vehicle leaving intersection,Clear,FLINDERS,SWANSTON,LANE,STREET,Collision,Not Applicable
T20090024233,2009-06-26,07:50:00                      ,Struck Pedestrian,Friday,PED NEAR SIDE. PED HIT BY VEHICLE FROM THE RIGHT.      ,1B,V,3.0,Day,1,2,1,01,Pedestrians,Y,Serious injury,26-29,,F,MELBOURNE,MELB_URBAN,-37.80940402,144.97214,3000,Dry,Vehicle entering intersection,Clear,LONSDALE,SPRING,STREET,STREET,Collision,Not Applicable
T20090024328,2009-06-26,16:30:00                      ,Struck Pedestrian,Friday,PED NEAR SIDE. PED HIT BY VEHICLE FROM THE RIGHT.      ,1A,H,7.0,Day,1,2,1,01,Pedestrians,Y,Serious injury,50-59,3074.0,F,MELBOURNE,MELBOURNE_CBD,-37.81693249,144.9615823,3000,Dry,Vehicle within intersection,Clear,COLLINS,QUEEN,STREET,STREET,Collision,Not Applicable
T20090024738,2009-06-29,17:14:00                      ,Struck Pedestrian,Monday,PED NEAR SIDE. PED HIT BY VEHICLE FROM THE RIGHT.      ,1D,V,4.0,Dark Street lights on,1,2,0,01,Pedestrians,N,Other injury,40-49,6281.0,M,MELBOURNE,MELB_URBAN,-37.82066008,144.96949,3004,Dry,Not Required,Clear,ALEXANDRA,ST KILDA,AVENUE,ROAD,Collision,Not Applicable
T20090025305,2009-07-03,10:00:00                      ,Vehicle overturned (no collision),Friday,OUT OF CONTROL ON CARRIAGEWAY (ON STRAIGHT)         ,2B,C,11.0,Day,1,2,1,01,Pedestrians, ,Not injured,17-21,3000.0,M,MELBOURNE,MELB_URBAN,-37.80629321,144.9595039,3000,Wet,Not Required,Clear,ELIZABETH,VICTORIA,STREET,STREET,Rollover on/off carriageway,Not Applicable
T20090025349,2009-07-03,13:54:00                      ,Struck Pedestrian,Friday,PED NEAR SIDE. PED HIT BY VEHICLE FROM THE RIGHT.      ,1B,L,5.0,Day,1,2,1,01,Pedestrians, ,Not injured,22-25,,F,MELBOURNE,MELBOURNE_CBD,-37.81442031,144.963239,3000,Wet,Not Required,Raining,ELIZABETH,BOURKE,STREET,STREET,Collision,Not Applicable
T20090025534,2009-06-29,20:50:00                      ,Struck Pedestrian,Monday,ANY MANOEUVRE INVOLVING PED NOT INCLUDED IN DCAs 100-108.  ,1A,G,10.0,Dark Street lights on,1,2,0,01,Pedestrians, ,Other injury,40-49,3975.0,M,MELBOURNE,MELB_URBAN,-37.81930118,144.9610876,3000,Wet,Not Required,Raining,FLINDERS,MARKET,STREET,STREET,Collision,Not Applicable
T20090026571,2009-07-11,23:05:00                      ,Struck Pedestrian,Saturday,PED NEAR SIDE. PED HIT BY VEHICLE FROM THE RIGHT.      ,1B,N,3.0,Dark Street lights on,1,2,1,01,Pedestrians,Y,Serious injury,30-39,,M,MELBOURNE,MELBOURNE_CBD,-37.811561,144.9647324,3000,Dry,Vehicle entering intersection,Clear,LONSDALE,SWANSTON,STREET,STREET,Collision,Not Applicable
T20090026754,2009-07-07,07:00:00                      ,Struck Pedestrian,Tuesday,PED STRUCK WALKING TO/FROM OR BOARDING/ALIGHTING VEHICLE.  ,2B,B,7.0,Day,1,2,0,01,Pedestrians, ,Other injury,30-39,3052.0,F,MELBOURNE,MELB_URBAN,-37.79874001,144.9576802,3052,Unknown,Pedestrian emerged from behindtram,Clear,ROYAL,ELIZABETH,PARADE,STREET,Collision,Not Applicable
T20090027031,2009-06-19,16:10:00                      ,Struck Pedestrian,Friday,PED NEAR SIDE. PED HIT BY VEHICLE FROM THE RIGHT.      ,1A,F,10.0,Day,1,2,1,01,Pedestrians, ,Not injured,50-59,3000.0,F,MELBOURNE,MELB_URBAN,-37.8196135,144.9600172,3000,Unknown,Vehicle leaving intersection,Not known,FLINDERS,WILLIAM,STREET,STREET,Collision,Not Applicable
T20090027471,2009-07-16,15:30:00                      ,Struck Pedestrian,Thursday,PED NEAR SIDE. PED HIT BY VEHICLE FROM THE RIGHT.      ,1B,V,3.0,Day,1,2,0,01,Pedestrians,N,Other injury,22-25,3071.0,F,MELBOURNE,MELB_URBAN,-37.80940402,144.97214,3000,Dry,Vehicle leaving intersection,Clear,LONSDALE,SPRING,STREET,STREET,Collision,Not Applicable
T20090028004,2009-07-22,12:59:00                      ,Struck Pedestrian,Wednesday,PED STRUCK WALKING TO/FROM OR BOARDING/ALIGHTING VEHICLE.  ,1D,P,11.0,Day,1,2,1,01,Pedestrians,Y,Other injury,17-21,,M,MELBOURNE,MELB_URBAN,-37.82819025,144.9659314,3006,Dry,Pedestrian emerged from behindtram,Clear,STURT,MILES,STREET,STREET,Collision,Not Applicable
T20090028017,2009-07-22,15:40:00                      ,Struck Pedestrian,Wednesday,PED NEAR SIDE. PED HIT BY VEHICLE FROM THE RIGHT.      ,1B,T,4.0,Day,1,3,0,01,Pedestrians, ,Other injury,40-49,3108.0,M,MELBOURNE,MELBOURNE_CBD,-37.81110428,144.9701085,3000,Wet,Vehicle leaving intersection,Raining,EXHIBITION,LITTLE BOURKE,STREET,STREET,Collision,Not Applicable
T20090028174,2009-07-23,10:25:00                      ,Struck Pedestrian,Thursday,PED NEAR SIDE. PED HIT BY VEHICLE FROM THE RIGHT.      ,1B,L,3.0,Day,1,2,1,01,Pedestrians,Y,Serious injury,70+,3141.0,F,MELBOURNE,MELBOURNE_CBD,-37.81228152,144.9622574,3000,Dry,Vehicle leaving intersection,Clear,ELIZABETH,LONSDALE,STREET,STREET,Collision,Not Applicable
T20090028441,2009-07-24,18:42:00                      ,Struck Pedestrian,Friday,FAR SIDE. PED HIT BY VEHICLE FROM THE LEFT         ,1D,V,2.0,Dark Street lights on,1,2,1,01,Pedestrians,Y,Serious injury,50-59,2850.0,F,MELBOURNE,MELB_URBAN,-37.81872105,144.9680235,3004,Dry,Not Required,Clear,ST KILDA,SWANSTON,ROAD,STREET,Collision,Not Applicable
T20090028536,2009-02-26,17:30:00                      ,Struck Pedestrian,Thursday,PED NEAR SIDE. PED HIT BY VEHICLE FROM THE RIGHT.      ,2B,E,9.0,Day,1,2,0,01,Pedestrians, ,Other injury,17-21,,M,MELBOURNE,MELB_URBAN,-37.80249904,144.9636183,3053,Dry,Vehicle entering intersection,Clear,PELHAM,SWANSTON,STREET,STREET,Collision,Not Applicable
T20090028598,2009-07-26,01:40:00                      ,Struck Pedestrian,Sunday,FAR SIDE. PED HIT BY VEHICLE FROM THE LEFT         ,1D,U,4.0,Dark Street lights on,1,2,0,01,Pedestrians, ,Other injury,17-21,2088.0,M,MELBOURNE,MELB_URBAN,-37.82093707,144.9677681,3006,Dry,Vehicle entering intersection,Clear,CITY,SOUTHGATE,ROAD,AVENUE,Collision,Not Applicable
T20090028986,2009-07-28,19:20:00                      ,Struck Pedestrian,Tuesday,PED PLAYING/LYING/WORKING/STANDING ON CARRIAGEWAY.,1B,R,4.0,Dark Street lights on,1,2,0,01,Pedestrians,N,Other injury,30-39,3020.0,M,MELBOURNE,MELBOURNE_CBD,-37.81165112,144.9682412,3000,Dry,Pedestrian standing,Clear,COVERLID,LITTLE BOURKE,PLACE,STREET,Collision,Not Applicable
T20090029388,2009-07-31,07:20:00                      ,Struck Pedestrian,Friday,PED NEAR SIDE. PED HIT BY VEHICLE FROM THE RIGHT.      ,2A,J,6.0,Day,1,2,0,01,Pedestrians,N,Other injury,17-21,3043.0,M,MELBOURNE,MELB_URBAN,-37.79621329,144.9507158,3051,Dry,Not Required,Clear,FLEMINGTON,HARKER,ROAD,STREET,Collision,Not Applicable
T20090029616,2009-08-02,01:30:00                      ,Struck Pedestrian,Sunday,FAR SIDE. PED HIT BY VEHICLE FROM THE LEFT         ,1B,R,3.0,Dark Street lights on,1,3,1,02,Pedestrians,Y,Serious injury,17-21,3020.0,M,MELBOURNE,MELBOURNE_CBD,-37.81068587,144.9677381,3000,Dry,Pedestrian stepped off median strip,Clear,LONSDALE,HAYWARD,STREET,LANE,Collision,Not Applicable
T20090030164,2009-07-04,06:15:00                      ,collision with some other object,Saturday,OTHER MANOEUVRING NOT INCLUDED IN DCAs 140-148       ,1C,G,7.0,Dark Street lights on,1,2,0,01,Pedestrians, ,Other injury,30-39,,M,MELBOURNE,MELB_URBAN,-37.82729924,144.956859,3006,Unknown,Not Required,Not known,HAIG,CLARENDON,STREET,STREET,Collision,Other Fixed (railway furniture/culvert/telephone box etc)
T20090030468,2009-08-07,20:25:00                      ,Struck Pedestrian,Friday,PED NEAR SIDE. PED HIT BY VEHICLE FROM THE RIGHT.      ,1B,N,3.0,Dark Street lights on,1,2,1,01,Pedestrians,Y,Serious injury,40-49,,M,MELBOURNE,MELBOURNE_CBD,-37.811561,144.9647324,3000,Dry,Vehicle leaving intersection,Clear,LONSDALE,SWANSTON,STREET,STREET,Collision,Not Applicable
T20090030661,2009-08-09,12:30:00                      ,Struck Pedestrian,Sunday,PED STRUCK WALKING TO/FROM OR BOARDING/ALIGHTING VEHICLE.  ,1B,N,3.0,Day,1,2,0,01,Pedestrians, ,Other injury,30-39,3058.0,M,MELBOURNE,MELBOURNE_CBD,-37.811561,144.9647324,3000,Dry,Boarding,Clear,LONSDALE,SWANSTON,STREET,STREET,Collision,Not Applicable
T20090030692,2009-08-09,18:55:00                      ,Struck Pedestrian,Sunday,PED NEAR SIDE. PED HIT BY VEHICLE FROM THE RIGHT.      ,1B,N,7.0,Dark Street lights on,1,2,0,01,Pedestrians,N,Other injury,30-39,,M,MELBOURNE,MELBOURNE_CBD,-37.81549255,144.9665403,3000,Dry,Vehicle entering intersection,Clear,COLLINS,SWANSTON,STREET,STREET,Collision,Not Applicable
T20090030805,2009-07-31,12:40:00                      ,Struck Pedestrian,Friday,ANY MANOEUVRE INVOLVING PED NOT INCLUDED IN DCAs 100-108.  ,1B,T,3.0,Day,1,2,0,01,Pedestrians,N,Other injury,30-39,,M,MELBOURNE,MELBOURNE_CBD,-37.8103011,144.9697362,3000,Dry,Not Required,Clear,EXHIBITION,LONSDALE,STREET,STREET,Collision,Not Applicable
T20090031432,2009-08-14,17:20:00                      ,Struck Pedestrian,Friday,ANY MANOEUVRE INVOLVING PED NOT INCLUDED IN DCAs 100-108.  ,1B,S,7.0,Dark Street lights on,1,2,1,01,Pedestrians,Y,Serious injury,30-39,3082.0,M,MELBOURNE,MELBOURNE_CBD,-37.8143578,144.970409,3000,Dry,Not Required,Clear,COLLINS,ALFRED,STREET,PLACE,Collision,Not Applicable
T20090031753,2009-08-17,11:30:00                      ,Struck Pedestrian,Monday,ANY MANOEUVRE INVOLVING PED NOT INCLUDED IN DCAs 100-108.  ,1B,V,7.0,Day,1,2,0,01,Pedestrians, ,Other injury,26-29,3078.0,M,MELBOURNE,MELBOURNE_CBD,-37.81337197,144.9737609,3000,Dry,Not Required,Clear,COLLINS,MACARTHUR,STREET,STREET,Collision,Not Applicable
T20090032069,2009-08-19,15:44:00                      ,No collision and no object struck,Wednesday,OUT OF CONTROL ON CARRIAGEWAY (ON STRAIGHT)         ,1A,F,1.0,Day,1,3,0,01,Pedestrians, ,Not injured,17-21,,M,MELBOURNE,MELBOURNE_CBD,-37.8117548,144.9564464,3000,Dry,Not Required,Clear,LA TROBE,WILLIAM,STREET,STREET,Rollover on/off carriageway,Not Applicable
T20090032069,2009-08-19,15:44:00                      ,No collision and no object struck,Wednesday,OUT OF CONTROL ON CARRIAGEWAY (ON STRAIGHT)         ,1A,F,1.0,Day,1,3,0,02,Pedestrians, ,Not injured,17-21,3155.0,F,MELBOURNE,MELBOURNE_CBD,-37.8117548,144.9564464,3000,Dry,Not Required,Clear,LA TROBE,WILLIAM,STREET,STREET,Rollover on/off carriageway,Not Applicable
T20090032510,2009-08-22,18:40:00                      ,Struck Pedestrian,Saturday,PED NEAR SIDE. PED HIT BY VEHICLE FROM THE RIGHT.      ,2A,H,11.0,Dark Street lights on,1,2,1,01,Pedestrians,Y,Serious injury,50-59,3073.0,F,MELBOURNE,MELB_URBAN,-37.80550463,144.9486553,3003,Dry,Not Required,Clear,KING,HAWKE,STREET,STREET,Collision,Not Applicable
T20090032602,2009-08-23,11:50:00                      ,Struck Pedestrian,Sunday,PED EMERGES FROM IN FRONT OF PARKED OR STATIONARY VEHICLE  ,2B,E,11.0,Day,1,4,0,03,Pedestrians,N,Other injury,64-69,3356.0,M,MELBOURNE,MELB_URBAN,-37.80665694,144.9628972,3000,Dry,Vehicle entering intersection,Clear,VICTORIA,SWANSTON,STREET,STREET,Collision,Not Applicable
T20090032640,2009-08-23,12:30:00                      ,Struck Pedestrian,Sunday,PED NEAR SIDE. PED HIT BY VEHICLE FROM THE RIGHT.      ,2B,C,11.0,Day,1,3,0,02,Pedestrians, ,Other injury,60-64,3025.0,F,MELBOURNE,MELB_URBAN,-37.80633051,144.9582245,3000,Dry,Not Required,Clear,QUEEN,VICTORIA,STREET,STREET,Collision,Not Applicable
T20090032759,2009-08-09,00:00:00                      ,Struck Pedestrian,Sunday,PED NEAR SIDE. PED HIT BY VEHICLE FROM THE RIGHT.      ,1B,N,10.0,Unknown,1,2,0,01,Pedestrians, ,Other injury,26-29,3186.0,M,MELBOURNE,MELB_URBAN,-37.8175195,144.9672098,3000,Unknown,Not Required,Not known,FLINDERS,SWANSTON,STREET,STREET,Collision,Not Applicable
T20090033016,2009-08-25,10:00:00                      ,Struck Pedestrian,Tuesday,PED NEAR SIDE. PED HIT BY VEHICLE FROM THE RIGHT.      ,1A,C,9.0,Day,1,2,1,01,Pedestrians,Y,Other injury,26-29,3060.0,M,MELBOURNE,MELBOURNE_CBD,-37.81939013,144.9571063,3000,Dry,Vehicle entering intersection,Clear,KING,FLINDERS,STREET,LANE,Collision,Not Applicable
T20090033074,2009-08-26,15:45:00                      ,Struck Pedestrian,Wednesday,VEH STRIKES PED ON FOOTPATH/MEDIAN/TRAFFIC ISLAND.,1B,L,1.0,Day,1,4,1,01,Pedestrians,Y,Serious injury,70+,,F,MELBOURNE,MELB_URBAN,-37.81031669,144.9613588,3000,Dry,Vehicle moving foward - out of control,Clear,ELIZABETH,LA TROBE,STREET,STREET,Collision,Not Applicable
T20090033074,2009-08-26,15:45:00                      ,Struck Pedestrian,Wednesday,VEH STRIKES PED ON FOOTPATH/MEDIAN/TRAFFIC ISLAND.,1B,L,1.0,Day,1,4,1,02,Pedestrians,N,Other injury,70+,,M,MELBOURNE,MELB_URBAN,-37.81031669,144.9613588,3000,Dry,Vehicle moving foward - out of control,Clear,ELIZABETH,LA TROBE,STREET,STREET,Collision,Not Applicable
T20090033074,2009-08-26,15:45:00                      ,Struck Pedestrian,Wednesday,VEH STRIKES PED ON FOOTPATH/MEDIAN/TRAFFIC ISLAND.,1B,L,1.0,Day,1,4,1,03,Pedestrians,N,Other injury,60-64,,M,MELBOURNE,MELB_URBAN,-37.81031669,144.9613588,3000,Dry,Vehicle moving foward - out of control,Clear,ELIZABETH,LA TROBE,STREET,STREET,Collision,Not Applicable
T20090033608,2009-08-30,10:07:00                      ,Struck Pedestrian,Sunday,PED STRUCK WALKING TO/FROM OR BOARDING/ALIGHTING VEHICLE.  ,1A,K,10.0,Day,1,2,1,01,Pedestrians,Y,Other injury,40-49,,M,MELBOURNE,MELB_URBAN,-37.81823593,144.9647481,3000,Dry,Pedestrian emerged from behindtram,Clear,FLINDERS,FLINDERS,STREET,COURT,Collision,Not Applicable
T20090033651,2009-07-23,20:10:00                      ,Struck Pedestrian,Thursday,PED STRUCK WALKING TO/FROM OR BOARDING/ALIGHTING VEHICLE.  ,2B,G,6.0,Dark Street lights on,1,2,0,01,Pedestrians, ,Other injury,50-59,,F,MELBOURNE,MELB_URBAN,-37.79713484,144.9673309,3053,Dry,Pedestrian stepped off safety zone/tram shelter,Clear,ELGIN,LYGON,STREET,STREET,Collision,Not Applicable
T20090033772,2009-08-31,14:30:00                      ,Struck Pedestrian,Monday,PED NEAR SIDE. PED HIT BY VEHICLE FROM THE RIGHT.      ,1B,V,7.0,Day,1,2,0,01,Pedestrians,N,Other injury,30-39,3138.0,F,MELBOURNE,MELB_URBAN,-37.81331563,144.9739525,3000,Dry,Vehicle leaving intersection,Clear,SPRING,COLLINS,STREET,STREET,Collision,Not Applicable
T20090033913,2009-08-29,14:00:00                      ,Struck Pedestrian,Saturday,PED NEAR SIDE. PED HIT BY VEHICLE FROM THE RIGHT.      ,2L,F,1.0,Day,1,2,0,01,Pedestrians, ,Other injury,30-39,3130.0,F,MELBOURNE,MELB_URBAN,-37.83063297,144.9878452,3141,Dry,Vehicle leaving intersection,Clear,PUNT,ALEXANDRA,ROAD,AVENUE,Collision,Not Applicable
T20090033967,2008-09-12,22:50:00                      ,Struck Pedestrian,Friday,ANY MANOEUVRE INVOLVING PED NOT INCLUDED IN DCAs 100-108.  ,1B,N,3.0,Unknown,1,2,1,01,Pedestrians,Y,Other injury,17-21,3003.0,M,MELBOURNE,MELBOURNE_CBD,-37.81160592,144.9645781,3000,Unknown,Not Required,Not known,LONSDALE,SWANSTON,STREET,STREET,Collision,Not Applicable
T20090035161,2009-09-10,09:10:00                      ,Struck Pedestrian,Thursday,PED NEAR SIDE. PED HIT BY VEHICLE FROM THE RIGHT.      ,1A,F,1.0,Day,1,2,0,01,Pedestrians,N,Other injury,50-59,,M,MELBOURNE,MELB_URBAN,-37.8117548,144.9564464,3000,Dry,Vehicle entering intersection,Clear,LA TROBE,WILLIAM,STREET,STREET,Collision,Not Applicable
T20090035487,2009-09-12,20:05:00                      ,Struck Pedestrian,Saturday,PED NEAR SIDE. PED HIT BY VEHICLE FROM THE RIGHT.      ,2B,F,8.0,Dark Street lights on,1,3,0,02,Pedestrians, ,Other injury,17-21,3053.0,F,MELBOURNE,MELB_URBAN,-37.80074287,144.9669242,3053,Dry,Vehicle leaving intersection,Clear,GRATTAN,LYGON,STREET,STREET,Collision,Not Applicable
T20090035496,2009-09-12,21:10:00                      ,Struck Pedestrian,Saturday,PED PLAYING/LYING/WORKING/STANDING ON CARRIAGEWAY.,29,G,11.0,Dark Street lights on,1,2,0,01,Pedestrians,N,Other injury,17-21,3019.0,F,MELBOURNE,MELB_URBAN,-37.78173973,144.9597585,3052,Dry,Pedestrian standing,Clear,ROYAL,IEVERS,PARADE,STREET,Collision,Not Applicable
T20090035605,2009-09-13,16:30:00                      ,Struck Pedestrian,Sunday,PED EMERGES FROM IN FRONT OF PARKED OR STATIONARY VEHICLE  ,1B,L,3.0,Day,1,2,0,01,Pedestrians,N,Other injury,17-21,,M,MELBOURNE,MELBOURNE_CBD,-37.81211024,144.9621792,3000,Dry,Pedestrian emerged from behind car etc,Clear,ELIZABETH,LONSDALE,STREET,STREET,Collision,Not Applicable
T20090035871,2009-09-15,17:45:00                      ,Struck Pedestrian,Tuesday,ANY MANOEUVRE INVOLVING PED NOT INCLUDED IN DCAs 100-108.  ,1B,L,3.0,Dusk/Dawn,1,4,0,03,Pedestrians,N,Other injury,30-39,3083.0,F,MELBOURNE,MELBOURNE_CBD,-37.81228152,144.9622574,3000,Dry,Not Required,Clear,ELIZABETH,LONSDALE,STREET,STREET,Collision,Not Applicable
T20090035939,2009-09-16,11:20:00                      ,Struck Pedestrian,Wednesday,PED NEAR SIDE. PED HIT BY VEHICLE FROM THE RIGHT.      ,28,G,11.0,Day,1,3,1,02,Pedestrians,Y,Serious injury,17-21,3030.0,F,MELBOURNE,MELB_URBAN,-37.78084973,144.9150004,3031,Dry,Not Required,Clear,EPSOM,PORTAL,ROAD,STREET,Collision,Not Applicable
T20090036003,2009-09-15,18:30:00                      ,Struck Pedestrian,Tuesday,FAR SIDE. PED HIT BY VEHICLE FROM THE LEFT         ,1B,N,5.0,Dark Street lights on,1,2,0,01,Pedestrians, ,Other injury,17-21,,F,MELBOURNE,MELBOURNE_CBD,-37.81310984,144.9654406,3000,Dry,Not Required,Clear,SWANSTON,TURNER,STREET,ALLEY,Collision,Not Applicable
T20090036008,2009-09-16,15:03:00                      ,Struck Pedestrian,Wednesday,PED NEAR SIDE. PED HIT BY VEHICLE FROM THE RIGHT.      ,2B,H,6.0,Day,1,2,1,01,Pedestrians,Y,Serious injury,26-29,,F,MELBOURNE,MELB_URBAN,-37.79761003,144.9704504,3053,Dry,Not Required,Clear,RATHDOWNE,ELGIN,STREET,STREET,Collision,Not Applicable
T20090036903,2009-09-22,17:30:00                      ,Struck Pedestrian,Tuesday,PED EMERGES FROM IN FRONT OF PARKED OR STATIONARY VEHICLE  ,28,G,11.0,Dusk/Dawn,1,2,0,01,Pedestrians,N,Other injury,50-59,3041.0,F,MELBOURNE,MELB_URBAN,-37.78058876,144.9147435,3031,Dry,Vehicle entering intersection,Clear,EPSOM,UNION,ROAD,ROAD,Collision,Not Applicable
T20090037095,2009-09-24,11:15:00                      ,Collision with vehicle,Thursday,OTHER ON PATH                        ,1A,A,9.0,Day,2,2,0,01,Pedestrians, ,Other injury,50-59,,M,MELBOURNE,MELB_URBAN,-37.82009847,144.9546215,3000,Wet,Any vehicle (include trailer or parked car),Raining,SPENCER,FLINDERS,STREET,LANE,Collision,Not Applicable
T20090037275,2009-09-25,09:00:00                      ,Struck Pedestrian,Friday,ANY MANOEUVRE INVOLVING PED NOT INCLUDED IN DCAs 100-108.  ,1A,C,10.0,Day,1,4,0,03,Pedestrians,N,Other injury,17-21,3977.0,M,MELBOURNE,MELB_URBAN,-37.82036386,144.9575584,3000,Dry,Not Required,Clear,KINGS,KING,WAY,STREET,Collision,Not Applicable
T20090037546,2009-09-18,22:33:00                      ,Struck Pedestrian,Friday,PED WALKING AGAINST TRAFFIC.                ,2G,D,4.0,Dark Street lights on,1,2,0,01,Pedestrians, ,Other injury,30-39,3030.0,M,MELBOURNE,MELB_URBAN,-37.81432958,144.9828861,3002,Dry,Not on Footpath,Clear,CLARENDON,HOTHAM,STREET,STREET,Collision,Not Applicable
T20090037694,2009-09-18,18:45:00                      ,Struck Pedestrian,Friday,PED NEAR SIDE. PED HIT BY VEHICLE FROM THE RIGHT.      ,1B,T,3.0,Dark Street lights on,1,2,0,01,Pedestrians, ,Not injured,50-59,,M,MELBOURNE,MELBOURNE_CBD,-37.81003269,144.9699813,3000,Dry,Not Required,Clear,LONSDALE,EXHIBITION,STREET,STREET,Collision,Not Applicable
T20090037990,2009-09-29,18:00:00                      ,Struck Pedestrian,Tuesday,PED EMERGES FROM IN FRONT OF PARKED OR STATIONARY VEHICLE  ,2L,A,5.0,Day,1,2,0,01,Pedestrians, ,Not injured,30-39,3149.0,M,MELBOURNE,MELB_URBAN,-37.83880941,144.9764826,3004,Dry,Pedestrian emerged from behind car etc,Clear,ST KILDA,SLATER,ROAD,STREET,Collision,Not Applicable
T20090038235,2009-10-02,18:40:00                      ,Struck Pedestrian,Friday,PED NEAR SIDE. PED HIT BY VEHICLE FROM THE RIGHT.      ,2B,H,5.0,Dark Street lights on,1,2,1,01,Pedestrians,Y,Serious injury,60-64,3147.0,F,MELBOURNE,MELB_URBAN,-37.7946219,144.9709997,3053,Dry,Vehicle entering intersection,Clear,NEILL,RATHDOWNE,STREET,STREET,Collision,Not Applicable
T20090038386,2009-10-03,20:40:00                      ,Struck Pedestrian,Saturday,ANY MANOEUVRE INVOLVING PED NOT INCLUDED IN DCAs 100-108.  ,1C,J,7.0,Dark Street lights on,1,5,1,04,Pedestrians,Y,Serious injury,22-25,3148.0,F,MELBOURNE,MELB_URBAN,-37.8267821,144.9591131,3006,Dry,,Clear,CITY,CLARKE,ROAD,STREET,Collision,Not Applicable
T20090038407,2009-10-04,03:25:00                      ,Struck Pedestrian,Sunday,PED PLAYING/LYING/WORKING/STANDING ON CARRIAGEWAY.,1A,K,3.0,Dark Street lights on,1,3,1,02,Pedestrians,Y,Serious injury,22-25,,M,MELBOURNE,MELBOURNE_CBD,-37.81247255,144.9616012,3000,Dry,Pedestrian working/pushing or working on vehicle,Clear,LONSDALE,NIAGARA,STREET,LANE,Collision,Not Applicable