KEYAccidentNumber,DATAccidentDate_accident,TIMAccidentTime_accident,CATAccidentTypeDesc_accident,CATDayOfWeek_accident,CATDCADesc_accident,CATMelwaysPage_accident,CATMelwaysGridRef_X_accident,CATMelwaysGridRef_Y_accident,CATLightConditionDesc_accident,NUMVehiclesInvolved_accident,NUMPersonsInvolved_accident,NUMPersonsInjured_accident,KEYPersonID_person,CATRoadUserTypeDesc_person,CATTakenHospital_person,CATInjuryLevelDesc_person,CATAgeGroup_person,CATPostcode_person,CATGender_person,CATLGAName_node,CATDEGUrbanName_node,NUMLatitude_node,NUMLongitude_node,CATPostcode_node,CATSurfaceConditionDesc_surface,CATSubDCACodeDesc_subdca,CATAtmosphericConditionDesc_atmosphere,CATRoadName_acclocation,CATRoadNameInt_acclocation,CATRoadType_acclocation,CATRoadTypeInt_acclocation,CATEventTypeDesc_accevent,CATObjectTypeDesc_accevent
T20090038539,2009-10-05,09:30:00                      ,Struck Pedestrian,Monday,PED NEAR SIDE. PED HIT BY VEHICLE FROM THE RIGHT.      ,1B,V,10.0,Day,1,2,0,01,Pedestrians, ,Other injury,50-59,,F,MELBOURNE,MELB_URBAN,-37.81528988,144.9748674,3000,Dry,Vehicle entering intersection,Clear,WELLINGTON,SPRING,PARADE,STREET,Collision,Not Applicable
T20090038872,2009-10-07,10:10:00                      ,Struck Pedestrian,Wednesday,PED EMERGES FROM IN FRONT OF PARKED OR STATIONARY VEHICLE  ,2A,H,8.0,Day,1,2,1,01,Pedestrians,Y,Other injury,40-49,3030.0,M,MELBOURNE,MELB_URBAN,-37.8007906,144.9482899,3051,Dry,Pedestrian emerged from behindbus,Clear,ARDEN,CURZON,STREET,STREET,Collision,Not Applicable
T20090039132,2009-10-09,08:25:00                      ,Struck Pedestrian,Friday,PED NEAR SIDE. PED HIT BY VEHICLE FROM THE RIGHT.      ,2B,F,5.0,Day,1,2,0,01,Pedestrians, ,Other injury,22-25,,F,MELBOURNE,MELB_URBAN,-37.79562639,144.9648068,3053,Dry,Vehicle leaving intersection,Clear,UNNAMED,SWANSTON,,STREET,Collision,Not Applicable
T20090039209,2009-10-09,09:30:00                      ,Struck Pedestrian,Friday,PED NEAR SIDE. PED HIT BY VEHICLE FROM THE RIGHT.      ,2L,A,6.0,Day,1,2,0,01,Pedestrians,N,Serious injury,30-39,,M,MELBOURNE,MELB_URBAN,-37.84066981,144.9771608,3004,Dry,Pedestrian stepped off safety zone/tram shelter,Clear,ST KILDA,LEOPOLD,ROAD,STREET,Collision,Not Applicable
T20090039560,2009-10-12,08:04:00                      ,Struck Pedestrian,Monday,PED NEAR SIDE. PED HIT BY VEHICLE FROM THE RIGHT.      ,2A,E,2.0,Day,1,2,0,01,Pedestrians,N,Other injury,13-15,,F,MELBOURNE,MELB_URBAN,-37.78940375,144.9421661,3051,Dry,Vehicle leaving intersection,Clear,RACECOURSE,FLEMINGTON,ROAD,ROAD,Collision,Not Applicable
T20090040085,2009-10-15,09:00:00                      ,Struck Pedestrian,Thursday,ANY MANOEUVRE INVOLVING PED NOT INCLUDED IN DCAs 100-108.  ,2T,G,5.0,Day,1,4,0,02,Pedestrians, ,Other injury,40-49,3031.0,F,MELBOURNE,MELB_URBAN,-37.79494003,144.92418,3031,Dry,Not Required,Clear,CAIRNCROSS,THE RIDGEWAY,LANE,,Collision,Not Applicable
T20090040085,2009-10-15,09:00:00                      ,Struck Pedestrian,Thursday,ANY MANOEUVRE INVOLVING PED NOT INCLUDED IN DCAs 100-108.  ,2T,G,5.0,Day,1,4,0,03,Pedestrians, ,Other injury,13-15,3031.0,M,MELBOURNE,MELB_URBAN,-37.79494003,144.92418,3031,Dry,Not Required,Clear,CAIRNCROSS,THE RIDGEWAY,LANE,,Collision,Not Applicable
T20090040233,2009-10-16,10:24:00                      ,Struck Pedestrian,Friday,PED NEAR SIDE. PED HIT BY VEHICLE FROM THE RIGHT.      ,1A,G,10.0,Day,1,2,0,01,Pedestrians,N,Other injury,30-39,3079.0,F,MELBOURNE,MELB_URBAN,-37.81930118,144.9610876,3000,Dry,Vehicle leaving intersection,Clear,FLINDERS,MARKET,STREET,STREET,Collision,Not Applicable
T20090040997,2009-10-21,18:05:00                      ,Struck Pedestrian,Wednesday,PED NEAR SIDE. PED HIT BY VEHICLE FROM THE RIGHT.      ,2F,C,1.0,Day,1,2,0,01,Pedestrians,N,Other injury,40-49,3149.0,F,MELBOURNE,MELB_URBAN,-37.80990208,144.958611,3000,Dry,Not Required,Clear,ABECKETT,QUEEN,STREET,STREET,Collision,Not Applicable
T20090041000,2009-10-21,18:18:00                      ,Struck Pedestrian,Wednesday,ANY MANOEUVRE INVOLVING PED NOT INCLUDED IN DCAs 100-108.  ,1C,K,7.0,Dusk/Dawn,1,2,1,01,Pedestrians,Y,Serious injury,26-29,4220.0,F,MELBOURNE,MELB_URBAN,-37.82597584,144.9600697,3006,Dry,,Clear,CITY,MORAY,ROAD,STREET,Collision,Not Applicable
T20090041695,2009-10-26,11:23:00                      ,Struck Pedestrian,Monday,FAR SIDE. PED HIT BY VEHICLE FROM THE LEFT         ,1C,H,8.0,Day,1,2,0,01,Pedestrians,N,Other injury,22-25,,F,MELBOURNE,MELB_URBAN,-37.82764335,144.9580985,3006,Dry,Vehicle entering intersection,Clear,CLARENDON,CITY,STREET,ROAD,Collision,Not Applicable
T20090042069,2009-10-28,17:05:00                      ,Struck Pedestrian,Wednesday,PED NEAR SIDE. PED HIT BY VEHICLE FROM THE RIGHT.      ,1B,L,7.0,Day,1,2,1,01,Pedestrians,Y,Serious injury,22-25,,F,MELBOURNE,MELBOURNE_CBD,-37.81621754,144.9640683,3000,Dry,Vehicle entering intersection,Clear,COLLINS,ELIZABETH,STREET,STREET,Collision,Not Applicable
T20090042277,2009-10-30,09:30:00                      ,Struck Pedestrian,Friday,FAR SIDE. PED HIT BY VEHICLE FROM THE LEFT         ,1D,V,10.0,Day,1,2,0,01,Pedestrians,N,Other injury,26-29,3912.0,F,MELBOURNE,MELB_URBAN,-37.82589987,144.9712207,3004,Snowy,Pedestrian stepped off safety zone/tram shelter,Raining,ST KILDA,GOVERNMENT HOUSE,ROAD,DRIVE,Collision,Not Applicable
T20090042450,2009-10-31,12:45:00                      ,Struck Pedestrian,Saturday,PED NEAR SIDE. PED HIT BY VEHICLE FROM THE RIGHT.      ,1B,P,4.0,Day,1,2,0,01,Pedestrians, ,Other injury,40-49,,F,MELBOURNE,MELBOURNE_CBD,-37.81232971,144.9659199,3000,Dry,Not Required,Clear,LITTLE BOURKE,TATTERSALLS,STREET,LANE,Collision,Not Applicable
T20090042533,2009-10-30,10:15:00                      ,Struck Pedestrian,Friday,PED NEAR SIDE. PED HIT BY VEHICLE FROM THE RIGHT.      ,2B,G,10.0,Day,1,2,0,01,Pedestrians, ,Other injury,unknown,3144.0,M,MELBOURNE,MELB_URBAN,-37.80462024,144.9677722,3053,Dry,Vehicle reversing,Clear,DRUMMOND,GROSVENOR,STREET,PLACE,Collision,Not Applicable
T20090043301,2009-11-04,09:30:00                      ,Struck Pedestrian,Wednesday,PED NEAR SIDE. PED HIT BY VEHICLE FROM THE RIGHT.      ,1A,A,5.0,Day,1,2,1,01,Pedestrians,Y,Serious injury,17-21,3000.0,F,MELBOURNE,MELB_URBAN,-37.81709201,144.9532397,3000,Dry,Vehicle entering intersection,Clear,SPENCER,BOURKE,STREET,STREET,Collision,Not Applicable
T20090043438,2009-11-08,11:40:00                      ,Struck Pedestrian,Sunday,FAR SIDE. PED HIT BY VEHICLE FROM THE LEFT         ,2B,F,8.0,Day,1,3,1,01,Pedestrians,Y,Serious injury,26-29,3053.0,M,MELBOURNE,MELB_URBAN,-37.80058525,144.9654536,3053,Dry,Vehicle leaving intersection,Clear,CARDIGAN,GRATTAN,STREET,STREET,Collision,Not Applicable
T20090043439,2009-11-08,10:45:00                      ,Struck Pedestrian,Sunday,PED NEAR SIDE. PED HIT BY VEHICLE FROM THE RIGHT.      ,2B,B,8.0,Day,1,3,0,02,Pedestrians,N,Other injury,30-39,3055.0,F,MELBOURNE,MELB_URBAN,-37.7997167,144.9575562,3000,Dry,Vehicle leaving intersection,Clear,ELIZABETH,ROYAL,STREET,PARADE,Collision,Not Applicable
T20090043990,2009-11-11,11:14:00                      ,Collision with a fixed object,Wednesday,LEFT OFF CARRIAGEWAY INTO OBJECT/PARKED VEHICLE       ,1A,A,5.0,Day,2,5,2,03,Pedestrians,Y,Other injury,40-49,3147.0,F,MELBOURNE,MELB_URBAN,-37.81691985,144.9531605,3000,Dry,Traffic signs (No parking No standing etc),Clear,SPENCER,BOURKE,STREET,STREET,Ran off carriageway,Not Applicable
T20090044469,2009-11-12,20:00:00                      ,Struck Pedestrian,Thursday,PED PLAYING/LYING/WORKING/STANDING ON CARRIAGEWAY.,2A,J,7.0,Dusk/Dawn,1,2,1,01,Pedestrians,Y,Serious injury,17-21,3051.0,M,MELBOURNE,MELB_URBAN,-37.79880147,144.9493197,3051,Dry,Pedestrian lying,Clear,HAINES,MOLESWORTH,STREET,STREET,Collision,Not Applicable
T20090044659,2009-11-16,12:50:00                      ,Struck Pedestrian,Monday,PED STRUCK WALKING TO/FROM OR BOARDING/ALIGHTING VEHICLE.  ,1A,D,10.0,Day,1,5,1,01,Pedestrians,Y,Serious injury,13-15,,F,MELBOURNE,MELB_URBAN,-37.82016809,144.958271,3000,Dry,Pedestrian emerged from behindtram,Clear,FLINDERS,HIGHLANDER,STREET,LANE,Collision,Not Applicable
T20090044678,2009-11-16,16:25:00                      ,Struck Pedestrian,Monday,VEH STRIKES PED ON FOOTPATH/MEDIAN/TRAFFIC ISLAND.,1B,N,2.0,Day,1,2,0,01,Pedestrians,N,Other injury,22-25,,F,MELBOURNE,MELBOURNE_CBD,-37.81064803,144.9640191,3000,Dry,Vehicle moving foward - out of control,Clear,LITTLE LONSDALE,DREWERY,STREET,LANE,Ran off carriageway,Not Applicable
T20090044829,2009-11-17,11:00:00                      ,Struck Pedestrian,Tuesday,ANY MANOEUVRE INVOLVING PED NOT INCLUDED IN DCAs 100-108.  ,1B,Q,3.0,Day,1,2,0,01,Pedestrians,N,Other injury,30-39,,F,MELBOURNE,MELBOURNE_CBD,-37.81099723,144.9666687,3000,Dry,Not Required,Clear,LONSDALE,WARATAH,STREET,PLACE,Collision,Not Applicable
T20090044920,2009-11-18,12:32:00                      ,Struck Pedestrian,Wednesday,PED NEAR SIDE. PED HIT BY VEHICLE FROM THE RIGHT.      ,2L,B,8.0,Day,1,3,0,02,Pedestrians,N,Other injury,22-25,3053.0,F,MELBOURNE,MELB_URBAN,-37.84485173,144.9786855,3004,Dry,Vehicle entering intersection,Clear,COMMERCIAL,ST KILDA,ROAD,ROAD,Collision,Not Applicable
T20090046040,2009-11-12,09:00:00                      ,Struck Pedestrian,Thursday,PED EMERGES FROM IN FRONT OF PARKED OR STATIONARY VEHICLE  ,1B,T,8.0,Day,1,2,0,01,Pedestrians, ,Other injury,30-39,3101.0,M,MELBOURNE,MELBOURNE_CBD,-37.81468102,144.9717665,3000,Dry,Vehicle reversing,Clear,EXHIBITION,STRACHAN,STREET,LANE,Collision,Not Applicable
T20090046099,2009-11-26,00:35:00                      ,Struck Pedestrian,Thursday,ANY MANOEUVRE INVOLVING PED NOT INCLUDED IN DCAs 100-108.  ,1A,H,10.0,Dark Street lights on,1,3,0,04,Pedestrians,N,Other injury,22-25,3177.0,M,MELBOURNE,MELB_URBAN,-37.81883431,144.962692,3000,Dry,Not Required,Clear,FLINDERS,QUEEN,STREET,STREET,Collision,Not Applicable
T20090046926,2009-12-01,10:20:00                      ,Struck Pedestrian,Tuesday,PED PLAYING/LYING/WORKING/STANDING ON CARRIAGEWAY.,2K,J,1.0,Day,1,2,0,01,Pedestrians, ,Other injury,30-39,3021.0,M,MELBOURNE,MELB_URBAN,-37.83228015,144.9718,3004,Dry,Pedestrian working/pushing or working on vehicle,Clear,ST KILDA,PARK,ROAD,STREET,Collision,Not Applicable
T20090047196,2009-12-02,19:10:00                      ,Struck Pedestrian,Wednesday,FAR SIDE. PED HIT BY VEHICLE FROM THE LEFT         ,2B,C,11.0,Dusk/Dawn,1,5,2,01,Pedestrians,N,Other injury,30-39,3021.0,F,MELBOURNE,MELB_URBAN,-37.80544497,144.9600905,3000,Dry,Vehicle leaving intersection,Clear,BERKELEY,LEICESTER,STREET,STREET,Collision,Not Applicable
T20090047196,2009-12-02,19:10:00                      ,Struck Pedestrian,Wednesday,FAR SIDE. PED HIT BY VEHICLE FROM THE LEFT         ,2B,C,11.0,Dusk/Dawn,1,5,2,02,Pedestrians,N,Other injury,64-69,,F,MELBOURNE,MELB_URBAN,-37.80544497,144.9600905,3000,Dry,Vehicle leaving intersection,Clear,BERKELEY,LEICESTER,STREET,STREET,Collision,Not Applicable
T20090047196,2009-12-02,19:10:00                      ,Struck Pedestrian,Wednesday,FAR SIDE. PED HIT BY VEHICLE FROM THE LEFT         ,2B,C,11.0,Dusk/Dawn,1,5,2,03,Pedestrians,Y,Serious injury,0-4,,M,MELBOURNE,MELB_URBAN,-37.80544497,144.9600905,3000,Dry,Vehicle leaving intersection,Clear,BERKELEY,LEICESTER,STREET,STREET,Collision,Not Applicable
T20090047196,2009-12-02,19:10:00                      ,Struck Pedestrian,Wednesday,FAR SIDE. PED HIT BY VEHICLE FROM THE LEFT         ,2B,C,11.0,Dusk/Dawn,1,5,2,04,Pedestrians,Y,Other injury,5-12,,F,MELBOURNE,MELB_URBAN,-37.80544497,144.9600905,3000,Dry,Vehicle leaving intersection,Clear,BERKELEY,LEICESTER,STREET,STREET,Collision,Not Applicable
T20090047249,2009-12-03,14:20:00                      ,Struck Pedestrian,Thursday,PED NEAR SIDE. PED HIT BY VEHICLE FROM THE RIGHT.      ,2B,B,8.0,Day,1,2,0,01,Pedestrians, ,Other injury,17-21,3054.0,F,MELBOURNE,MELB_URBAN,-37.7997167,144.9575562,3000,Dry,Vehicle leaving intersection,Clear,ELIZABETH,ROYAL,STREET,PARADE,Collision,Not Applicable
T20090048145,2009-12-09,13:10:00                      ,Struck Pedestrian,Wednesday,PED EMERGES FROM IN FRONT OF PARKED OR STATIONARY VEHICLE  ,1B,L,2.0,Day,1,2,0,01,Pedestrians,N,Other injury,17-21,,F,MELBOURNE,MELBOURNE_CBD,-37.81176904,144.9620233,3000,Dry,Pedestrian emerged from behind car etc,Clear,ELIZABETH,LITTLE LONSDALE,STREET,STREET,Collision,Not Applicable
T20090048148,2009-12-09,15:10:00                      ,Struck Pedestrian,Wednesday,FAR SIDE. PED HIT BY VEHICLE FROM THE LEFT         ,1A,A,10.0,Day,1,2,1,01,Pedestrians,Y,Serious injury,50-59,3184.0,M,MELBOURNE,MELB_URBAN,-37.82097089,144.9550169,3008,Dry,Not Required,Clear,SPENCER,FLINDERS,STREET,STREET,Collision,Not Applicable
T20090048491,2009-12-11,21:00:00                      ,Struck Pedestrian,Friday,ANY MANOEUVRE INVOLVING PED NOT INCLUDED IN DCAs 100-108.  ,1A,C,10.0,Dusk/Dawn,1,2,0,01,Pedestrians, ,Other injury,22-25,3183.0,M,MELBOURNE,MELB_URBAN,-37.82036386,144.9575584,3000,Wet,Not Required,Raining,KINGS,KING,WAY,STREET,Collision,Not Applicable
T20090048514,2009-12-11,20:20:00                      ,Struck Pedestrian,Friday,PED WALKING WITH TRAFFIC                  ,1D,V,9.0,Dark Street lights on,1,2,1,01,Pedestrians,Y,Serious injury,17-21,,F,MELBOURNE,MELB_URBAN,-37.8249543,144.9708804,3004,Dry,Not on Footpath,Clear,ST KILDA,GRANT,ROAD,STREET,Collision,Not Applicable
T20090048517,2009-12-12,01:00:00                      ,Struck Pedestrian,Saturday,PED NEAR SIDE. PED HIT BY VEHICLE FROM THE RIGHT.      ,1A,A,3.0,Dark Street lights on,1,2,1,01,Pedestrians,Y,Serious injury,unknown,3182.0,F,MELBOURNE,MELB_URBAN,-37.81513671,144.9523409,3000,Dry,Vehicle entering intersection,Clear,SPENCER,LONSDALE,STREET,STREET,Collision,Not Applicable
T20090048569,2009-12-11,22:20:00                      ,Struck Pedestrian,Friday,PED EMERGES FROM IN FRONT OF PARKED OR STATIONARY VEHICLE  ,1B,Q,4.0,Dark Street lights on,1,2,1,01,Pedestrians,Y,Serious injury,26-29,3181.0,M,MELBOURNE,MELBOURNE_CBD,-37.81182344,144.9676518,3000,Dry,Vehicle leaving intersection,Clear,LITTLE BOURKE,RUSSELL,STREET,STREET,Collision,Not Applicable
T20090048702,2009-12-12,03:45:00                      ,Struck Pedestrian,Saturday,ANY MANOEUVRE INVOLVING PED NOT INCLUDED IN DCAs 100-108.  ,1B,N,3.0,Dark Street lights on,1,2,0,01,Pedestrians, ,Other injury,26-29,,M,MELBOURNE,MELBOURNE_CBD,-37.811561,144.9647324,3000,Dry,Not Required,Clear,LONSDALE,SWANSTON,STREET,STREET,Collision,Not Applicable
T20090048738,2009-12-13,21:12:00                      ,Struck Pedestrian,Sunday,FAR SIDE. PED HIT BY VEHICLE FROM THE LEFT         ,1B,Q,3.0,Dark Street lights on,1,3,1,02,Pedestrians,Y,Serious injury,50-59,3194.0,M,MELBOURNE,MELBOURNE_CBD,-37.81090325,144.9669915,3000,Dry,Pedestrian emerged from behind car etc,Clear,LONSDALE,WARATAH,STREET,PLACE,Collision,Not Applicable
T20090048954,2009-11-24,18:20:00                      ,Struck Pedestrian,Tuesday,PED WALKING WITH TRAFFIC                  ,1B,L,3.0,Dusk/Dawn,1,2,0,01,Pedestrians, ,Other injury,17-21,3000.0,M,MELBOURNE,MELBOURNE_CBD,-37.81228152,144.9622574,3000,Dry,Not on Footpath,Clear,ELIZABETH,LONSDALE,STREET,STREET,Collision,Not Applicable
T20090049401,2009-12-18,03:03:00                      ,Struck Pedestrian,Friday,PED EMERGES FROM IN FRONT OF PARKED OR STATIONARY VEHICLE  ,1A,B,7.0,Dark Street lights on,1,2,0,01,Pedestrians,N,Other injury,22-25,3148.0,M,MELBOURNE,MELBOURNE_CBD,-37.81872517,144.9553478,3000,Dry,Pedestrian emerged from behind car etc,Clear,COLLINS,SPENCER,STREET,STREET,Collision,Not Applicable
T20090050167,2009-12-17,15:55:00                      ,Struck Pedestrian,Thursday,PED EMERGES FROM IN FRONT OF PARKED OR STATIONARY VEHICLE  ,1B,V,5.0,Day,1,2,0,01,Pedestrians, ,Other injury,50-59,3429.0,F,MELBOURNE,MELB_URBAN,-37.8116612,144.9731859,3000,Wet,Pedestrian emerged from behind car etc,Raining,SPRING,BOURKE,STREET,STREET,Collision,Not Applicable
T20090050224,2009-12-23,15:06:00                      ,Struck Pedestrian,Wednesday,PED NEAR SIDE. PED HIT BY VEHICLE FROM THE RIGHT.      ,1B,N,9.0,Day,1,2,0,01,Pedestrians,N,Other injury,40-49,3205.0,M,MELBOURNE,MELBOURNE_CBD,-37.81648513,144.9669886,3000,Dry,Vehicle leaving intersection,Clear,FLINDERS,SWANSTON,LANE,STREET,Collision,Not Applicable
T20090050491,2009-12-25,20:36:00                      ,Struck Pedestrian,Friday,FAR SIDE. PED HIT BY VEHICLE FROM THE LEFT         ,1A,A,7.0,Day,1,2,0,01,Pedestrians, ,Other injury,60-64,,F,MELBOURNE,MELBOURNE_CBD,-37.81906984,144.9541489,3000,Dry,Vehicle leaving intersection,Clear,SPENCER,COLLINS,STREET,STREET,Collision,Not Applicable
T20090050603,2009-12-26,22:20:00                      ,Struck Pedestrian,Saturday,FAR SIDE. PED HIT BY VEHICLE FROM THE LEFT         ,2G,G,7.0,Dark Street lights on,1,4,1,03,Pedestrians,Y,Serious injury,30-39,3818.0,M,MELBOURNE,MELB_URBAN,-37.82028953,144.9895717,3002,Dry,Vehicle leaving intersection,Clear,PUNT,ROWENA,ROAD,PARADE,Collision,Not Applicable
T20090050869,2009-12-29,01:30:00                      ,Struck Pedestrian,Tuesday,PED NEAR SIDE. PED HIT BY VEHICLE FROM THE RIGHT.      ,2A,H,12.0,Dark Street lights on,1,2,0,01,Pedestrians, ,Other injury,26-29,,M,MELBOURNE,MELB_URBAN,-37.80760151,144.9477282,3003,Dry,Vehicle entering intersection,Clear,SPENCER,RODEN,STREET,STREET,Collision,Not Applicable
T20100000058,2009-12-31,21:30:00                      ,Struck Pedestrian,Thursday,PED PLAYING/LYING/WORKING/STANDING ON CARRIAGEWAY.,1B,T,12.0,Dark Street lights on,1,2,1,01,Pedestrians,Y,Serious injury,60-64,3053.0,M,MELBOURNE,MELB_URBAN,-37.81747669,144.9739329,3000,Wet,Pedestrian standing,Raining,BATMAN,TENNIS CENTRE ACCESS,AVENUE,ROAD,Collision,Not Applicable
T20100000107,2010-01-01,01:00:00                      ,Struck Pedestrian,Friday,FAR SIDE. PED HIT BY VEHICLE FROM THE LEFT         ,1D,Q,5.0,Dark Street lights on,2,3,0,01,Pedestrians,N,Serious injury,17-21,3012.0,F,MELBOURNE,MELB_URBAN,-37.82276345,144.963684,3006,Wet,Not Required,Raining,CITY,SOUTHBANK,ROAD,BOULEVARD,Collision,Not Applicable
T20100000121,2009-12-31,21:50:00                      ,Struck Pedestrian,Thursday,FAR SIDE. PED HIT BY VEHICLE FROM THE LEFT         ,2E,C,4.0,Dark Street lights on,1,3,0,01,Pedestrians, ,Other injury,26-29,,M,MELBOURNE,MELB_URBAN,-37.8148236,144.9377111,3008,Wet,Vehicle entering intersection,Raining,DOCKLANDS,PEARL RIVER,DRIVE,ROAD,Collision,Not Applicable
T20100000330,2010-01-04,09:50:00                      ,Struck Pedestrian,Monday,PED NEAR SIDE. PED HIT BY VEHICLE FROM THE RIGHT.      ,2F,K,2.0,Day,1,2,1,01,Pedestrians, ,Not injured,70+,6050.0,F,MELBOURNE,MELB_URBAN,-37.8111116,144.9752244,3002,Dry,Not Required,Clear,MACARTHUR,GISBORNE,STREET,STREET,Collision,Not Applicable
T20100000378,2010-01-04,10:00:00                      ,Struck Pedestrian,Monday,PED NEAR SIDE. PED HIT BY VEHICLE FROM THE RIGHT.      ,1B,L,1.0,Day,1,2,0,01,Pedestrians, ,Other injury,30-39,3141.0,F,MELBOURNE,MELB_URBAN,-37.81031669,144.9613588,3000,Dry,Vehicle entering intersection,Clear,ELIZABETH,LA TROBE,STREET,STREET,Collision,Not Applicable
T20100000539,2010-01-05,18:07:00                      ,Struck Pedestrian,Tuesday,FAR SIDE. PED HIT BY VEHICLE FROM THE LEFT         ,1B,T,4.0,Day,1,2,0,01,Pedestrians,N,Other injury,40-49,,F,MELBOURNE,MELBOURNE_CBD,-37.81110428,144.9701085,3000,Dry,Vehicle leaving intersection,Clear,EXHIBITION,LITTLE BOURKE,STREET,STREET,Collision,Not Applicable
T20100000577,2009-12-25,03:45:00                      ,Struck Pedestrian,Friday,PED NEAR SIDE. PED HIT BY VEHICLE FROM THE RIGHT.      ,2L,B,8.0,Dark Street lights on,1,2,1,01,Pedestrians,Y,Other injury,30-39,3181.0,M,MELBOURNE,MELB_URBAN,-37.84492683,144.9792607,3004,Unknown,,Clear,COMMERCIAL,ST KILDA FWD,ROAD,ROAD SERVICE ROAD,Collision,Not Applicable
T20100000671,2010-01-07,04:15:00                      ,Struck Pedestrian,Thursday,ANY MANOEUVRE INVOLVING PED NOT INCLUDED IN DCAs 100-108.  ,1B,N,6.0,Dark Street lights on,2,1,1,01,Pedestrians,Y,Serious injury,22-25,3057.0,M,MELBOURNE,MELBOURNE_CBD,-37.81438724,144.9665071,3000,Dry,Not Required,Clear,LITTLE COLLINS,RAINBOW ALT,STREET,ALLEY,Collision,Not Applicable
T20100000718,2010-01-06,07:00:00                      ,Struck Pedestrian,Wednesday,ANY MANOEUVRE INVOLVING PED NOT INCLUDED IN DCAs 100-108.  ,1A,F,9.0,Dusk/Dawn,1,2,0,01,Pedestrians, ,Other injury,30-39,3206.0,M,MELBOURNE,MELBOURNE_CBD,-37.81883084,144.9596571,3000,Dry,Not Required,Clear,WILLIAM,FLINDERS,STREET,LANE,Collision,Not Applicable
T20100001698,2010-01-15,15:30:00                      ,Struck Pedestrian,Friday,PED NEAR SIDE. PED HIT BY VEHICLE FROM THE RIGHT.      ,2A,B,5.0,Day,1,2,1,01,Pedestrians,Y,Serious injury,50-59,,M,MELBOURNE,MELB_URBAN,-37.79497549,144.9348596,3031,Dry,Vehicle entering intersection,Clear,MACAULAY,STUBBS,ROAD,STREET,Collision,Not Applicable
T20100001939,2010-01-17,16:16:00                      ,Struck Pedestrian,Sunday,FAR SIDE. PED HIT BY VEHICLE FROM THE LEFT         ,2L,A,5.0,Day,1,2,0,01,Pedestrians,N,Serious injury,22-25,,M,MELBOURNE,MELB_URBAN,-37.83903151,144.976792,3004,Dry,Vehicle entering intersection,Clear,SLATER,ST KILDA FWD,STREET,ROAD SERVICE ROAD,Collision,Not Applicable
T20100002027,2010-01-18,10:45:00                      ,Struck Pedestrian,Monday,PED NEAR SIDE. PED HIT BY VEHICLE FROM THE RIGHT.      ,2T,K,1.0,Day,1,2,0,01,Pedestrians,N,Other injury,60-64,3031.0,F,MELBOURNE,MELB_URBAN,-37.78815849,144.9294826,3031,Wet,Vehicle leaving intersection,Raining,RACECOURSE,EASTWOOD,ROAD,STREET,Collision,Not Applicable
T20100002215,2009-10-13,22:30:00                      ,Struck Pedestrian,Tuesday,ANY MANOEUVRE INVOLVING PED NOT INCLUDED IN DCAs 100-108.  ,1B,S,7.0,Dark Street lights unknown,1,2,0,01,Pedestrians,N,Other injury,64-69,3002.0,F,MELBOURNE,MELBOURNE_CBD,-37.81440845,144.9702363,3000,Dry,Not Required,Not known,ALFRED,COLLINS,PLACE,STREET,Collision,Not Applicable
T20100002589,2010-01-21,08:55:00                      ,Struck Pedestrian,Thursday,PED NEAR SIDE. PED HIT BY VEHICLE FROM THE RIGHT.      ,1B,L,1.0,Day,1,2,0,01,Pedestrians,N,Other injury,70+,3204.0,F,MELBOURNE,MELB_URBAN,-37.81031669,144.9613588,3000,Dry,Vehicle leaving intersection,Clear,ELIZABETH,LA TROBE,STREET,STREET,Collision,Not Applicable
T20100003024,2010-01-26,04:00:00                      ,Struck Pedestrian,Tuesday,ANY MANOEUVRE INVOLVING PED NOT INCLUDED IN DCAs 100-108.  ,1A,F,7.0,Dark Street lights on,1,5,0,05,Pedestrians,N,Other injury,22-25,3197.0,M,MELBOURNE,MELBOURNE_CBD,-37.81715717,144.9588869,3000,Dry,Not Required,Clear,ST JAMES,WILLIAM,LANE,STREET,Collision,Not Applicable
T20100003044,2010-01-25,21:56:00                      ,Collision with vehicle,Monday,RIGHT OFF CARRIAGEWAY INTO OBJECT/PARKED VEHICLE      ,2B,F,7.0,Dark Street lights on,4,5,2,02,Pedestrians,Y,Other injury,26-29,3153.0,F,MELBOURNE,MELB_URBAN,-37.79859401,144.9665459,3053,Dry,Median mounted/struck,Clear,DORRIT,FARADAY,STREET,STREET,Ran off carriageway,Not Applicable
T20100003044,2010-01-25,21:56:00                      ,Collision with vehicle,Monday,RIGHT OFF CARRIAGEWAY INTO OBJECT/PARKED VEHICLE      ,2B,F,7.0,Dark Street lights on,4,5,2,03,Pedestrians, ,Other injury,50-59,3085.0,M,MELBOURNE,MELB_URBAN,-37.79859401,144.9665459,3053,Dry,Median mounted/struck,Clear,DORRIT,FARADAY,STREET,STREET,Ran off carriageway,Not Applicable
T20100003121,2010-01-26,19:15:00                      ,Struck Pedestrian,Tuesday,PED EMERGES FROM IN FRONT OF PARKED OR STATIONARY VEHICLE  ,2B,G,6.0,Day,1,3,0,02,Pedestrians,Y,Fatality,70+,3054.0,F,MELBOURNE,MELB_URBAN,-37.7971423,144.9673996,3053,Dry,Pedestrian emerged from behind car etc,Clear,ELGIN,LYGON,STREET,STREET,Collision,Not Applicable