KEYAccidentNumber,DATAccidentDate_accident,TIMAccidentTime_accident,CATAccidentTypeDesc_accident,CATDayOfWeek_accident,CATDCADesc_accident,CATMelwaysPage_accident,CATMelwaysGridRef_X_accident,CATMelwaysGridRef_Y_accident,CATLightConditionDesc_accident,NUMVehiclesInvolved_accident,NUMPersonsInvolved_accident,NUMPersonsInjured_accident,KEYPersonID_person,CATRoadUserTypeDesc_person,CATTakenHospital_person,CATInjuryLevelDesc_person,CATAgeGroup_person,CATPostcode_person,CATGender_person,CATLGAName_node,CATDEGUrbanName_node,NUMLatitude_node,NUMLongitude_node,CATPostcode_node,CATSurfaceConditionDesc_surface,CATSubDCACodeDesc_subdca,CATAtmosphericConditionDesc_atmosphere,CATRoadName_acclocation,CATRoadNameInt_acclocation,CATRoadType_acclocation,CATRoadTypeInt_acclocation,CATEventTypeDesc_accevent,CATObjectTypeDesc_accevent
T20100003617,2010-01-29,20:27:00                      ,Struck Pedestrian,Friday,PED NEAR SIDE. PED HIT BY VEHICLE FROM THE RIGHT.      ,2B,K,7.0,Dark Street lights on,1,2,0,01,Pedestrians,N,Serious injury,22-25,,F,MELBOURNE,MELB_URBAN,-37.79795209,144.9748771,3053,Dry,Vehicle leaving intersection,Clear,NICHOLSON,JOHNSTON,STREET,STREET,Collision,Not Applicable
T20100003747,2010-02-01,03:00:00                      ,Struck Pedestrian,Monday,FAR SIDE. PED HIT BY VEHICLE FROM THE LEFT         ,1B,T,5.0,Dark Street lights on,1,2,1,01,Pedestrians,Y,Serious injury,30-39,,M,MELBOURNE,MELBOURNE_CBD,-37.81208682,144.9705638,3000,Wet,Vehicle leaving intersection,Raining,BOURKE,EXHIBITION,STREET,STREET,Collision,Not Applicable
T20100003750,2010-02-01,03:00:00                      ,Struck Pedestrian,Monday,ANY MANOEUVRE INVOLVING PED NOT INCLUDED IN DCAs 100-108.  ,1B,N,7.0,Dark Street lights on,1,2,0,01,Pedestrians, ,Other injury,50-59,,F,MELBOURNE,MELBOURNE_CBD,-37.81543092,144.9667504,3000,Dry,Not Required,Clear,COLLINS,SWANSTON,STREET,STREET,Collision,Not Applicable
T20100004941,2010-02-09,10:15:00                      ,Struck Pedestrian,Tuesday,PED NEAR SIDE. PED HIT BY VEHICLE FROM THE RIGHT.      ,1B,Q,3.0,Day,1,3,0,01,Pedestrians, ,Other injury,30-39,,M,MELBOURNE,MELBOURNE_CBD,-37.81084195,144.967202,3000,Dry,Vehicle leaving intersection,Clear,LONSDALE,RUSSELL,STREET,STREET,Collision,Not Applicable
T20100005282,2010-02-11,11:50:00                      ,Struck Pedestrian,Thursday,PED EMERGES FROM IN FRONT OF PARKED OR STATIONARY VEHICLE  ,2L,A,5.0,Day,1,3,0,01,Pedestrians,N,Serious injury,30-39,3195.0,F,MELBOURNE,MELB_URBAN,-37.83874981,144.9764608,3004,Dry,Pedestrian emerged from behind car etc,Clear,ST KILDA,SLATER,ROAD,STREET,Collision,Not Applicable
T20100005282,2010-02-11,11:50:00                      ,Struck Pedestrian,Thursday,PED EMERGES FROM IN FRONT OF PARKED OR STATIONARY VEHICLE  ,2L,A,5.0,Day,1,3,0,02,Pedestrians,N,Other injury,5-12,,M,MELBOURNE,MELB_URBAN,-37.83874981,144.9764608,3004,Dry,Pedestrian emerged from behind car etc,Clear,ST KILDA,SLATER,ROAD,STREET,Collision,Not Applicable
T20100005374,2010-02-11,17:00:00                      ,Struck Pedestrian,Thursday,PED PLAYING/LYING/WORKING/STANDING ON CARRIAGEWAY.,2A,E,11.0,Day,1,2,0,01,Pedestrians, ,Other injury,40-49,3338.0,F,MELBOURNE,MELB_URBAN,-37.80676062,144.9421888,3003,Wet,Pedestrian standing,Raining,RAILWAY,DRYBURGH,PLACE,STREET,Collision,Not Applicable
T20100005570,2010-02-13,11:30:00                      ,Struck Pedestrian,Saturday,FAR SIDE. PED HIT BY VEHICLE FROM THE LEFT         ,2G,D,5.0,Day,1,2,0,01,Pedestrians,N,Other injury,50-59,,M,MELBOURNE,MELB_URBAN,-37.81609518,144.9826136,3002,Wet,Vehicle entering intersection,Raining,WELLINGTON,WELLINGTON S,PARADE,PARADE,Collision,Not Applicable
T20100005605,2010-01-29,21:56:00                      ,Struck Pedestrian,Friday,FAR SIDE. PED HIT BY VEHICLE FROM THE LEFT         ,1B,T,3.0,Dark Street lights on,2,3,1,01,Pedestrians,Y,Serious injury,30-39,3015.0,F,MELBOURNE,MELBOURNE_CBD,-37.81012748,144.9696558,3000,Dry,Vehicle turning left,Clear,EXHIBITION,LONSDALE,STREET,STREET,Collision,Not Applicable
T20100005720,2010-02-14,18:30:00                      ,Struck Pedestrian,Sunday,PED NEAR SIDE. PED HIT BY VEHICLE FROM THE RIGHT.      ,1B,L,10.0,Day,1,2,0,01,Pedestrians, ,Other injury,unknown,,U,MELBOURNE,MELB_URBAN,-37.81817138,144.9649699,3000,Dry,Vehicle leaving intersection,Clear,ELIZABETH,FLINDERS,STREET,STREET,Collision,Not Applicable
T20100005753,2010-02-14,01:35:00                      ,Struck Pedestrian,Sunday,PED NEAR SIDE. PED HIT BY VEHICLE FROM THE RIGHT.      ,1C,H,4.0,Dark Street lights on,1,2,0,01,Pedestrians,N,Serious injury,40-49,3260.0,M,MELBOURNE,MELB_URBAN,-37.82406955,144.9564515,3006,Dry,Not Required,Clear,CLARENDON,CLARENDON,STREET,STREET,Collision,Not Applicable
T20100006036,2010-02-09,20:19:00                      ,Struck Pedestrian,Tuesday,ANY MANOEUVRE INVOLVING PED NOT INCLUDED IN DCAs 100-108.  ,2B,A,12.0,Dark Street lights on,1,2,0,01,Pedestrians,N,Other injury,22-25,3000.0,M,MELBOURNE,MELB_URBAN,-37.80764992,144.9545403,3003,Dry,Not Required,Clear,WILLIAM,WALSH,STREET,STREET,Collision,Not Applicable
T20100006230,2010-02-17,17:30:00                      ,Struck Pedestrian,Wednesday,PED NEAR SIDE. PED HIT BY VEHICLE FROM THE RIGHT.      ,1A,F,7.0,Day,1,2,0,01,Pedestrians, ,Other injury,22-25,3075.0,F,MELBOURNE,MELBOURNE_CBD,-37.81764326,144.9591106,3000,Dry,Vehicle leaving intersection,Clear,COLLINS,WILLIAM,STREET,STREET,Collision,Not Applicable
T20100006708,2010-02-21,03:10:00                      ,Struck Pedestrian,Sunday,ANY MANOEUVRE INVOLVING PED NOT INCLUDED IN DCAs 100-108.  ,1A,G,5.0,Dark Street lights on,1,5,0,04,Pedestrians, ,Other injury,17-21,3199.0,M,MELBOURNE,MELBOURNE_CBD,-37.81526792,144.959638,3000,Dry,Not Required,Clear,BOURKE,NEW CHANCERY,STREET,LANE,Collision,Not Applicable
T20100007040,2010-02-24,12:30:00                      ,Struck Pedestrian,Wednesday,PED NEAR SIDE. PED HIT BY VEHICLE FROM THE RIGHT.      ,28,G,12.0,Day,1,2,1,01,Pedestrians,Y,Serious injury,70+,3032.0,M,MELBOURNE,MELB_URBAN,-37.78353886,144.9175419,3031,Dry,Vehicle turning right,Clear,EPSOM,SANDOWN,ROAD,ROAD,Collision,Not Applicable
T20100007090,2010-02-24,15:21:00                      ,Struck Pedestrian,Wednesday,PED NEAR SIDE. PED HIT BY VEHICLE FROM THE RIGHT.      ,1A,A,3.0,Day,1,2,0,01,Pedestrians, ,Other injury,17-21,3000.0,F,MELBOURNE,MELB_URBAN,-37.81513671,144.9523409,3000,Dry,Vehicle leaving intersection,Clear,SPENCER,LONSDALE,STREET,STREET,Collision,Not Applicable
T20100007096,2010-02-24,18:10:00                      ,Struck Pedestrian,Wednesday,PED NEAR SIDE. PED HIT BY VEHICLE FROM THE RIGHT.      ,2F,C,1.0,Dusk/Dawn,1,2,0,01,Pedestrians, ,Other injury,50-59,3032.0,F,MELBOURNE,MELB_URBAN,-37.80876866,144.9583494,3000,Dry,Not Required,Clear,FRANKLIN,QUEEN,STREET,STREET,Collision,Not Applicable
T20100007290,2010-02-25,21:40:00                      ,Struck Pedestrian,Thursday,PED EMERGES FROM IN FRONT OF PARKED OR STATIONARY VEHICLE  ,2K,K,3.0,Dark Street lights on,1,2,0,01,Pedestrians,N,Other injury,30-39,3004.0,M,MELBOURNE,MELB_URBAN,-37.83482115,144.9746679,3004,Dry,Pedestrian emerged from behind car etc,Clear,ST KILDA,BROMBY,ROAD,STREET,Collision,Not Applicable
T20100007939,2010-03-02,17:05:00                      ,Struck Pedestrian,Tuesday,PED NEAR SIDE. PED HIT BY VEHICLE FROM THE RIGHT.      ,2A,B,5.0,Day,1,3,0,02,Pedestrians,N,Other injury,40-49,3061.0,F,MELBOURNE,MELB_URBAN,-37.79497549,144.9348596,3031,Dry,Vehicle leaving intersection,Clear,MACAULAY,STUBBS,ROAD,STREET,Collision,Not Applicable
T20100009113,2010-03-09,14:37:00                      ,Struck Pedestrian,Tuesday,FAR SIDE. PED HIT BY VEHICLE FROM THE LEFT         ,2B,E,8.0,Day,1,3,1,02,Pedestrians,Y,Serious injury,17-21,3020.0,F,MELBOURNE,MELB_URBAN,-37.80042682,144.9639756,3052,Dry,Vehicle entering intersection,Clear,GRATTAN,SWANSTON,STREET,STREET,Collision,Not Applicable
T20100009403,2010-03-10,21:30:00                      ,Struck Pedestrian,Wednesday,FAR SIDE. PED HIT BY VEHICLE FROM THE LEFT         ,2B,C,11.0,Dusk/Dawn,1,2,1,01,Pedestrians,Y,Other injury,22-25,3052.0,F,MELBOURNE,MELB_URBAN,-37.80629321,144.9595039,3000,Dry,Vehicle entering intersection,Clear,ELIZABETH,VICTORIA,STREET,STREET,Collision,Not Applicable
T20100009880,2010-03-12,20:50:00                      ,Struck Pedestrian,Friday,PED NEAR SIDE. PED HIT BY VEHICLE FROM THE RIGHT.      ,1B,Q,5.0,Dark Street lights on,1,4,1,01,Pedestrians,Y,Serious injury,40-49,6101.0,F,MELBOURNE,MELBOURNE_CBD,-37.81280765,144.9681028,3000,Dry,Vehicle leaving intersection,Clear,BOURKE,RUSSELL,STREET,STREET,Collision,Not Applicable
T20100009949,2010-03-15,11:20:00                      ,Struck Pedestrian,Monday,PED PLAYING/LYING/WORKING/STANDING ON CARRIAGEWAY.,1B,L,9.0,Day,1,3,1,02,Pedestrians,Y,Serious injury,26-29,3066.0,M,MELBOURNE,MELBOURNE_CBD,-37.81762115,144.964716,3000,Dry,Pedestrian standing,Clear,ELIZABETH,FLINDERS,STREET,LANE,Collision,Not Applicable
T20100010006,2010-03-16,09:25:00                      ,Struck Pedestrian,Tuesday,PED NEAR SIDE. PED HIT BY VEHICLE FROM THE RIGHT.      ,2B,H,4.0,Day,1,2,0,01,Pedestrians,N,Other injury,5-12,3053.0,M,MELBOURNE,MELB_URBAN,-37.79257889,144.9713489,3053,Dry,Vehicle leaving intersection,Clear,PRINCES,RATHDOWNE,STREET,STREET,Collision,Not Applicable
T20100010428,2010-03-18,14:20:00                      ,Struck Pedestrian,Thursday,FAR SIDE. PED HIT BY VEHICLE FROM THE LEFT         ,2G,F,8.0,Day,1,2,1,01,Pedestrians,Y,Serious injury,13-15,3807.0,M,MELBOURNE,MELB_URBAN,-37.82311932,144.989097,3002,Dry,Vehicle leaving intersection,Clear,PUNT,BRUNTON,ROAD,AVENUE,Collision,Not Applicable
T20100010930,2010-03-20,16:15:00                      ,Struck Pedestrian,Saturday,PED NEAR SIDE. PED HIT BY VEHICLE FROM THE RIGHT.      ,1A,A,1.0,Day,1,2,0,01,Pedestrians,N,Other injury,17-21,3053.0,F,MELBOURNE,MELB_URBAN,-37.81316686,144.9514354,3000,Dry,Vehicle within intersection,Clear,SPENCER,LA TROBE,STREET,STREET,Collision,Not Applicable
T20100011052,2010-03-23,09:55:00                      ,Struck Pedestrian,Tuesday,FAR SIDE. PED HIT BY VEHICLE FROM THE LEFT         ,1A,F,5.0,Day,1,2,0,01,Pedestrians,N,Other injury,40-49,,M,MELBOURNE,MELBOURNE_CBD,-37.81568057,144.9582074,3000,Dry,Vehicle entering intersection,Clear,BOURKE,WILLIAM,STREET,STREET,Collision,Not Applicable
T20100011614,2010-03-26,13:05:00                      ,Struck Pedestrian,Friday,PED NEAR SIDE. PED HIT BY VEHICLE FROM THE RIGHT.      ,2E,K,1.0,Day,1,2,0,01,Pedestrians,N,Other injury,unknown,,F,MELBOURNE,MELB_URBAN,-37.81038715,144.9527687,3003,Dry,Pedestrian stepped off safety zone/tram shelter,Clear,BATMAN,KING,STREET,STREET,Collision,Not Applicable
T20100011662,2010-03-26,22:25:00                      ,Struck Pedestrian,Friday,ANY MANOEUVRE INVOLVING PED NOT INCLUDED IN DCAs 100-108.  ,2G,G,2.0,Dark Street lights on,1,4,0,03,Pedestrians,N,Other injury,50-59,2072.0,F,MELBOURNE,MELB_URBAN,-37.81094628,144.9911387,3002,Dry,Not Required,Clear,HODDLE,ELIZABETH,STREET,STREET,Collision,Not Applicable
T20100011928,2010-03-29,06:50:00                      ,Struck Pedestrian,Monday,PED NEAR SIDE. PED HIT BY VEHICLE FROM THE RIGHT.      ,1A,C,9.0,Dusk/Dawn,1,6,1,01,Pedestrians,Y,Serious injury,26-29,2505.0,M,MELBOURNE,MELBOURNE_CBD,-37.8197291,144.9572631,3000,Wet,Not Required,Raining,KING,MERCANTILE,STREET,PLACE,Collision,Not Applicable
T20100011928,2010-03-29,06:50:00                      ,Struck Pedestrian,Monday,PED NEAR SIDE. PED HIT BY VEHICLE FROM THE RIGHT.      ,1A,C,9.0,Dusk/Dawn,1,6,1,02,Pedestrians, ,Not injured,22-25,2530.0,M,MELBOURNE,MELBOURNE_CBD,-37.8197291,144.9572631,3000,Wet,Not Required,Raining,KING,MERCANTILE,STREET,PLACE,Collision,Not Applicable
T20100011928,2010-03-29,06:50:00                      ,Struck Pedestrian,Monday,PED NEAR SIDE. PED HIT BY VEHICLE FROM THE RIGHT.      ,1A,C,9.0,Dusk/Dawn,1,6,1,03,Pedestrians, ,Not injured,26-29,2505.0,M,MELBOURNE,MELBOURNE_CBD,-37.8197291,144.9572631,3000,Wet,Not Required,Raining,KING,MERCANTILE,STREET,PLACE,Collision,Not Applicable
T20100011928,2010-03-29,06:50:00                      ,Struck Pedestrian,Monday,PED NEAR SIDE. PED HIT BY VEHICLE FROM THE RIGHT.      ,1A,C,9.0,Dusk/Dawn,1,6,1,04,Pedestrians, ,Not injured,22-25,2505.0,M,MELBOURNE,MELBOURNE_CBD,-37.8197291,144.9572631,3000,Wet,Not Required,Raining,KING,MERCANTILE,STREET,PLACE,Collision,Not Applicable
T20100011928,2010-03-29,06:50:00                      ,Struck Pedestrian,Monday,PED NEAR SIDE. PED HIT BY VEHICLE FROM THE RIGHT.      ,1A,C,9.0,Dusk/Dawn,1,6,1,05,Pedestrians, ,Not injured,22-25,2530.0,M,MELBOURNE,MELBOURNE_CBD,-37.8197291,144.9572631,3000,Wet,Not Required,Raining,KING,MERCANTILE,STREET,PLACE,Collision,Not Applicable
T20100012006,2010-03-29,13:10:00                      ,Struck Pedestrian,Monday,FAR SIDE. PED HIT BY VEHICLE FROM THE LEFT         ,2L,A,6.0,Day,1,3,0,01,Pedestrians,N,Other injury,30-39,3146.0,F,MELBOURNE,MELB_URBAN,-37.84134322,144.9774063,3004,Dry,Vehicle entering intersection,Clear,ST KILDA,LEOPOLD,ROAD,STREET,Collision,Not Applicable
T20100012435,2010-04-01,12:45:00                      ,Struck Pedestrian,Thursday,PED ON FOOTHPATH STRUCK BY VEHENTERING/LEAVING DRIVEWAY.  ,2G,G,2.0,Day,1,2,0,01,Pedestrians, ,Other injury,50-59,,M,MELBOURNE,MELB_URBAN,-37.81125711,144.991084,3002,Dry,Paved footpath,Clear,HODDLE,ALBERT,STREET,STREET,Collision,Not Applicable
T20100012645,2010-04-03,02:45:00                      ,Struck Pedestrian,Saturday,PED NEAR SIDE. PED HIT BY VEHICLE FROM THE RIGHT.      ,1B,N,10.0,Dark Street lights on,1,2,0,01,Pedestrians,N,Other injury,unknown,,U,MELBOURNE,MELB_URBAN,-37.81745307,144.967438,3000,Dry,Vehicle within intersection,Clear,FLINDERS,SWANSTON,STREET,STREET,Collision,Not Applicable
T20100012664,2010-04-03,09:47:00                      ,Struck Pedestrian,Saturday,FAR SIDE. PED HIT BY VEHICLE FROM THE LEFT         ,2B,B,8.0,Day,1,2,1,01,Pedestrians,Y,Serious injury,50-59,,M,MELBOURNE,MELB_URBAN,-37.7997167,144.9575562,3000,Dry,Vehicle leaving intersection,Clear,ELIZABETH,ROYAL,STREET,PARADE,Collision,Not Applicable
T20100013067,2010-03-31,14:00:00                      ,Struck Pedestrian,Wednesday,ANY MANOEUVRE INVOLVING PED NOT INCLUDED IN DCAs 100-108.  ,1B,N,3.0,Day,1,2,0,01,Pedestrians, ,Other injury,50-59,3000.0,M,MELBOURNE,MELBOURNE_CBD,-37.811561,144.9647324,3000,Dry,Not Required,Clear,LONSDALE,SWANSTON,STREET,STREET,Collision,Not Applicable
T20100013836,2010-04-12,10:55:00                      ,Struck Pedestrian,Monday,PED EMERGES FROM IN FRONT OF PARKED OR STATIONARY VEHICLE  ,2E,H,6.0,Day,1,2,0,01,Pedestrians, ,Other injury,50-59,3187.0,M,MELBOURNE,MELB_URBAN,-37.81868376,144.9477718,3008,Dry,Pedestrian emerged from behind car etc,Clear,BOURKE,STADIUM ACCESS,STREET,ROAD,Collision,Not Applicable
T20100013967,2010-02-14,01:15:00                      ,Struck Pedestrian,Sunday,FAR SIDE. PED HIT BY VEHICLE FROM THE LEFT         ,1A,C,9.0,Dark Street lights on,1,2,0,01,Pedestrians,N,Other injury,30-39,3030.0,M,MELBOURNE,MELBOURNE_CBD,-37.81939013,144.9571063,3000,Wet,Vehicle within intersection,Raining,KING,FLINDERS,STREET,LANE,Collision,Not Applicable
T20100014198,2010-04-14,09:00:00                      ,Struck Pedestrian,Wednesday,FAR SIDE. PED HIT BY VEHICLE FROM THE LEFT         ,2A,H,7.0,Day,1,2,1,01,Pedestrians,Y,Serious injury,5-12,3051.0,F,MELBOURNE,MELB_URBAN,-37.79832402,144.9490479,3051,Dry,Vehicle within intersection,Clear,HARKER,CURZON,STREET,STREET,Collision,Not Applicable
T20100014563,2010-04-17,15:20:00                      ,Struck Pedestrian,Saturday,PED NEAR SIDE. PED HIT BY VEHICLE FROM THE RIGHT.      ,28,G,11.0,Day,1,5,1,03,Pedestrians,Y,Serious injury,5-12,,M,MELBOURNE,MELB_URBAN,-37.78187963,144.9159719,3031,Dry,Vehicle entering intersection,Clear,EPSOM,ASCOT,ROAD,STREET,Collision,Not Applicable
T20100014563,2010-04-17,15:20:00                      ,Struck Pedestrian,Saturday,PED NEAR SIDE. PED HIT BY VEHICLE FROM THE RIGHT.      ,28,G,11.0,Day,1,5,1,04,Pedestrians, ,Not injured,22-25,3130.0,F,MELBOURNE,MELB_URBAN,-37.78187963,144.9159719,3031,Dry,Vehicle entering intersection,Clear,EPSOM,ASCOT,ROAD,STREET,Collision,Not Applicable
T20100014744,2010-04-18,17:50:00                      ,Struck Pedestrian,Sunday,PED STRUCK WALKING TO/FROM OR BOARDING/ALIGHTING VEHICLE.  ,2T,H,1.0,Dusk/Dawn,1,2,0,01,Pedestrians, ,Other injury,17-21,,F,MELBOURNE,MELB_URBAN,-37.78774163,144.9256097,3031,Unknown,Pedestrian emerged from behindtram,Clear,PRINCES HIGHWAY,RACECOURSE,WEST,ROAD,Collision,Not Applicable
T20100015220,2010-04-22,07:10:00                      ,Struck Pedestrian,Thursday,ANY MANOEUVRE INVOLVING PED NOT INCLUDED IN DCAs 100-108.  ,1B,V,7.0,Day,1,2,0,01,Pedestrians, ,Other injury,26-29,,F,MELBOURNE,MELB_URBAN,-37.81331563,144.9739525,3000,Dry,Not Required,Clear,SPRING,COLLINS,STREET,STREET,Collision,Not Applicable
T20100015520,2010-04-23,19:23:00                      ,Struck Pedestrian,Friday,FAR SIDE. PED HIT BY VEHICLE FROM THE LEFT         ,2B,E,10.0,Dark Street lights on,1,2,0,01,Pedestrians,N,Other injury,40-49,3056.0,M,MELBOURNE,MELB_URBAN,-37.80322015,144.963494,3053,Wet,Vehicle entering intersection,Raining,LINCOLN,SWANSTON,SQUARE,STREET,Collision,Not Applicable
T20100015755,2010-04-25,11:36:00                      ,Struck Pedestrian,Sunday,PED WALKING WITH TRAFFIC                  ,1D,V,6.0,Day,1,7,7,01,Pedestrians,Y,Serious injury,70+,3155.0,M,MELBOURNE,MELB_URBAN,-37.82253072,144.9697675,3004,Dry,Not on Footpath,Clear,ST KILDA,ST KILDA,ROAD,ROAD,Collision,Not Applicable
T20100015755,2010-04-25,11:36:00                      ,Struck Pedestrian,Sunday,PED WALKING WITH TRAFFIC                  ,1D,V,6.0,Day,1,7,7,02,Pedestrians,Y,Serious injury,70+,3802.0,M,MELBOURNE,MELB_URBAN,-37.82253072,144.9697675,3004,Dry,Not on Footpath,Clear,ST KILDA,ST KILDA,ROAD,ROAD,Collision,Not Applicable
T20100015755,2010-04-25,11:36:00                      ,Struck Pedestrian,Sunday,PED WALKING WITH TRAFFIC                  ,1D,V,6.0,Day,1,7,7,03,Pedestrians,Y,Serious injury,70+,3150.0,M,MELBOURNE,MELB_URBAN,-37.82253072,144.9697675,3004,Dry,Not on Footpath,Clear,ST KILDA,ST KILDA,ROAD,ROAD,Collision,Not Applicable
T20100015755,2010-04-25,11:36:00                      ,Struck Pedestrian,Sunday,PED WALKING WITH TRAFFIC                  ,1D,V,6.0,Day,1,7,7,04,Pedestrians,Y,Serious injury,70+,,M,MELBOURNE,MELB_URBAN,-37.82253072,144.9697675,3004,Dry,Not on Footpath,Clear,ST KILDA,ST KILDA,ROAD,ROAD,Collision,Not Applicable
T20100015755,2010-04-25,11:36:00                      ,Struck Pedestrian,Sunday,PED WALKING WITH TRAFFIC                  ,1D,V,6.0,Day,1,7,7,05,Pedestrians,Y,Serious injury,70+,3129.0,M,MELBOURNE,MELB_URBAN,-37.82253072,144.9697675,3004,Dry,Not on Footpath,Clear,ST KILDA,ST KILDA,ROAD,ROAD,Collision,Not Applicable
T20100015755,2010-04-25,11:36:00                      ,Struck Pedestrian,Sunday,PED WALKING WITH TRAFFIC                  ,1D,V,6.0,Day,1,7,7,06,Pedestrians,Y,Serious injury,64-69,,M,MELBOURNE,MELB_URBAN,-37.82253072,144.9697675,3004,Dry,Not on Footpath,Clear,ST KILDA,ST KILDA,ROAD,ROAD,Collision,Not Applicable
T20100016077,2010-04-27,23:10:00                      ,Struck Pedestrian,Tuesday,FAR SIDE. PED HIT BY VEHICLE FROM THE LEFT         ,1D,V,5.0,Dark Street lights on,1,2,0,01,Pedestrians,N,Other injury,16-17,3081.0,M,MELBOURNE,MELB_URBAN,-37.82129915,144.9692029,3004,Dry,Pedestrian stepped off safety zone/tram shelter,Clear,ST KILDA,ALEXANDRA,ROAD,AVENUE,Collision,Not Applicable
T20100016099,2010-04-28,09:00:00                      ,Struck Pedestrian,Wednesday,FAR SIDE. PED HIT BY VEHICLE FROM THE LEFT         ,1D,V,6.0,Day,1,2,1,01,Pedestrians,Y,Serious injury,26-29,3056.0,F,MELBOURNE,MELB_URBAN,-37.82236903,144.9696934,3004,Dry,Pedestrian stepped off median strip,Clear,ST KILDA,ST KILDA,ROAD,ROAD,Collision,Not Applicable
T20100016472,2010-04-28,13:10:00                      ,Struck Pedestrian,Wednesday,PED WALKING AGAINST TRAFFIC.                ,2B,A,12.0,Day,2,2,0,01,Pedestrians, ,Other injury,30-39,3072.0,M,MELBOURNE,MELB_URBAN,-37.80827047,144.9554742,3003,Dry,Footpath unknown,Clear,PEEL,DUDLEY,STREET,STREET,Collision,Not Applicable
T20100017055,2010-05-04,18:00:00                      ,Struck Pedestrian,Tuesday,FAR SIDE. PED HIT BY VEHICLE FROM THE LEFT         ,1A,C,7.0,Dark Street lights on,1,2,0,01,Pedestrians,N,Other injury,26-29,,F,MELBOURNE,MELBOURNE_CBD,-37.81835683,144.9566289,3000,Wet,Vehicle leaving intersection,Raining,KING,COLLINS,STREET,STREET,Collision,Not Applicable
T20100017611,2010-05-07,22:55:00                      ,Struck Pedestrian,Friday,PED NEAR SIDE. PED HIT BY VEHICLE FROM THE RIGHT.      ,1D,V,4.0,Dark Street lights on,2,6,1,04,Pedestrians,Y,Serious injury,40-49,3444.0,F,MELBOURNE,MELB_URBAN,-37.82042883,144.968804,3004,Wet,Not Required,Raining,ST KILDA,ALEXANDRA,ROAD,AVENUE,Collision,Not Applicable
T20100017871,2010-05-09,05:59:00                      ,Struck Pedestrian,Sunday,PED NEAR SIDE. PED HIT BY VEHICLE FROM THE RIGHT.      ,2G,G,2.0,Dark Street lights on,1,2,0,01,Pedestrians,N,Other injury,26-29,3124.0,F,MELBOURNE,MELB_URBAN,-37.81125711,144.991084,3002,Dry,Vehicle entering intersection,Clear,HODDLE,ALBERT,STREET,STREET,Collision,Not Applicable
T20100019520,2010-05-20,12:15:00                      ,Struck Pedestrian,Thursday,PED NEAR SIDE. PED HIT BY VEHICLE FROM THE RIGHT.      ,2B,D,10.0,Day,1,2,0,01,Pedestrians,N,Other injury,22-25,3083.0,M,MELBOURNE,MELB_URBAN,-37.80439483,144.9617822,3053,Dry,Vehicle within intersection,Clear,BOUVERIE,QUEENSBERRY,STREET,STREET,Collision,Not Applicable
T20100019541,2010-05-20,12:08:00                      ,Struck Pedestrian,Thursday,FAR SIDE. PED HIT BY VEHICLE FROM THE LEFT         ,1A,C,4.0,Day,3,5,0,01,Pedestrians, ,Other injury,16-17,3023.0,F,MELBOURNE,MELBOURNE_CBD,-37.8154039,144.955278,3000,Dry,Vehicle leaving intersection,Clear,KING,LITTLE BOURKE,STREET,STREET,Collision,Not Applicable
T20100019541,2010-05-20,12:08:00                      ,Struck Pedestrian,Thursday,FAR SIDE. PED HIT BY VEHICLE FROM THE LEFT         ,1A,C,4.0,Day,3,5,0,02,Pedestrians, ,Other injury,16-17,,F,MELBOURNE,MELBOURNE_CBD,-37.8154039,144.955278,3000,Dry,Vehicle leaving intersection,Clear,KING,LITTLE BOURKE,STREET,STREET,Collision,Not Applicable
T20100019638,2010-05-20,13:30:00                      ,Struck Pedestrian,Thursday,FAR SIDE. PED HIT BY VEHICLE FROM THE LEFT         ,1B,L,1.0,Day,1,3,1,01,Pedestrians,Y,Serious injury,17-21,3000.0,F,MELBOURNE,MELB_URBAN,-37.81031669,144.9613588,3000,Dry,Vehicle entering intersection,Clear,ELIZABETH,LA TROBE,STREET,STREET,Collision,Not Applicable
T20100019773,2010-05-21,23:00:00                      ,Struck Pedestrian,Friday,FAR SIDE. PED HIT BY VEHICLE FROM THE LEFT         ,2B,C,11.0,Dark Street lights on,1,2,1,01,Pedestrians,Y,Serious injury,26-29,,M,MELBOURNE,MELB_URBAN,-37.80615266,144.9584794,3000,Dry,Pedestrian stepped off median strip,Clear,VICTORIA,OCONNELL,STREET,STREET,Collision,Not Applicable
T20100020085,2010-05-24,09:40:00                      ,Collision with vehicle,Monday,CROSS TRAFFIC(INTERSECTIONS ONLY)              ,1C,K,7.0,Day,2,5,0,02,Pedestrians, ,Not injured,unknown,,U,MELBOURNE,MELB_URBAN,-37.82597584,144.9600697,3006,Dry,Not Required,Clear,CITY,MORAY,ROAD,STREET,Collision,Not Applicable
T20100020085,2010-05-24,09:40:00                      ,Collision with vehicle,Monday,CROSS TRAFFIC(INTERSECTIONS ONLY)              ,1C,K,7.0,Day,2,5,0,03,Pedestrians, ,Not injured,unknown,,U,MELBOURNE,MELB_URBAN,-37.82597584,144.9600697,3006,Dry,Not Required,Clear,CITY,MORAY,ROAD,STREET,Collision,Not Applicable