KEYAccidentNumber,DATAccidentDate_accident,TIMAccidentTime_accident,CATAccidentTypeDesc_accident,CATDayOfWeek_accident,CATDCADesc_accident,CATMelwaysPage_accident,CATMelwaysGridRef_X_accident,CATMelwaysGridRef_Y_accident,CATLightConditionDesc_accident,NUMVehiclesInvolved_accident,NUMPersonsInvolved_accident,NUMPersonsInjured_accident,KEYPersonID_person,CATRoadUserTypeDesc_person,CATTakenHospital_person,CATInjuryLevelDesc_person,CATAgeGroup_person,CATPostcode_person,CATGender_person,CATLGAName_node,CATDEGUrbanName_node,NUMLatitude_node,NUMLongitude_node,CATPostcode_node,CATSurfaceConditionDesc_surface,CATSubDCACodeDesc_subdca,CATAtmosphericConditionDesc_atmosphere,CATRoadName_acclocation,CATRoadNameInt_acclocation,CATRoadType_acclocation,CATRoadTypeInt_acclocation,CATEventTypeDesc_accevent,CATObjectTypeDesc_accevent
T20100020153,2010-05-24,08:30:00                      ,Struck Pedestrian,Monday,PED NEAR SIDE. PED HIT BY VEHICLE FROM THE RIGHT.      ,2B,F,7.0,Day,1,2,0,01,Pedestrians, ,Other injury,22-25,3018.0,F,MELBOURNE,MELB_URBAN,-37.79851457,144.9658189,3053,Wet,Vehicle within intersection,Clear,CARDIGAN,FARADAY,STREET,STREET,Collision,Not Applicable
T20100020578,2010-05-26,17:12:00                      ,Struck Pedestrian,Wednesday,FAR SIDE. PED HIT BY VEHICLE FROM THE LEFT         ,2F,D,1.0,Dusk/Dawn,1,2,1,01,Pedestrians,Y,Serious injury,unknown,,U,MELBOURNE,MELB_URBAN,-37.8092496,144.9608666,3000,Dry,Vehicle leaving intersection,Clear,ABECKETT,ELIZABETH,STREET,STREET,Collision,Not Applicable
T20100020585,2010-05-26,22:55:00                      ,Struck Pedestrian,Wednesday,PED NEAR SIDE. PED HIT BY VEHICLE FROM THE RIGHT.      ,1C,H,5.0,Dark Street lights on,1,2,0,01,Pedestrians,N,Other injury,22-25,,F,MELBOURNE,MELB_URBAN,-37.82471915,144.9567529,3006,Dry,Not Required,Clear,CLARENDON,NORMANBY,STREET,ROAD,Collision,Not Applicable
T20100020777,2010-02-18,01:00:00                      ,Struck Pedestrian,Thursday,ANY MANOEUVRE INVOLVING PED NOT INCLUDED IN DCAs 100-108.  ,2A,F,8.0,Dark Street lights unknown,3,1,0,01,Pedestrians, ,Other injury,50-59,3844.0,M,MELBOURNE,MELB_URBAN,-37.80030062,144.9439783,3051,Unknown,Not Required,Not known,DRYBURGH,MACAULAY,STREET,ROAD,Collision,Not Applicable
T20100021347,2010-05-28,22:45:00                      ,Struck Pedestrian,Friday,ANY MANOEUVRE INVOLVING PED NOT INCLUDED IN DCAs 100-108.  ,1C,J,7.0,Dark Street lights on,1,2,0,01,Pedestrians, ,Other injury,30-39,3029.0,M,MELBOURNE,MELB_URBAN,-37.8267821,144.9591131,3006,Wet,Not Required,Clear,CITY,CLARKE,ROAD,STREET,Collision,Not Applicable
T20100021395,2010-06-01,09:15:00                      ,Struck Pedestrian,Tuesday,PED NEAR SIDE. PED HIT BY VEHICLE FROM THE RIGHT.      ,1C,H,5.0,Day,1,2,1,01,Pedestrians,Y,Serious injury,22-25,3166.0,M,MELBOURNE,MELB_URBAN,-37.82518967,144.9569711,3006,Dry,Vehicle leaving intersection,Clear,CLARENDON,NORMANBY,STREET,ROAD,Collision,Not Applicable
T20100022382,2010-06-07,11:10:00                      ,Struck Pedestrian,Monday,PED EMERGES FROM IN FRONT OF PARKED OR STATIONARY VEHICLE  ,2G,D,2.0,Day,1,2,0,01,Pedestrians, ,Other injury,60-64,3133.0,F,MELBOURNE,MELB_URBAN,-37.81051492,144.9844709,3002,Dry,Pedestrian emerged from behind car etc,Clear,ALBERT,CLARENDON,STREET,STREET,Collision,Not Applicable
T20100022462,2010-06-08,08:25:00                      ,Struck Pedestrian,Tuesday,PED NEAR SIDE. PED HIT BY VEHICLE FROM THE RIGHT.      ,2B,E,7.0,Dusk/Dawn,1,2,1,01,Pedestrians,Y,Serious injury,26-29,3072.0,F,MELBOURNE,MELB_URBAN,-37.79835371,144.9643468,3052,Dry,Vehicle leaving intersection,Clear,SWANSTON,FARADAY,STREET,STREET,Collision,Not Applicable
T20100022958,2010-06-10,21:40:00                      ,Struck Pedestrian,Thursday,PED NEAR SIDE. PED HIT BY VEHICLE FROM THE RIGHT.      ,2E,K,8.0,Dark Street lights on,1,2,0,01,Pedestrians,N,Other injury,30-39,,M,MELBOURNE,MELB_URBAN,-37.82183295,144.9518346,3008,Dry,Vehicle entering intersection,Clear,WURUNDJERI,FLINDERS,WAY,STREET,Collision,Not Applicable
T20100023012,2010-06-11,13:05:00                      ,Struck Pedestrian,Friday,PED NEAR SIDE. PED HIT BY VEHICLE FROM THE RIGHT.      ,1B,L,1.0,Day,1,2,0,01,Pedestrians, ,Other injury,22-25,3106.0,F,MELBOURNE,MELB_URBAN,-37.81031669,144.9613588,3000,Wet,Vehicle entering intersection,Not known,ELIZABETH,LA TROBE,STREET,STREET,Collision,Not Applicable
T20100023229,2010-06-13,03:50:00                      ,Struck Pedestrian,Sunday,PED NEAR SIDE. PED HIT BY VEHICLE FROM THE RIGHT.      ,1C,H,6.0,Dark Street lights on,1,3,1,01,Pedestrians,Y,Other injury,17-21,3758.0,M,MELBOURNE,MELB_URBAN,-37.82601914,144.957353,3006,Dry,Pedestrian stepped off safety zone/tram shelter,Clear,CLARENDON,WHITEMAN,STREET,STREET,Collision,Not Applicable
T20100023237,2010-06-13,03:40:00                      ,Struck Pedestrian,Sunday,PED NEAR SIDE. PED HIT BY VEHICLE FROM THE RIGHT.      ,1A,G,7.0,Dark Street lights unknown,1,2,0,01,Pedestrians, ,Other injury,17-21,3000.0,F,MELBOURNE,MELBOURNE_CBD,-37.8173336,144.9601874,3000,Dry,Vehicle entering intersection,Clear,COLLINS,MARKET,STREET,STREET,Collision,Not Applicable
T20100024120,2010-06-19,16:00:00                      ,Struck Pedestrian,Saturday,PED NEAR SIDE. PED HIT BY VEHICLE FROM THE RIGHT.      ,1B,T,1.0,Dusk/Dawn,1,2,1,01,Pedestrians,Y,Other injury,50-59,3004.0,F,MELBOURNE,MELB_URBAN,-37.8081584,144.9687433,3000,Unknown,Vehicle leaving intersection,Not known,EXHIBITION,LA TROBE,STREET,STREET,Collision,Not Applicable
T20100024744,2010-06-23,12:25:00                      ,Struck Pedestrian,Wednesday,ANY MANOEUVRE INVOLVING PED NOT INCLUDED IN DCAs 100-108.  ,1C,H,3.0,Day,1,2,1,01,Pedestrians,Y,Serious injury,40-49,2071.0,F,MELBOURNE,MELB_URBAN,-37.82365079,144.9562573,3006,Dry,Not Required,Clear,CLARENDON,CLARENDON,STREET,STREET,Collision,Not Applicable
T20100025101,2010-06-26,00:39:00                      ,Struck Pedestrian,Saturday,PED NEAR SIDE. PED HIT BY VEHICLE FROM THE RIGHT.      ,1B,T,5.0,Dark Street lights on,1,2,0,01,Pedestrians,N,Serious injury,22-25,3851.0,M,MELBOURNE,MELBOURNE_CBD,-37.81208682,144.9705638,3000,Wet,Vehicle entering intersection,Clear,BOURKE,EXHIBITION,STREET,STREET,Collision,Not Applicable
T20100025393,2010-06-28,08:35:00                      ,Struck Pedestrian,Monday,ANY MANOEUVRE INVOLVING PED NOT INCLUDED IN DCAs 100-108.  ,1B,P,4.0,Day,1,2,0,01,Pedestrians, ,Other injury,64-69,3109.0,M,MELBOURNE,MELBOURNE_CBD,-37.81226066,144.9664976,3000,Dry,Not Required,Clear,LATROBE,CELESTIAL,PLACE,AVENUE,Collision,Not Applicable
T20100025402,2010-06-28,09:32:00                      ,Struck Pedestrian,Monday,FAR SIDE. PED HIT BY VEHICLE FROM THE LEFT         ,1B,N,7.0,Day,1,2,1,01,Pedestrians,Y,Serious injury,70+,3121.0,M,MELBOURNE,MELBOURNE_CBD,-37.81549255,144.9665403,3000,Dry,Vehicle leaving intersection,Clear,COLLINS,SWANSTON,STREET,STREET,Collision,Not Applicable
T20100025593,2010-06-29,13:10:00                      ,Struck Pedestrian,Tuesday,PED EMERGES FROM IN FRONT OF PARKED OR STATIONARY VEHICLE  ,1B,T,7.0,Day,1,2,1,01,Pedestrians,Y,Serious injury,22-25,3355.0,M,MELBOURNE,MELBOURNE_CBD,-37.81404704,144.9714728,3000,Dry,Vehicle entering intersection,Strong winds,COLLINS,EXHIBITION,STREET,STREET,Collision,Not Applicable
T20100025654,2010-06-30,07:05:00                      ,Struck Pedestrian,Wednesday,FAR SIDE. PED HIT BY VEHICLE FROM THE LEFT         ,1A,B,7.0,Dark Street lights on,1,2,1,01,Pedestrians,Y,Serious injury,40-49,,M,MELBOURNE,MELBOURNE_CBD,-37.81875035,144.9552602,3000,Wet,Not Required,Raining,COLLINS,SPENCER,STREET,STREET,Collision,Not Applicable
T20100025962,2010-07-02,10:35:00                      ,Struck Pedestrian,Friday,PED NEAR SIDE. PED HIT BY VEHICLE FROM THE RIGHT.      ,2B,H,12.0,Day,1,2,0,01,Pedestrians,N,Serious injury,22-25,3103.0,F,MELBOURNE,MELB_URBAN,-37.80749096,144.9706961,3000,Wet,Vehicle leaving intersection,Raining,VICTORIA,LA TROBE,STREET,STREET,Collision,Not Applicable
T20100025975,2010-07-02,13:00:00                      ,Struck Pedestrian,Friday,PED STRUCK WALKING TO/FROM OR BOARDING/ALIGHTING VEHICLE.  ,2B,E,7.0,Day,1,2,0,01,Pedestrians, ,Other injury,50-59,3127.0,M,MELBOURNE,MELB_URBAN,-37.79835371,144.9643468,3052,Wet,Pedestrian emerged from behindtram,Clear,SWANSTON,FARADAY,STREET,STREET,Collision,Not Applicable
T20100026343,2010-07-05,10:40:00                      ,Struck Pedestrian,Monday,PED NEAR SIDE. PED HIT BY VEHICLE FROM THE RIGHT.      ,1A,H,9.0,Day,1,2,0,01,Pedestrians, ,Other injury,40-49,3142.0,F,MELBOURNE,MELBOURNE_CBD,-37.81790987,144.9620286,3000,Dry,Vehicle leaving intersection,Clear,FLINDERS,QUEEN,LANE,STREET,Collision,Not Applicable
T20100026930,2010-07-08,09:00:00                      ,Struck Pedestrian,Thursday,PED NEAR SIDE. PED HIT BY VEHICLE FROM THE RIGHT.      ,2A,A,1.0,Day,1,2,0,01,Pedestrians, ,Other injury,40-49,3031.0,F,MELBOURNE,MELB_URBAN,-37.78834251,144.9322362,3031,Dry,Vehicle entering intersection,Clear,RACECOURSE,PRINCES,ROAD,STREET,Collision,Not Applicable
T20100026998,2010-07-09,15:30:00                      ,Struck Pedestrian,Friday,FAR SIDE. PED HIT BY VEHICLE FROM THE LEFT         ,1B,L,5.0,Day,1,2,0,01,Pedestrians,N,Other injury,30-39,,M,MELBOURNE,MELBOURNE_CBD,-37.81424771,144.9631593,3000,Dry,Vehicle entering intersection,Clear,BOURKE,ELIZABETH,STREET,STREET,Collision,Not Applicable
T20100027064,2010-07-10,03:15:00                      ,Struck Pedestrian,Saturday,FAR SIDE. PED HIT BY VEHICLE FROM THE LEFT         ,1B,T,3.0,Dark Street lights on,1,2,1,01,Pedestrians,Y,Serious injury,30-39,,M,MELBOURNE,MELBOURNE_CBD,-37.81012748,144.9696558,3000,Dry,Vehicle leaving intersection,Clear,EXHIBITION,LONSDALE,STREET,STREET,Collision,Not Applicable
T20100027589,2010-07-13,20:40:00                      ,Struck Pedestrian,Tuesday,PED NEAR SIDE. PED HIT BY VEHICLE FROM THE RIGHT.      ,1A,A,3.0,Dark Street lights on,1,2,1,01,Pedestrians,Y,Serious injury,40-49,3083.0,F,MELBOURNE,MELB_URBAN,-37.81496891,144.9522638,3000,Wet,Not Required,Raining,SPENCER,LONSDALE,STREET,STREET,Collision,Not Applicable
T20100028052,2010-07-16,17:39:00                      ,Struck Pedestrian,Friday,PED NEAR SIDE. PED HIT BY VEHICLE FROM THE RIGHT.      ,2B,E,10.0,Dark Street lights on,1,2,0,01,Pedestrians, ,Other injury,30-39,3000.0,M,MELBOURNE,MELB_URBAN,-37.80411987,144.9633388,3053,Dry,Not Required,Clear,SWANSTON,MONAHAN,STREET,LANE,Collision,Not Applicable
T20100028233,2010-07-17,20:06:00                      ,Struck Pedestrian,Saturday,ANY MANOEUVRE INVOLVING PED NOT INCLUDED IN DCAs 100-108.  ,2G,F,8.0,Dark Street lights on,1,6,1,05,Pedestrians,Y,Serious injury,50-59,3194.0,M,MELBOURNE,MELB_URBAN,-37.82311932,144.989097,3002,Dry,Not Required,Clear,PUNT,BRUNTON,ROAD,AVENUE,Collision,Not Applicable
T20100029216,2010-07-23,11:55:00                      ,Struck Pedestrian,Friday,ANY MANOEUVRE INVOLVING PED NOT INCLUDED IN DCAs 100-108.  ,2B,F,9.0,Unknown,1,2,0,01,Pedestrians, ,Other injury,17-21,3181.0,F,MELBOURNE,MELB_URBAN,-37.80144964,144.9668068,3053,Dry,Not Required,Clear,LYGON,LYGON,STREET,TERRACE,Collision,Not Applicable
T20100029432,2010-07-23,17:15:00                      ,Struck Pedestrian,Friday,PED NEAR SIDE. PED HIT BY VEHICLE FROM THE RIGHT.      ,1A,F,7.0,Day,1,2,0,01,Pedestrians, ,Other injury,26-29,3195.0,F,MELBOURNE,MELBOURNE_CBD,-37.81755125,144.9594306,3000,Dry,Not Required,Clear,COLLINS,GURNERS,STREET,LANE,Collision,Not Applicable
T20100029809,2010-07-26,11:50:00                      ,Struck Pedestrian,Monday,PED NEAR SIDE. PED HIT BY VEHICLE FROM THE RIGHT.      ,1A,F,7.0,Day,1,2,0,01,Pedestrians,N,Other injury,13-15,3137.0,F,MELBOURNE,MELBOURNE_CBD,-37.81764326,144.9591106,3000,Dry,Vehicle entering intersection,Clear,COLLINS,WILLIAM,STREET,STREET,Collision,Not Applicable
T20100031116,2010-05-06,08:40:00                      ,Fall from or in moving vehicle,Thursday,FELL IN/FROM VEHICLE                    ,2B,J,12.0,Day,1,2,1,01,Pedestrians,Y,Serious injury,70+,,M,MELBOURNE,MELB_URBAN,-37.80811486,144.9731565,3002,Unknown,Fell in vehicle,Clear,VICTORIA,NICHOLSON,PARADE,STREET,Fell in vehicle,Not Applicable
T20100031181,2010-08-05,12:56:00                      ,Struck Pedestrian,Thursday,FAR SIDE. PED HIT BY VEHICLE FROM THE LEFT         ,2F,J,1.0,Day,1,2,0,01,Pedestrians, ,Other injury,unknown,,U,MELBOURNE,MELB_URBAN,-37.80924477,144.9729709,3002,Unknown,Vehicle entering intersection,Not known,ALBERT,NICHOLSON,STREET,STREET,Collision,Not Applicable
T20100031730,2010-08-09,10:30:00                      ,Struck Pedestrian,Monday,ANY MANOEUVRE INVOLVING PED NOT INCLUDED IN DCAs 100-108.  ,1D,T,6.0,Day,1,2,1,01,Pedestrians,Y,Serious injury,50-59,3122.0,M,MELBOURNE,MELB_URBAN,-37.82338897,144.967386,3006,Dry,Not Required,Clear,STURT,SOUTHBANK ALT,STREET,BOULEVARD,Collision,Not Applicable
T20100032333,2010-08-12,18:30:00                      ,Struck Pedestrian,Thursday,FAR SIDE. PED HIT BY VEHICLE FROM THE LEFT         ,1D,V,6.0,Dark Street lights on,1,2,1,02,Pedestrians,Y,Serious injury,22-25,3104.0,F,MELBOURNE,MELB_URBAN,-37.82252969,144.9695511,3006,Dry,Pedestrian stepped off median strip,Clear,ST KILDA,SOUTHBANK,ROAD,BOULEVARD,Collision,Not Applicable
T20100032489,2010-08-13,17:50:00                      ,Struck Pedestrian,Friday,FAR SIDE. PED HIT BY VEHICLE FROM THE LEFT         ,1D,V,10.0,Dark Street lights on,1,2,0,01,Pedestrians,N,Other injury,30-39,3183.0,F,MELBOURNE,MELB_URBAN,-37.82612559,144.9712778,3004,Dry,Vehicle entering intersection,Clear,ST KILDA,WADEY,ROAD,STREET,Collision,Not Applicable
T20100032524,2010-08-13,06:20:00                      ,Struck Pedestrian,Friday,FAR SIDE. PED HIT BY VEHICLE FROM THE LEFT         ,2B,B,7.0,Dark Street lights on,1,2,1,01,Pedestrians,Y,Serious injury,50-59,3178.0,M,MELBOURNE,MELB_URBAN,-37.79923974,144.9576167,3052,Wet,Pedestrian emerged from behindmotorcycle,Clear,ROYAL,ELIZABETH,PARADE,STREET,Collision,Not Applicable
T20100032981,2010-08-17,10:40:00                      ,Struck Pedestrian,Tuesday,FAR SIDE. PED HIT BY VEHICLE FROM THE LEFT         ,2A,J,5.0,Day,1,2,1,01,Pedestrians,Y,Serious injury,16-17,,F,MELBOURNE,MELB_URBAN,-37.7955089,144.9498314,3051,Dry,Not Required,Clear,FLEMINGTON,FLEMINGTON,ROAD,ROAD,Collision,Not Applicable
T20100033032,2010-08-17,15:50:00                      ,Struck Pedestrian,Tuesday,PED EMERGES FROM IN FRONT OF PARKED OR STATIONARY VEHICLE  ,1B,M,10.0,Day,1,2,1,01,Pedestrians,Y,Serious injury,26-29,3071.0,F,MELBOURNE,MELB_URBAN,-37.81770621,144.9665683,3000,Dry,Not Required,Clear,FLINDERS,DEGRAVES,STREET,STREET,Collision,Not Applicable
T20100033528,2010-08-20,17:25:00                      ,Struck Pedestrian,Friday,FAR SIDE. PED HIT BY VEHICLE FROM THE LEFT         ,1A,C,6.0,Dark Street lights on,1,3,2,01,Pedestrians,Y,Serious injury,40-49,3338.0,M,MELBOURNE,MELBOURNE_CBD,-37.81736977,144.9561775,3000,Wet,Vehicle entering intersection,Raining,KING,LITTLE COLLINS,STREET,STREET,Collision,Not Applicable
T20100033528,2010-08-20,17:25:00                      ,Struck Pedestrian,Friday,FAR SIDE. PED HIT BY VEHICLE FROM THE LEFT         ,1A,C,6.0,Dark Street lights on,1,3,2,02,Pedestrians,Y,Other injury,30-39,3160.0,M,MELBOURNE,MELBOURNE_CBD,-37.81736977,144.9561775,3000,Wet,Vehicle entering intersection,Raining,KING,LITTLE COLLINS,STREET,STREET,Collision,Not Applicable
T20100033722,2010-08-22,01:48:00                      ,Struck Pedestrian,Sunday,ANY MANOEUVRE INVOLVING PED NOT INCLUDED IN DCAs 100-108.  ,1B,N,10.0,Dark Street lights on,1,2,1,01,Pedestrians,Y,Serious injury,17-21,,M,MELBOURNE,MELB_URBAN,-37.81745307,144.967438,3000,Dry,Not Required,Clear,FLINDERS,SWANSTON,STREET,STREET,Collision,Not Applicable
T20100034589,2010-08-28,04:05:00                      ,Struck Pedestrian,Saturday,FAR SIDE. PED HIT BY VEHICLE FROM THE LEFT         ,1B,Q,3.0,Dark Street lights on,1,2,0,01,Pedestrians,N,Serious injury,22-25,3004.0,F,MELBOURNE,MELBOURNE_CBD,-37.81109109,144.9673162,3000,Wet,Not Required,Raining,RUSSELL,BELMAN,STREET,PLACE,Collision,Not Applicable
T20100034664,2010-08-28,17:15:00                      ,Struck Pedestrian,Saturday,ANY MANOEUVRE INVOLVING PED NOT INCLUDED IN DCAs 100-108.  ,1B,Q,5.0,Day,2,3,1,01,Pedestrians,Y,Serious injury,40-49,,M,MELBOURNE,MELBOURNE_CBD,-37.81280765,144.9681028,3000,Dry,Not Required,Clear,BOURKE,RUSSELL,STREET,STREET,Collision,Not Applicable
T20100034903,2010-08-11,18:25:00                      ,Struck Pedestrian,Wednesday,ANY MANOEUVRE INVOLVING PED NOT INCLUDED IN DCAs 100-108.  ,1D,Q,5.0,Dark Street lights unknown,1,2,0,01,Pedestrians, ,Other injury,60-64,3193.0,M,MELBOURNE,MELB_URBAN,-37.82252732,144.9640787,3006,Unknown,Not Required,Clear,CITY,SOUTHBANK ALT,ROAD,BOULEVARD,Collision,Not Applicable
T20100035057,2010-08-31,18:28:00                      ,Struck Pedestrian,Tuesday,PED STRUCK WALKING TO/FROM OR BOARDING/ALIGHTING VEHICLE.  ,2B,E,9.0,Dark Street lights on,1,2,1,01,Pedestrians,Y,Serious injury,17-21,3152.0,F,MELBOURNE,MELB_URBAN,-37.80249904,144.9636183,3053,Wet,Pedestrian emerged from behindtram,Raining,PELHAM,SWANSTON,STREET,STREET,Collision,Not Applicable
T20100035213,2010-09-01,18:30:00                      ,Struck Pedestrian,Wednesday,FAR SIDE. PED HIT BY VEHICLE FROM THE LEFT         ,2A,H,11.0,Dark No street lights,1,2,0,01,Pedestrians,N,Other injury,50-59,,F,MELBOURNE,MELB_URBAN,-37.80550463,144.9486553,3003,Wet,Vehicle entering intersection,Raining,KING,HAWKE,STREET,STREET,Collision,Not Applicable
T20100035393,2010-09-02,15:07:00                      ,Collision with vehicle,Thursday,VEHICLE COLLIDES WITH VEHICLE PARKED ON LEFT OF ROAD    ,1A,A,3.0,Day,2,3,1,01,Pedestrians,N,Other injury,22-25,3048.0,F,MELBOURNE,MELB_URBAN,-37.81487926,144.9522226,3000,Dry,Kerb parking - parallel,Clear,SPENCER,LONSDALE,STREET,STREET,Collision,Not Applicable
T20100035632,2010-09-04,13:15:00                      ,Struck Pedestrian,Saturday,FAR SIDE. PED HIT BY VEHICLE FROM THE LEFT         ,1B,Q,5.0,Day,1,2,1,01,Pedestrians,Y,Serious injury,22-25,3066.0,M,MELBOURNE,MELBOURNE_CBD,-37.81280765,144.9681028,3000,Wet,Vehicle entering intersection,Raining,BOURKE,RUSSELL,STREET,STREET,Collision,Not Applicable
T20100035677,2010-09-04,18:04:00                      ,Struck Pedestrian,Saturday,PED NEAR SIDE. PED HIT BY VEHICLE FROM THE RIGHT.      ,2B,F,10.0,Dusk/Dawn,1,2,1,01,Pedestrians,Y,Serious injury,22-25,3053.0,F,MELBOURNE,MELB_URBAN,-37.80489506,144.9662116,3053,Wet,Vehicle leaving intersection,Raining,LYGON,QUEENSBERRY,STREET,STREET,Collision,Not Applicable
T20100036162,2010-09-08,07:20:00                      ,Struck Pedestrian,Wednesday,PED NEAR SIDE. PED HIT BY VEHICLE FROM THE RIGHT.      ,1B,Q,3.0,Day,1,3,1,01,Pedestrians,N,Other injury,40-49,3199.0,M,MELBOURNE,MELBOURNE_CBD,-37.81084195,144.967202,3000,Dry,Vehicle within intersection,Clear,LONSDALE,RUSSELL,STREET,STREET,Collision,Not Applicable
T20100036162,2010-09-08,07:20:00                      ,Struck Pedestrian,Wednesday,PED NEAR SIDE. PED HIT BY VEHICLE FROM THE RIGHT.      ,1B,Q,3.0,Day,1,3,1,02,Pedestrians,Y,Serious injury,50-59,2154.0,F,MELBOURNE,MELBOURNE_CBD,-37.81084195,144.967202,3000,Dry,Vehicle within intersection,Clear,LONSDALE,RUSSELL,STREET,STREET,Collision,Not Applicable
T20100036819,2010-09-12,00:55:00                      ,Struck Pedestrian,Sunday,PED STRUCK WALKING TO/FROM OR BOARDING/ALIGHTING VEHICLE.  ,1D,S,3.0,Dark Street lights on,1,2,0,01,Pedestrians,N,Other injury,50-59,6018.0,F,MELBOURNE,MELB_URBAN,-37.82101357,144.9654652,3006,Dry,Pedestrian emerged from behind car etc,Clear,RIVERSIDE,SOUTHGATE,QUAY,AVENUE,Collision,Not Applicable
T20100036941,2010-09-13,09:30:00                      ,Struck Pedestrian,Monday,PED NEAR SIDE. PED HIT BY VEHICLE FROM THE RIGHT.      ,2E,K,6.0,Day,1,2,0,01,Pedestrians,N,Other injury,unknown,,U,MELBOURNE,MELB_URBAN,-37.81922705,144.9536086,3008,Dry,Not Required,Clear,COLLINS,SPENCER,STREET,STREET,Collision,Not Applicable
T20100036986,2010-09-14,16:30:00                      ,Struck Pedestrian,Tuesday,PED NEAR SIDE. PED HIT BY VEHICLE FROM THE RIGHT.      ,1D,V,9.0,Day,1,2,0,01,Pedestrians, ,Other injury,50-59,3006.0,M,MELBOURNE,MELB_URBAN,-37.8249543,144.9708804,3004,Dry,Vehicle entering intersection,Clear,ST KILDA,GRANT,ROAD,STREET,Collision,Not Applicable
T20100037422,2010-09-17,08:54:00                      ,Struck Pedestrian,Friday,PED STRUCK WALKING TO/FROM OR BOARDING/ALIGHTING VEHICLE.  ,1D,V,9.0,Day,1,3,1,02,Pedestrians,Y,Serious injury,22-25,3182.0,F,MELBOURNE,MELB_URBAN,-37.82475089,144.9707869,3004,Dry,Pedestrian emerged from behindtram,Clear,ST KILDA,BURNLEY,ROAD,TUNNEL,Collision,Not Applicable
T20100037459,2010-09-16,12:50:00                      ,Struck Pedestrian,Thursday,FAR SIDE. PED HIT BY VEHICLE FROM THE LEFT         ,2T,K,5.0,Unknown,1,2,0,01,Pedestrians, ,Other injury,50-59,3032.0,F,MELBOURNE,MELB_URBAN,-37.79443166,144.9300881,3031,Unknown,Vehicle entering intersection,Not known,GOWER,MACAULAY,STREET,ROAD,Collision,Not Applicable
T20100037607,2010-09-18,18:23:00                      ,Struck Pedestrian,Saturday,FAR SIDE. PED HIT BY VEHICLE FROM THE LEFT         ,1B,L,1.0,Dark Street lights on,1,3,0,02,Pedestrians,N,Other injury,17-21,3056.0,F,MELBOURNE,MELB_URBAN,-37.81031669,144.9613588,3000,Wet,Vehicle entering intersection,Raining,ELIZABETH,LA TROBE,STREET,STREET,Collision,Not Applicable
T20100037750,2010-09-16,18:52:00                      ,Struck Pedestrian,Thursday,FAR SIDE. PED HIT BY VEHICLE FROM THE LEFT         ,2F,C,1.0,Dark Street lights on,1,2,0,01,Pedestrians, ,Other injury,22-25,,F,MELBOURNE,MELB_URBAN,-37.80996352,144.958399,3000,Dry,Vehicle leaving intersection,Clear,ABECKETT,QUEEN,STREET,STREET,Collision,Not Applicable
T20100038406,2010-09-25,11:40:00                      ,Struck Pedestrian,Saturday,FAR SIDE. PED HIT BY VEHICLE FROM THE LEFT         ,2B,B,10.0,Day,1,2,1,01,Pedestrians,Y,Serious injury,40-49,3083.0,M,MELBOURNE,MELB_URBAN,-37.80378502,144.9562523,3051,Dry,Vehicle leaving intersection,Clear,PEEL,QUEENSBERRY,STREET,STREET,Collision,Not Applicable
T20100038559,2010-09-26,18:07:00                      ,Struck Pedestrian,Sunday,PED NEAR SIDE. PED HIT BY VEHICLE FROM THE RIGHT.      ,1B,L,1.0,Day,1,2,0,01,Pedestrians, ,Other injury,70+,3054.0,F,MELBOURNE,MELB_URBAN,-37.81031669,144.9613588,3000,Dry,Vehicle leaving intersection,Clear,ELIZABETH,LA TROBE,STREET,STREET,Collision,Not Applicable
T20100038685,2010-09-27,17:30:00                      ,Struck Pedestrian,Monday,PED PLAYING/LYING/WORKING/STANDING ON CARRIAGEWAY.,2B,B,8.0,Day,1,2,1,01,Pedestrians,Y,Serious injury,22-25,,F,MELBOURNE,MELB_URBAN,-37.79969486,144.9573565,3000,Dry,Pedestrian working/pushing or working on vehicle,Not known,GRATTAN,ROYAL FWD,STREET,PARADE SERVICE ROAD,Collision,Not Applicable
T20100038978,2010-09-29,17:15:00                      ,Struck Pedestrian,Wednesday,PED NEAR SIDE. PED HIT BY VEHICLE FROM THE RIGHT.      ,1C,J,8.0,Day,1,2,0,01,Pedestrians, ,Other injury,17-21,3032.0,M,MELBOURNE,MELB_URBAN,-37.82697999,144.95888,3006,Dry,Not Required,Clear,CITY,CLARKE,ROAD,STREET,Collision,Not Applicable
T20100039166,2010-10-01,09:06:00                      ,Struck Pedestrian,Friday,PED WALKING WITH TRAFFIC                  ,2B,B,9.0,Day,1,2,0,01,Pedestrians,N,Other injury,22-25,3060.0,M,MELBOURNE,MELB_URBAN,-37.80137961,144.9569055,3000,Dry,Not on Footpath,Clear,ELIZABETH,FLEMINGTON,STREET,ROAD,Collision,Not Applicable
T20100039267,2010-10-01,13:19:00                      ,Struck Pedestrian,Friday,PED NEAR SIDE. PED HIT BY VEHICLE FROM THE RIGHT.      ,2E,K,2.0,Day,2,3,0,01,Pedestrians,N,Other injury,30-39,3122.0,F,MELBOURNE,MELB_URBAN,-37.81139946,144.9534217,3003,Dry,Vehicle entering intersection,Clear,KING,JEFFCOTT,STREET,STREET,Collision,Not Applicable