KEYAccidentNumber,DATAccidentDate_accident,TIMAccidentTime_accident,CATAccidentTypeDesc_accident,CATDayOfWeek_accident,CATDCADesc_accident,CATMelwaysPage_accident,CATMelwaysGridRef_X_accident,CATMelwaysGridRef_Y_accident,CATLightConditionDesc_accident,NUMVehiclesInvolved_accident,NUMPersonsInvolved_accident,NUMPersonsInjured_accident,KEYPersonID_person,CATRoadUserTypeDesc_person,CATTakenHospital_person,CATInjuryLevelDesc_person,CATAgeGroup_person,CATPostcode_person,CATGender_person,CATLGAName_node,CATDEGUrbanName_node,NUMLatitude_node,NUMLongitude_node,CATPostcode_node,CATSurfaceConditionDesc_surface,CATSubDCACodeDesc_subdca,CATAtmosphericConditionDesc_atmosphere,CATRoadName_acclocation,CATRoadNameInt_acclocation,CATRoadType_acclocation,CATRoadTypeInt_acclocation,CATEventTypeDesc_accevent,CATObjectTypeDesc_accevent
T20110022020,2011-06-01,11:37:00                      ,Struck Pedestrian,Wednesday,PED NEAR SIDE. PED HIT BY VEHICLE FROM THE RIGHT.      ,2A,C,2,Day,1,2,1,01,Pedestrians,Y,Serious injury,64-69,3031.0,M,MELBOURNE,MELB_URBAN,-37.78885604,144.9370404,3031,Dry,Vehicle entering intersection,Clear,RACECOURSE,CITYLINK OUT-RACECOURSE OF,ROAD,RAMP,Collision,Not Applicable
T20110022036,2011-06-01,13:40:00                      ,Struck Pedestrian,Wednesday,PED WALKING WITH TRAFFIC                  ,1A,J,5,Day,1,2,0,01,Pedestrians, ,Other injury,30-39,,F,MELBOURNE,MELBOURNE_CBD,-37.81445873,144.9616144,3000,Dry,Not on Footpath,Clear,HARDWARE,BOURKE,LANE,STREET,Collision,Not Applicable
T20110022083,2011-06-01,20:00:00                      ,Struck Pedestrian,Wednesday,PED NEAR SIDE. PED HIT BY VEHICLE FROM THE RIGHT.      ,1C,H,5,Dark Street lights unknown,1,2,1,01,Pedestrians,Y,Serious injury,17-21,3180.0,M,MELBOURNE,MELB_URBAN,-37.82534941,144.9570452,3006,Unknown,Not Required,Clear,CLARENDON,WHITEMAN,STREET,STREET,Collision,Not Applicable
T20110022210,2011-06-01,08:15:00                      ,Struck Pedestrian,Wednesday,VEH STRIKES PED ON FOOTPATH/MEDIAN/TRAFFIC ISLAND.,2B,G,6,Day,1,2,1,01,Pedestrians,Y,Serious injury,70+,3125.0,F,MELBOURNE,MELB_URBAN,-37.79715948,144.9675577,3053,Dry,Vehicle moving foward - under control,Clear,ELGIN,LYGON,STREET,STREET,Collision,Not Applicable
T20110022253,2011-06-02,17:03:00                      ,Struck Pedestrian,Thursday,PED NEAR SIDE. PED HIT BY VEHICLE FROM THE RIGHT.      ,1B,V,5,Day,1,2,1,01,Pedestrians,Y,Serious injury,22-25,3056.0,M,MELBOURNE,MELB_URBAN,-37.81135968,144.9730462,3000,Dry,Vehicle entering intersection,Clear,SPRING,BOURKE,STREET,STREET,Collision,Not Applicable
T20110022473,2011-06-04,02:30:00                      ,Struck Pedestrian,Saturday,PED EMERGES FROM IN FRONT OF PARKED OR STATIONARY VEHICLE  ,1C,H,5,Dark Street lights on,3,5,1,02,Pedestrians,Y,Serious injury,26-29,,M,MELBOURNE,MELB_URBAN,-37.82501057,144.9568881,3006,Dry,Pedestrian emerged from behindtram,Clear,CLARENDON,NORMANBY,STREET,ROAD,Collision,Not Applicable
T20110022486,2011-06-04,03:04:00                      ,Struck Pedestrian,Saturday,ANY MANOEUVRE INVOLVING PED NOT INCLUDED IN DCAs 100-108.  ,2B,G,4,Dark Street lights unknown,1,2,0,01,Pedestrians, ,Other injury,26-29,3058.0,F,MELBOURNE,MELB_URBAN,-37.79226018,144.9683897,3053,Dry,Not Required,Clear,CEMETERY,PRINCES,ROAD,STREET,Collision,Not Applicable
T20110022951,2011-06-07,13:15:00                      ,Struck Pedestrian,Tuesday,PED NEAR SIDE. PED HIT BY VEHICLE FROM THE RIGHT.      ,1B,U,7,Day,1,2,1,01,Pedestrians,Y,Serious injury,70+,3953.0,F,MELBOURNE,MELBOURNE_CBD,-37.81356326,144.9731101,3000,Wet,Vehicle within intersection,Raining,COLLINS,COLLINS,STREET,PLACE,Collision,Not Applicable
T20110022981,2011-06-07,16:25:00                      ,Struck Pedestrian,Tuesday,ANY MANOEUVRE INVOLVING PED NOT INCLUDED IN DCAs 100-108.  ,2B,G,11,Day,1,2,0,01,Pedestrians,N,Other injury,60-64,4074.0,F,MELBOURNE,MELB_URBAN,-37.80607053,144.9690549,3053,Wet,Not Required,Clear,RATHDOWNE,RENTAL,STREET,TERRACE,Collision,Not Applicable
T20110023152,2011-06-08,09:15:00                      ,Struck Pedestrian,Wednesday,PED PLAYING/LYING/WORKING/STANDING ON CARRIAGEWAY.,2B,G,7,Unknown,1,2,0,01,Pedestrians, ,Other injury,50-59,3058.0,F,MELBOURNE,MELB_URBAN,-37.79782001,144.9674401,3053,Unknown,Pedestrian standing,Not known,LYGON,LITTLE ELGIN,STREET,STREET,Collision,Not Applicable
T20110023438,2011-06-10,12:00:00                      ,Struck Pedestrian,Friday,PED ON FOOTHPATH STRUCK BY VEHENTERING/LEAVING DRIVEWAY.  ,2B,B,7,Day,1,2,0,01,Pedestrians, ,Other injury,40-49,3036.0,M,MELBOURNE,MELB_URBAN,-37.79874992,144.9576789,3052,Dry,Paved footpath,Clear,ROYAL,ELIZABETH,PARADE,STREET,Collision,Not Applicable
T20110023482,2011-06-10,14:00:00                      ,Struck Pedestrian,Friday,ANY MANOEUVRE INVOLVING PED NOT INCLUDED IN DCAs 100-108.  ,2B,C,2,Day,1,2,0,01,Pedestrians,N,Other injury,17-21,,F,MELBOURNE,MELB_URBAN,-37.78987916,144.9587581,3052,Dry,Not Required,Clear,MACARTHUR,CEMETERY W,ROAD,ROAD,Collision,Not Applicable
T20110023506,2011-06-10,18:53:00                      ,Struck Pedestrian,Friday,FAR SIDE. PED HIT BY VEHICLE FROM THE LEFT         ,2L,B,10,Dark Street lights on,1,2,0,01,Pedestrians,Y,Fatality,40-49,,F,MELBOURNE,MELB_URBAN,-37.84772055,144.9797315,3004,Dry,Vehicle entering intersection,Clear,ST KILDA,MOUBRAY,ROAD,STREET,Collision,Not Applicable
T20110023541,2011-06-11,06:00:00                      ,Struck Pedestrian,Saturday,PED ON FOOTHPATH STRUCK BY VEHENTERING/LEAVING DRIVEWAY.  ,1A,G,5,Dark Street lights on,1,2,0,01,Pedestrians,N,Other injury,60-64,4566.0,F,MELBOURNE,MELBOURNE_CBD,-37.81531054,144.9594902,3000,Unknown,Paved footpath,Clear,BOURKE,NEW CHANCERY,STREET,LANE,Collision,Not Applicable
T20110023546,2011-03-27,03:50:00                      ,Struck Pedestrian,Sunday,ANY MANOEUVRE INVOLVING PED NOT INCLUDED IN DCAs 100-108.  ,1B,Q,10,Dark Street lights on,1,2,0,01,Pedestrians,N,Serious injury,26-29,,M,MELBOURNE,MELB_URBAN,-37.81678265,144.9697412,3000,Dry,Not Required,Clear,FLINDERS,RUSSELL EXT,STREET,STREET,Collision,Not Applicable
T20110024742,2011-06-20,09:15:00                      ,Struck Pedestrian,Monday,PED NEAR SIDE. PED HIT BY VEHICLE FROM THE RIGHT.      ,2E,K,2,Day,1,2,0,01,Pedestrians,N,Other injury,22-25,,M,MELBOURNE,MELB_URBAN,-37.81139946,144.9534217,3003,Dry,Vehicle entering intersection,Clear,KING,JEFFCOTT,STREET,STREET,Collision,Not Applicable
T20110024846,2011-06-20,17:33:00                      ,Struck Pedestrian,Monday,PED NEAR SIDE. PED HIT BY VEHICLE FROM THE RIGHT.      ,1A,C,7,Dark Street lights on,1,3,1,01,Pedestrians,Y,Serious injury,40-49,3184.0,F,MELBOURNE,MELBOURNE_CBD,-37.81835683,144.9566289,3000,Dry,Vehicle entering intersection,Clear,KING,COLLINS,STREET,STREET,Collision,Not Applicable
T20110025529,2011-06-25,10:08:00                      ,Struck Pedestrian,Saturday,FAR SIDE. PED HIT BY VEHICLE FROM THE LEFT         ,1B,N,10,Day,1,2,0,01,Pedestrians, ,Other injury,50-59,,F,MELBOURNE,MELB_URBAN,-37.81745307,144.967438,3000,Dry,Vehicle leaving intersection,Clear,FLINDERS,SWANSTON,STREET,STREET,Collision,Not Applicable
T20110025768,2011-06-25,22:45:00                      ,Struck Pedestrian,Saturday,FAR SIDE. PED HIT BY VEHICLE FROM THE LEFT         ,1A,F,7,Dark Street lights unknown,1,2,1,01,Pedestrians,Y,Other injury,40-49,,M,MELBOURNE,MELBOURNE_CBD,-37.81764326,144.9591106,3000,Unknown,Vehicle entering intersection,Not known,COLLINS,WILLIAM,STREET,STREET,Collision,Not Applicable
T20110026646,2011-07-05,02:30:00                      ,Struck Pedestrian,Tuesday,PED NEAR SIDE. PED HIT BY VEHICLE FROM THE RIGHT.      ,1B,N,10,Unknown,1,2,1,01,Pedestrians,Y,Serious injury,30-39,3073.0,F,MELBOURNE,MELB_URBAN,-37.81745307,144.967438,3000,Wet,Vehicle within intersection,Raining,FLINDERS,SWANSTON,STREET,STREET,Collision,Not Applicable
T20110026859,2011-07-07,19:00:00                      ,Struck Pedestrian,Thursday,FAR SIDE. PED HIT BY VEHICLE FROM THE LEFT         ,1B,L,7,Dark Street lights on,1,3,0,02,Pedestrians, ,Other injury,17-21,,F,MELBOURNE,MELBOURNE_CBD,-37.81621754,144.9640683,3000,Dry,Vehicle entering intersection,Clear,COLLINS,ELIZABETH,STREET,STREET,Collision,Not Applicable
T20110027126,2011-07-11,10:40:00                      ,Struck Pedestrian,Monday,PED STRUCK WALKING TO/FROM OR BOARDING/ALIGHTING VEHICLE.  ,29,G,12,Day,1,2,0,01,Pedestrians,N,Other injury,17-21,3000.0,F,MELBOURNE,MELB_URBAN,-37.78472297,144.9593976,3052,Unknown,Pedestrian emerged from behindtram,Clear,ROYAL,WALKER,PARADE,STREET,Collision,Not Applicable
T20110027547,2011-07-16,14:00:00                      ,Struck Pedestrian,Saturday,PED NEAR SIDE. PED HIT BY VEHICLE FROM THE RIGHT.      ,1B,N,6,Day,1,2,1,01,Pedestrians,Y,Serious injury,30-39,3005.0,F,MELBOURNE,MELBOURNE_CBD,-37.81451132,144.9660868,3000,Dry,Vehicle leaving intersection,Clear,LITTLE COLLINS,SWANSTON,STREET,STREET,Collision,Not Applicable
T20110027549,2011-07-16,14:00:00                      ,Struck Pedestrian,Saturday,PED NEAR SIDE. PED HIT BY VEHICLE FROM THE RIGHT.      ,2B,G,6,Day,1,2,1,01,Pedestrians,Y,Serious injury,40-49,,F,MELBOURNE,MELB_URBAN,-37.79715948,144.9675577,3053,Dry,Vehicle leaving intersection,Clear,ELGIN,LYGON,STREET,STREET,Collision,Not Applicable
T20110027666,2011-06-22,16:00:00                      ,Fall from or in moving vehicle,Wednesday,FELL IN/FROM VEHICLE                    ,1B,N,1,Day,1,2,1,01,Pedestrians,Y,Serious injury,60-64,3150.0,M,MELBOURNE,MELB_URBAN,-37.80959426,144.9638262,3000,Unknown,Fell from vehicle,Not known,LA TROBE,SWANSTON,STREET,STREET,Fell from vehicle,Not Applicable
T20110027696,2011-07-18,17:55:00                      ,Struck Pedestrian,Monday,PED NEAR SIDE. PED HIT BY VEHICLE FROM THE RIGHT.      ,1B,T,1,Dark Street lights on,1,2,0,01,Pedestrians, ,Other injury,50-59,3104.0,M,MELBOURNE,MELB_URBAN,-37.8081584,144.9687433,3000,Wet,Not Required,Raining,EXHIBITION,LA TROBE,STREET,STREET,Collision,Not Applicable
T20110027704,2011-07-18,20:00:00                      ,Struck Pedestrian,Monday,PED NEAR SIDE. PED HIT BY VEHICLE FROM THE RIGHT.      ,1C,H,1,Day,1,2,0,01,Pedestrians, ,Other injury,40-49,3143.0,F,MELBOURNE,MELB_URBAN,-37.82136055,144.9551981,3008,Dry,Not Required,Not known,SPENCER,FLINDERS,STREET,STREET,Collision,Not Applicable
T20110028184,2011-07-02,09:45:00                      ,Struck Pedestrian,Saturday,ANY MANOEUVRE INVOLVING PED NOT INCLUDED IN DCAs 100-108.  ,2L,C,11,Day,1,2,0,01,Pedestrians,N,Other injury,40-49,,F,MELBOURNE,MELB_URBAN,-37.85021929,144.9806426,3004,Dry,Not Required,Clear,HIGH,ST KILDA,STREET,ROAD,Collision,Not Applicable
T20110028214,2011-07-24,16:41:00                      ,Struck Pedestrian,Sunday,PED NEAR SIDE. PED HIT BY VEHICLE FROM THE RIGHT.      ,2E,C,2,Day,1,2,0,01,Pedestrians,N,Other injury,0-4,3152.0,M,MELBOURNE,MELB_URBAN,-37.81145711,144.9378007,3008,Dry,Not Required,Clear,OBSERVATION,WATERFRONT,DRIVE,WAY,Collision,Not Applicable
T20110028220,2011-07-24,18:01:00                      ,Struck Pedestrian,Sunday,ANY MANOEUVRE INVOLVING PED NOT INCLUDED IN DCAs 100-108.  ,2A,H,5,Dusk/Dawn,3,4,0,01,Pedestrians,N,Other injury,22-25,,M,MELBOURNE,MELB_URBAN,-37.79412097,144.9480888,3051,Dry,Not Required,Clear,FLEMINGTON,ABBOTSFORD,ROAD,STREET,Collision,Not Applicable
T20110028594,2011-07-28,19:30:00                      ,Struck Pedestrian,Thursday,PED NEAR SIDE. PED HIT BY VEHICLE FROM THE RIGHT.      ,1A,H,7,Dark Street lights on,1,2,0,01,Pedestrians, ,Other injury,30-39,3070.0,F,MELBOURNE,MELBOURNE_CBD,-37.81693249,144.9615823,3000,Unknown,Vehicle entering intersection,Not known,COLLINS,QUEEN,STREET,STREET,Collision,Not Applicable
T20110028760,2011-07-22,12:30:00                      ,Struck Pedestrian,Friday,ANY MANOEUVRE INVOLVING PED NOT INCLUDED IN DCAs 100-108.  ,2A,J,10,Day,1,2,0,01,Pedestrians, ,Other injury,50-59,3023.0,M,MELBOURNE,MELB_URBAN,-37.80369989,144.949509,3051,Unknown,Not Required,Not known,ERROL,GEORGE JOHNSON,STREET,LANE,Collision,Not Applicable
T20110029113,2011-07-31,03:00:00                      ,Struck Pedestrian,Sunday,PED NEAR SIDE. PED HIT BY VEHICLE FROM THE RIGHT.      ,1B,Q,3,Dark Street lights on,1,2,0,01,Pedestrians, ,Other injury,17-21,3152.0,F,MELBOURNE,MELBOURNE_CBD,-37.81092359,144.9669217,3000,Dry,Not Required,Clear,LONSDALE,WARATAH,STREET,PLACE,Collision,Not Applicable
T20110029309,2011-08-06,14:25:00                      ,Struck Pedestrian,Saturday,ANY MANOEUVRE INVOLVING PED NOT INCLUDED IN DCAs 100-108.  ,1D,L,7,Day,1,2,0,01,Pedestrians, ,Other injury,26-29,3840.0,M,MELBOURNE,MELB_URBAN,-37.82623252,144.960806,3006,Dry,Not Required,Clear,KINGS,CITY,WAY,ROAD,Collision,Not Applicable
T20110029776,2011-08-02,22:15:00                      ,Struck Pedestrian,Tuesday,FAR SIDE. PED HIT BY VEHICLE FROM THE LEFT         ,1D,V,7,Dark Street lights unknown,1,2,1,01,Pedestrians,Y,Serious injury,17-21,,M,MELBOURNE,MELB_URBAN,-37.82326122,144.9703372,3004,Unknown,Vehicle entering intersection,Not known,LINLITHGOW,ST KILDA ALT,AVENUE,ROAD,Collision,Not Applicable
T20110029804,2011-08-12,11:40:00                      ,Struck Pedestrian,Friday,FAR SIDE. PED HIT BY VEHICLE FROM THE LEFT         ,2E,K,1,Day,1,2,0,01,Pedestrians,N,Other injury,70+,3000.0,M,MELBOURNE,MELB_URBAN,-37.81034263,144.9529267,3003,Dry,Vehicle leaving intersection,Clear,KING,BATMAN,STREET,STREET,Collision,Not Applicable
T20110029950,2011-08-13,19:05:00                      ,Struck Pedestrian,Saturday,FAR SIDE. PED HIT BY VEHICLE FROM THE LEFT         ,2B,F,10,Dark Street lights on,1,3,0,01,Pedestrians,Y,Fatality,30-39,2527.0,M,MELBOURNE,MELB_URBAN,-37.80489506,144.9662116,3053,Dry,Vehicle entering intersection,Clear,LYGON,QUEENSBERRY,STREET,STREET,Collision,Not Applicable
T20110029950,2011-08-13,19:05:00                      ,Struck Pedestrian,Saturday,FAR SIDE. PED HIT BY VEHICLE FROM THE LEFT         ,2B,F,10,Dark Street lights on,1,3,0,02,Pedestrians,Y,Fatality,30-39,2527.0,F,MELBOURNE,MELB_URBAN,-37.80489506,144.9662116,3053,Dry,Vehicle entering intersection,Clear,LYGON,QUEENSBERRY,STREET,STREET,Collision,Not Applicable
T20110030060,2011-08-15,12:30:00                      ,Struck Pedestrian,Monday,PED STRUCK WALKING TO/FROM OR BOARDING/ALIGHTING VEHICLE.  ,2A,K,8,Day,1,2,1,01,Pedestrians,Y,Serious injury,70+,3055.0,F,MELBOURNE,MELB_URBAN,-37.80023689,144.951784,3051,Dry,Pedestrian emerged from behind car etc,Clear,COURTNEY,VILLIERS,STREET,STREET,Collision,Not Applicable
T20110030075,2011-08-10,17:08:00                      ,Struck Pedestrian,Wednesday,FAR SIDE. PED HIT BY VEHICLE FROM THE LEFT         ,2E,H,7,Day,1,2,0,01,Pedestrians, ,Other injury,30-39,3121.0,M,MELBOURNE,MELB_URBAN,-37.82101409,144.9474371,3008,Dry,Vehicle entering intersection,Not known,HARBOUR,COLLINS,ESPLANADE,STREET,Collision,Not Applicable
T20110030203,2011-08-16,16:30:00                      ,Struck Pedestrian,Tuesday,ANY MANOEUVRE INVOLVING PED NOT INCLUDED IN DCAs 100-108.  ,2A,F,2,Day,1,2,1,01,Pedestrians,Y,Serious injury,13-15,,F,MELBOURNE,MELB_URBAN,-37.79029795,144.9432893,3051,Dry,Not Required,Clear,FLEMINGTON,MELROSE,ROAD,STREET,Collision,Not Applicable
T20110030257,2011-08-17,11:45:00                      ,Struck Pedestrian,Wednesday,PED EMERGES FROM IN FRONT OF PARKED OR STATIONARY VEHICLE  ,2B,H,4,Day,1,2,1,01,Pedestrians,Y,Serious injury,22-25,3054.0,F,MELBOURNE,MELB_URBAN,-37.79239811,144.9696703,3053,Wet,Pedestrian emerged from behind car etc,Raining,PRINCES,DRUMMOND,STREET,STREET,Collision,Not Applicable
T20110030327,2011-08-05,11:15:00                      ,Struck Pedestrian,Friday,PED STRUCK WALKING TO/FROM OR BOARDING/ALIGHTING VEHICLE.  ,2A,J,11,Day,1,2,0,01,Pedestrians, ,Other injury,17-21,3058.0,F,MELBOURNE,MELB_URBAN,-37.80514744,144.949344,3003,Wet,Alighting,Not known,ERROL,VICTORIA,STREET,STREET,Collision,Not Applicable
T20110031039,2011-08-26,19:30:00                      ,Struck Pedestrian,Friday,PED NEAR SIDE. PED HIT BY VEHICLE FROM THE RIGHT.      ,1A,A,7,Dark Street lights on,1,2,1,01,Pedestrians,N,Other injury,22-25,2164.0,M,MELBOURNE,MELB_URBAN,-37.81906984,144.9541489,3000,Dry,Vehicle entering intersection,Clear,SPENCER,COLLINS,STREET,STREET,Collision,Not Applicable
T20110031179,2011-08-29,00:30:00                      ,Struck Pedestrian,Monday,FAR SIDE. PED HIT BY VEHICLE FROM THE LEFT         ,2B,C,12,Dark Street lights on,1,4,1,01,Pedestrians,Y,Serious injury,60-64,,M,MELBOURNE,MELB_URBAN,-37.8083779,144.959699,3000,Dry,Not Required,Clear,FRANKLIN,ELIZABETH,STREET,STREET,Collision,Not Applicable
T20110031243,2011-08-28,18:45:00                      ,Struck Pedestrian,Sunday,PED NEAR SIDE. PED HIT BY VEHICLE FROM THE RIGHT.      ,2G,G,5,Dark Street lights on,1,2,1,01,Pedestrians,Y,Serious injury,22-25,,M,MELBOURNE,MELB_URBAN,-37.81707985,144.9900587,3002,Dry,Not Required,Clear,HODDLE,WELLINGTON,STREET,PARADE,Collision,Not Applicable
T20110031246,2011-08-29,16:25:00                      ,Struck Pedestrian,Monday,FAR SIDE. PED HIT BY VEHICLE FROM THE LEFT         ,1A,C,7,Day,1,2,1,01,Pedestrians,Y,Serious injury,70+,3131.0,F,MELBOURNE,MELBOURNE_CBD,-37.81842604,144.9563882,3000,Dry,Vehicle reversing,Clear,COLLINS,KING,STREET,STREET,Collision,Not Applicable
T20110031606,2011-09-02,17:10:00                      ,Struck Pedestrian,Friday,FAR SIDE. PED HIT BY VEHICLE FROM THE LEFT         ,2E,K,2,Dusk/Dawn,1,2,1,01,Pedestrians,Y,Other injury,22-25,3000.0,F,MELBOURNE,MELB_URBAN,-37.81139946,144.9534217,3003,Dry,Vehicle within intersection,Clear,KING,JEFFCOTT,STREET,STREET,Collision,Not Applicable
T20110031683,2011-09-03,17:45:00                      ,Fall from or in moving vehicle,Saturday,FELL IN/FROM VEHICLE                    ,2G,F,8,Dark Street lights on,2,7,1,05,Pedestrians, ,Not injured,30-39,,M,MELBOURNE,MELB_URBAN,-37.82311932,144.989097,3002,Dry,Fell in vehicle,Clear,PUNT,BRUNTON,ROAD,AVENUE,Fell in vehicle,Not Applicable
T20110031786,2011-09-05,08:10:00                      ,Struck Pedestrian,Monday,PED NEAR SIDE. PED HIT BY VEHICLE FROM THE RIGHT.      ,2B,B,5,Day,1,2,1,01,Pedestrians,Y,Serious injury,70+,3052.0,F,MELBOURNE,MELB_URBAN,-37.79442186,144.9569423,3052,Dry,Vehicle within intersection,Clear,BAYLES,FITZGIBBON,STREET,STREET,Collision,Not Applicable
T20110031855,2011-09-05,23:10:00                      ,Struck Pedestrian,Monday,PED NEAR SIDE. PED HIT BY VEHICLE FROM THE RIGHT.      ,1B,Q,3,Dark Street lights on,1,2,1,01,Pedestrians,Y,Serious injury,22-25,3000.0,F,MELBOURNE,MELBOURNE_CBD,-37.81084195,144.967202,3000,Dry,Vehicle entering intersection,Clear,LONSDALE,RUSSELL,STREET,STREET,Collision,Not Applicable
T20110031986,2011-09-07,10:38:00                      ,Struck Pedestrian,Wednesday,PED NEAR SIDE. PED HIT BY VEHICLE FROM THE RIGHT.      ,2A,H,4,Day,1,3,0,01,Pedestrians,N,Other injury,40-49,3006.0,F,MELBOURNE,MELB_URBAN,-37.7937251,144.9473165,3051,Dry,Vehicle within intersection,Clear,ABBOTSFORD,FLEMINGTON FWD,STREET,ROAD SERVICE ROAD,Collision,Not Applicable
T20110031986,2011-09-07,10:38:00                      ,Struck Pedestrian,Wednesday,PED NEAR SIDE. PED HIT BY VEHICLE FROM THE RIGHT.      ,2A,H,4,Day,1,3,0,02,Pedestrians,N,Other injury,16-17,3006.0,F,MELBOURNE,MELB_URBAN,-37.7937251,144.9473165,3051,Dry,Vehicle within intersection,Clear,ABBOTSFORD,FLEMINGTON FWD,STREET,ROAD SERVICE ROAD,Collision,Not Applicable
T20110032266,2011-09-10,17:15:00                      ,Struck Pedestrian,Saturday,PED PLAYING/LYING/WORKING/STANDING ON CARRIAGEWAY.,2G,D,5,Day,1,2,0,01,Pedestrians, ,Other injury,60-64,,F,MELBOURNE,MELB_URBAN,-37.81620122,144.9835698,3002,Dry,Pedestrian standing,Clear,WELLINGTON,WELLINGTON S,PARADE,PARADE,Collision,Not Applicable
T20110032369,2009-08-15,00:01:00                      ,Struck Pedestrian,Saturday,PED NEAR SIDE. PED HIT BY VEHICLE FROM THE RIGHT.      ,2B,B,9,Unknown,1,2,0,01,Pedestrians,N,Other injury,30-39,,M,MELBOURNE,MELB_URBAN,-37.80155018,144.956882,3000,Unknown,Vehicle entering intersection,Not known,ELIZABETH,FLEMINGTON,STREET,ROAD,Collision,Not Applicable
T20110032569,2011-08-02,10:15:00                      ,Struck Pedestrian,Tuesday,FAR SIDE. PED HIT BY VEHICLE FROM THE LEFT         ,2B,B,8,Day,1,2,1,01,Pedestrians,Y,Serious injury,70+,3058.0,F,MELBOURNE,MELB_URBAN,-37.79955848,144.9561103,3000,Unknown,Not Required,Not known,GRATTAN,FLEMINGTON REV,STREET,ROAD SERVICE ROAD,Collision,Not Applicable
T20110032828,2011-09-17,15:13:00                      ,Struck Pedestrian,Saturday,PED ON FOOTHPATH STRUCK BY VEHENTERING/LEAVING DRIVEWAY.  ,29,D,10,Day,1,2,1,01,Pedestrians,Y,Serious injury,30-39,3076.0,F,MELBOURNE,MELB_URBAN,-37.7765603,144.9479299,3052,Dry,Paved footpath,Clear,PARK,MCVEAN,STREET,STREET,Collision,Not Applicable
T20110032896,2011-09-18,19:24:00                      ,Struck Pedestrian,Sunday,ANY MANOEUVRE INVOLVING PED NOT INCLUDED IN DCAs 100-108.  ,1C,H,8,Dark Street lights on,1,2,0,01,Pedestrians,N,Other injury,40-49,3006.0,M,MELBOURNE,MELB_URBAN,-37.82764335,144.9580985,3006,Dry,Not Required,Clear,CLARENDON,CITY,STREET,ROAD,Collision,Not Applicable
T20110032983,2011-09-19,22:15:00                      ,Struck Pedestrian,Monday,PED NEAR SIDE. PED HIT BY VEHICLE FROM THE RIGHT.      ,2B,C,8,Dark No street lights,1,2,0,01,Pedestrians,N,Serious injury,17-21,2400.0,M,MELBOURNE,MELB_URBAN,-37.79990531,144.9592208,3052,Wet,Not Required,Raining,GRATTAN,BERKELEY,STREET,STREET,Collision,Not Applicable
T20110033206,2011-09-22,08:21:00                      ,Struck Pedestrian,Thursday,PED NEAR SIDE. PED HIT BY VEHICLE FROM THE RIGHT.      ,1D,T,6,Day,1,2,0,01,Pedestrians, ,Other injury,40-49,3150.0,M,MELBOURNE,MELB_URBAN,-37.82338897,144.967386,3006,Dry,Vehicle entering intersection,Clear,STURT,SOUTHBANK ALT,STREET,BOULEVARD,Collision,Not Applicable
T20110033262,2011-09-22,17:00:00                      ,Struck Pedestrian,Thursday,ANY MANOEUVRE INVOLVING PED NOT INCLUDED IN DCAs 100-108.  ,1B,V,7,Day,1,2,1,02,Pedestrians,Y,Serious injury,30-39,3032.0,F,MELBOURNE,MELB_URBAN,-37.81309909,144.9740775,3002,Dry,Not Required,Clear,MACARTHUR,COLLINS,STREET,STREET,Collision,Not Applicable
T20110033354,2011-09-23,17:52:00                      ,Struck Pedestrian,Friday,PED NEAR SIDE. PED HIT BY VEHICLE FROM THE RIGHT.      ,2B,F,10,Day,1,2,1,01,Pedestrians,Y,Other injury,30-39,3128.0,F,MELBOURNE,MELB_URBAN,-37.80489506,144.9662116,3053,Dry,Vehicle entering intersection,Clear,LYGON,QUEENSBERRY,STREET,STREET,Collision,Not Applicable
T20110033484,2011-09-25,02:10:00                      ,Struck Pedestrian,Sunday,ANY MANOEUVRE INVOLVING PED NOT INCLUDED IN DCAs 100-108.  ,1A,A,5,Dark Street lights on,1,3,0,02,Pedestrians, ,Other injury,40-49,3184.0,M,MELBOURNE,MELB_URBAN,-37.81709201,144.9532397,3000,Dry,Not Required,Clear,SPENCER,BOURKE,STREET,STREET,Collision,Not Applicable
T20110033823,2011-09-29,13:00:00                      ,Struck Pedestrian,Thursday,FAR SIDE. PED HIT BY VEHICLE FROM THE LEFT         ,2T,K,1,Unknown,1,2,0,01,Pedestrians, ,Other injury,22-25,,F,MELBOURNE,MELB_URBAN,-37.78815849,144.9294826,3031,Wet,Vehicle leaving intersection,Raining,RACECOURSE,EASTWOOD,ROAD,STREET,Collision,Not Applicable
T20110033869,2011-09-29,22:10:00                      ,Struck Pedestrian,Thursday,PED NEAR SIDE. PED HIT BY VEHICLE FROM THE RIGHT.      ,1A,F,3,Dark Street lights on,1,2,1,01,Pedestrians,Y,Serious injury,50-59,3145.0,F,MELBOURNE,MELBOURNE_CBD,-37.81371239,144.957323,3000,Wet,Vehicle leaving intersection,Raining,LONSDALE,WILLIAM,STREET,STREET,Collision,Not Applicable
T20110033956,2011-09-30,19:00:00                      ,Struck Pedestrian,Friday,PED NEAR SIDE. PED HIT BY VEHICLE FROM THE RIGHT.      ,2B,J,7,Dark No street lights,1,2,0,01,Pedestrians,N,Other injury,30-39,,M,MELBOURNE,MELB_URBAN,-37.79774045,144.9728896,3053,Wet,Vehicle leaving intersection,Raining,CANNING,ELGIN,STREET,STREET,Collision,Not Applicable