KEYAccidentNumber,DATAccidentDate_accident,TIMAccidentTime_accident,CATAccidentTypeDesc_accident,CATDayOfWeek_accident,CATDCADesc_accident,CATMelwaysPage_accident,CATMelwaysGridRef_X_accident,CATMelwaysGridRef_Y_accident,CATLightConditionDesc_accident,NUMVehiclesInvolved_accident,NUMPersonsInvolved_accident,NUMPersonsInjured_accident,KEYPersonID_person,CATRoadUserTypeDesc_person,CATTakenHospital_person,CATInjuryLevelDesc_person,CATAgeGroup_person,CATPostcode_person,CATGender_person,CATLGAName_node,CATDEGUrbanName_node,NUMLatitude_node,NUMLongitude_node,CATPostcode_node,CATSurfaceConditionDesc_surface,CATSubDCACodeDesc_subdca,CATAtmosphericConditionDesc_atmosphere,CATRoadName_acclocation,CATRoadNameInt_acclocation,CATRoadType_acclocation,CATRoadTypeInt_acclocation,CATEventTypeDesc_accevent,CATObjectTypeDesc_accevent
T20110034099,2011-10-03,00:20:00                      ,Struck Pedestrian,Monday,PED NEAR SIDE. PED HIT BY VEHICLE FROM THE RIGHT.      ,2G,G,4,Dark Street lights on,1,2,1,01,Pedestrians,Y,Serious injury,30-39,3158.0,M,MELBOURNE,MELB_URBAN,-37.81533116,144.9903666,3002,Dry,Not Required,Clear,HODDLE,FREEMAN,STREET,STREET,Collision,Not Applicable
T20110034164,2011-10-03,15:20:00                      ,Struck Pedestrian,Monday,PED NEAR SIDE. PED HIT BY VEHICLE FROM THE RIGHT.      ,2B,A,8,Day,1,2,0,01,Pedestrians,N,Other injury,30-39,3106.0,F,MELBOURNE,MELB_URBAN,-37.79965241,144.9550344,3000,Dry,Vehicle entering intersection,Clear,FLEMINGTON,GRATTAN,ROAD,STREET,Collision,Not Applicable
T20110034197,2011-10-04,08:30:00                      ,Struck Pedestrian,Tuesday,ANY MANOEUVRE INVOLVING PED NOT INCLUDED IN DCAs 100-108.  ,1B,N,1,Day,1,2,1,01,Pedestrians,Y,Serious injury,60-64,3149.0,M,MELBOURNE,MELB_URBAN,-37.80959426,144.9638262,3000,Dry,Not Required,Clear,LA TROBE,SWANSTON,STREET,STREET,Collision,Not Applicable
T20110034259,2011-10-04,21:20:00                      ,Struck Pedestrian,Tuesday,FAR SIDE. PED HIT BY VEHICLE FROM THE LEFT         ,2B,H,6,Dark Street lights on,2,3,1,01,Pedestrians,Y,Serious injury,17-21,,M,MELBOURNE,MELB_URBAN,-37.79748147,144.9704876,3053,Dry,,Clear,ELGIN,RATHDOWNE,STREET,STREET,Collision,Not Applicable
T20110034409,2011-10-02,20:00:00                      ,Struck Pedestrian,Sunday,ANY MANOEUVRE INVOLVING PED NOT INCLUDED IN DCAs 100-108.  ,2B,D,3,Dark Street lights on,1,2,1,01,Pedestrians,Y,Serious injury,17-21,,F,MELBOURNE,MELB_URBAN,-37.79189665,144.9615634,3052,Unknown,,Clear,CEMETERY ROAD W-COLLEGE,COLLEGE,CRESCENT,CRESCENT,Collision,Not Applicable
T20110035332,2011-10-16,05:30:00                      ,Struck Pedestrian,Sunday,PED PLAYING/LYING/WORKING/STANDING ON CARRIAGEWAY.,1A,H,6,Dark Street lights on,1,2,0,01,Pedestrians,N,Serious injury,22-25,3182.0,F,MELBOURNE,MELBOURNE_CBD,-37.81594418,144.9611309,3000,Dry,Pedestrian standing,Clear,LITTLE COLLINS,QUEEN,STREET,STREET,Collision,Not Applicable
T20110035350,2011-10-15,18:25:00                      ,Struck Pedestrian,Saturday,VEH STRIKES PED ON FOOTPATH/MEDIAN/TRAFFIC ISLAND.,1A,K,3,Dusk/Dawn,1,2,0,01,Pedestrians, ,Other injury,30-39,,F,MELBOURNE,MELBOURNE_CBD,-37.81258484,144.9612154,3000,Dry,Vehicle moving foward - under control,Clear,LONSDALE,NIAGARA,STREET,LANE,Collision,Not Applicable
T20110035519,2011-10-18,09:40:00                      ,Struck Pedestrian,Tuesday,PED NEAR SIDE. PED HIT BY VEHICLE FROM THE RIGHT.      ,1A,F,3,Day,1,2,0,01,Pedestrians, ,Other injury,16-17,3095.0,F,MELBOURNE,MELBOURNE_CBD,-37.81371239,144.957323,3000,Dry,,Clear,LONSDALE,WILLIAM,STREET,STREET,Collision,Not Applicable
T20110035533,2011-10-20,16:00:00                      ,Struck Pedestrian,Thursday,ANY MANOEUVRE INVOLVING PED NOT INCLUDED IN DCAs 100-108.  ,42,K,7,Day,1,2,1,01,Pedestrians,Y,Serious injury,40-49,3121.0,M,MELBOURNE,MELB_URBAN,-37.81144811,144.9271844,3003,Dry,Not Required,Clear,APPLETON DOCK,COODE,ROAD,ROAD,Collision,Not Applicable
T20110035962,2011-10-23,11:55:00                      ,Struck Pedestrian,Sunday,PED NEAR SIDE. PED HIT BY VEHICLE FROM THE RIGHT.      ,2B,H,4,Day,1,2,1,01,Pedestrians,Y,Serious injury,30-39,3053.0,F,MELBOURNE,MELB_URBAN,-37.79257889,144.9713489,3053,Dry,Vehicle leaving intersection,Clear,PRINCES,RATHDOWNE,STREET,STREET,Collision,Not Applicable
T20110036079,2011-10-27,07:43:00                      ,Struck Pedestrian,Thursday,PED NEAR SIDE. PED HIT BY VEHICLE FROM THE RIGHT.      ,1B,L,4,Day,1,2,0,01,Pedestrians,N,Serious injury,26-29,3155.0,F,MELBOURNE,MELBOURNE_CBD,-37.81326853,144.9627082,3000,Dry,Vehicle entering intersection,Clear,ELIZABETH,LITTLE BOURKE,STREET,STREET,Collision,Not Applicable
T20110036127,2011-10-27,16:24:00                      ,Struck Pedestrian,Thursday,PED NEAR SIDE. PED HIT BY VEHICLE FROM THE RIGHT.      ,1D,V,1,Day,1,2,1,01,Pedestrians,Y,Serious injury,22-25,3825.0,M,MELBOURNE,MELB_URBAN,-37.81791928,144.9676525,3000,Dry,Not Required,Clear,SWANSTON,FLINDERS,STREET,STREET,Collision,Not Applicable
T20110036206,2011-10-25,16:00:00                      ,Struck Pedestrian,Tuesday,FAR SIDE. PED HIT BY VEHICLE FROM THE LEFT         ,2B,F,7,Day,1,2,0,01,Pedestrians, ,Other injury,16-17,,F,MELBOURNE,MELB_URBAN,-37.79851457,144.9658189,3053,Dry,Vehicle leaving intersection,Not known,CARDIGAN,FARADAY,STREET,STREET,Collision,Not Applicable
T20110036553,2011-11-01,04:15:00                      ,Struck Pedestrian,Tuesday,PED NEAR SIDE. PED HIT BY VEHICLE FROM THE RIGHT.      ,1A,C,5,Dark Street lights on,1,3,0,02,Pedestrians,N,Other injury,22-25,,F,MELBOURNE,MELBOURNE_CBD,-37.81638456,144.9557269,3000,Dry,Vehicle entering intersection,Clear,KING,BOURKE,STREET,STREET,Collision,Not Applicable
T20110036646,2011-11-02,13:40:00                      ,Struck Pedestrian,Wednesday,FAR SIDE. PED HIT BY VEHICLE FROM THE LEFT         ,1B,N,10,Day,1,3,0,01,Pedestrians,N,Other injury,26-29,5069.0,M,MELBOURNE,MELB_URBAN,-37.81745307,144.967438,3000,Wet,Vehicle entering intersection,Clear,FLINDERS,SWANSTON,STREET,STREET,Collision,Not Applicable
T20110036832,2011-11-04,07:30:00                      ,Struck Pedestrian,Friday,PED STRUCK WALKING TO/FROM OR BOARDING/ALIGHTING VEHICLE.  ,1A,A,10,Day,1,2,0,01,Pedestrians, ,Other injury,30-39,3075.0,M,MELBOURNE,MELB_URBAN,-37.82091904,144.9549934,3008,Dry,Pedestrian emerged from behindtram,Clear,SPENCER,FLINDERS,STREET,STREET,Collision,Not Applicable
T20110037003,2011-11-05,18:20:00                      ,Struck Pedestrian,Saturday,FAR SIDE. PED HIT BY VEHICLE FROM THE LEFT         ,29,D,10,Day,1,3,0,02,Pedestrians,N,Other injury,70+,3013.0,M,MELBOURNE,MELB_URBAN,-37.77655558,144.9478908,3052,Dry,Not Required,Clear,PARK,MCVEAN,STREET,STREET,Collision,Not Applicable
T20110037019,2011-06-28,09:00:00                      ,Struck Pedestrian,Tuesday,FAR SIDE. PED HIT BY VEHICLE FROM THE LEFT         ,1B,T,6,Day,1,2,0,01,Pedestrians, ,Other injury,60-64,3179.0,M,MELBOURNE,MELBOURNE_CBD,-37.81305815,144.971014,3000,Unknown,Vehicle entering intersection,Not known,EXHIBITION,LITTLE COLLINS,STREET,STREET,Collision,Not Applicable
T20110037087,2011-09-22,19:00:00                      ,Struck Pedestrian,Thursday,PED NEAR SIDE. PED HIT BY VEHICLE FROM THE RIGHT.      ,1B,V,7,Unknown,1,2,0,01,Pedestrians,N,Other injury,30-39,3032.0,F,MELBOURNE,MELB_URBAN,-37.81300966,144.9741291,3002,Unknown,Not Required,Not known,MACARTHUR,COLLINS,STREET,STREET,Collision,Not Applicable
T20110037584,2011-11-13,00:45:00                      ,Struck Pedestrian,Sunday,PED WALKING WITH TRAFFIC                  ,1C,H,4,Dark Street lights on,1,2,0,01,Pedestrians,N,Other injury,26-29,,M,MELBOURNE,MELB_URBAN,-37.82385008,144.9563497,3006,Dry,Not on Footpath,Clear,CLARENDON,CLARENDON,STREET,STREET,Collision,Not Applicable
T20110038074,2011-11-18,10:32:00                      ,Struck Pedestrian,Friday,VEH STRIKES PED ON FOOTPATH/MEDIAN/TRAFFIC ISLAND.,2B,G,6,Day,1,2,0,01,Pedestrians,N,Other injury,60-64,,F,MELBOURNE,MELB_URBAN,-37.79715948,144.9675577,3053,Dry,Vehicle moving foward - under control,Clear,ELGIN,LYGON,STREET,STREET,Collision,Not Applicable
T20110038091,2011-11-18,09:45:00                      ,Struck Pedestrian,Friday,PED NEAR SIDE. PED HIT BY VEHICLE FROM THE RIGHT.      ,1B,N,1,Day,1,2,1,01,Pedestrians,Y,Serious injury,16-17,3047.0,F,MELBOURNE,MELBOURNE_CBD,-37.80959426,144.9638262,3000,Dry,Vehicle entering intersection,Clear,LA TROBE,SWANSTON,STREET,STREET,Collision,Not Applicable
T20110038184,2011-11-03,00:25:00                      ,Struck Pedestrian,Thursday,ANY MANOEUVRE INVOLVING PED NOT INCLUDED IN DCAs 100-108.  ,2E,D,3,Dark Street lights unknown,1,2,0,01,Pedestrians, ,Other injury,40-49,,M,MELBOURNE,MELB_URBAN,-37.81407233,144.9396644,3008,Dry,Not Required,Clear,WATERFRONT,DOEPEL,WAY,WAY,Collision,Not Applicable
T20110038354,2011-09-11,10:45:00                      ,Struck Pedestrian,Sunday,FAR SIDE. PED HIT BY VEHICLE FROM THE LEFT         ,1C,H,8,Day,1,2,0,01,Pedestrians,N,Other injury,17-21,3181.0,F,MELBOURNE,MELB_URBAN,-37.82764335,144.9580985,3006,Dry,Vehicle entering intersection,Clear,CLARENDON,CITY,STREET,ROAD,Collision,Not Applicable
T20110038628,2011-11-24,08:50:00                      ,Struck Pedestrian,Thursday,FAR SIDE. PED HIT BY VEHICLE FROM THE LEFT         ,1A,D,9,Day,1,2,1,01,Pedestrians,Y,Serious injury,40-49,,F,MELBOURNE,MELBOURNE_CBD,-37.8191838,144.957815,3000,Dry,Vehicle leaving intersection,Clear,FLINDERS,HIGHLANDER,LANE,LANE,Collision,Not Applicable
T20110038678,2011-11-24,16:55:00                      ,Struck Pedestrian,Thursday,PED STRUCK WALKING TO/FROM OR BOARDING/ALIGHTING VEHICLE.  ,2K,K,4,Day,1,2,0,01,Pedestrians, ,Not injured,22-25,3169.0,M,MELBOURNE,MELB_URBAN,-37.83695331,144.9758059,3004,Dry,Alighting,Clear,TOORAK,ST KILDA,ROAD,ROAD,Collision,Not Applicable
T20110038827,2011-11-26,02:40:00                      ,Struck Pedestrian,Saturday,PED NEAR SIDE. PED HIT BY VEHICLE FROM THE RIGHT.      ,1B,N,3,Dark Street lights on,1,5,0,04,Pedestrians,Y,Serious injury,30-39,,M,MELBOURNE,MELBOURNE_CBD,-37.811561,144.9647324,3000,Dry,Vehicle within intersection,Clear,LONSDALE,SWANSTON,STREET,STREET,Collision,Not Applicable
T20110038882,2011-11-25,17:07:00                      ,Struck Pedestrian,Friday,PED NEAR SIDE. PED HIT BY VEHICLE FROM THE RIGHT.      ,1D,L,6,Dusk/Dawn,1,2,0,01,Pedestrians, ,Other injury,26-29,3006.0,M,MELBOURNE,MELB_URBAN,-37.82513836,144.9610421,3006,Dry,Vehicle leaving intersection,Clear,CITY,BALSTON,ROAD,STREET,Collision,Not Applicable
T20110038923,2011-11-26,23:20:00                      ,Struck Pedestrian,Saturday,FAR SIDE. PED HIT BY VEHICLE FROM THE LEFT         ,1B,L,1,Dark Street lights on,1,2,0,01,Pedestrians, ,Other injury,30-39,3109.0,M,MELBOURNE,MELB_URBAN,-37.81031669,144.9613588,3000,Wet,Vehicle leaving intersection,Raining,ELIZABETH,LA TROBE,STREET,STREET,Collision,Not Applicable
T20110038941,2011-11-09,12:25:00                      ,Struck Pedestrian,Wednesday,FAR SIDE. PED HIT BY VEHICLE FROM THE LEFT         ,1B,N,9,Day,1,2,0,01,Pedestrians,N,Other injury,26-29,3799.0,M,MELBOURNE,MELBOURNE_CBD,-37.81648513,144.9669886,3000,Dry,Vehicle entering intersection,Clear,FLINDERS,SWANSTON,LANE,STREET,Collision,Not Applicable
T20110038975,2011-11-27,14:12:00                      ,Struck Pedestrian,Sunday,ANY MANOEUVRE INVOLVING PED NOT INCLUDED IN DCAs 100-108.  ,1B,P,7,Day,1,3,0,02,Pedestrians,N,Other injury,17-21,,M,MELBOURNE,MELBOURNE_CBD,-37.81531965,144.9671298,3000,Dry,Not Required,Clear,COLLINS,REGENT,STREET,PLACE,Collision,Not Applicable
T20110039072,2011-11-28,14:45:00                      ,Struck Pedestrian,Monday,FAR SIDE. PED HIT BY VEHICLE FROM THE LEFT         ,2B,H,6,Day,1,2,0,01,Pedestrians,N,Other injury,30-39,3000.0,F,MELBOURNE,MELB_URBAN,-37.79748147,144.9704876,3053,Dry,Vehicle entering intersection,Clear,ELGIN,RATHDOWNE,STREET,STREET,Collision,Not Applicable
T20110039547,2011-12-04,00:05:00                      ,Struck Pedestrian,Sunday,PED NEAR SIDE. PED HIT BY VEHICLE FROM THE RIGHT.      ,1B,N,9,Dark Street lights on,1,6,1,05,Pedestrians,Y,Serious injury,30-39,3184.0,M,MELBOURNE,MELBOURNE_CBD,-37.81648513,144.9669886,3000,Dry,Vehicle entering intersection,Clear,FLINDERS,SWANSTON,LANE,STREET,Collision,Not Applicable
T20110039660,2011-12-04,02:03:00                      ,Struck Pedestrian,Sunday,FAR SIDE. PED HIT BY VEHICLE FROM THE LEFT         ,2B,F,9,Dark Street lights on,1,2,1,01,Pedestrians,Y,Serious injury,17-21,3141.0,M,MELBOURNE,MELB_URBAN,-37.80298026,144.9665424,3053,Dry,Not Required,Clear,LYGON,PELHAM,STREET,STREET,Collision,Not Applicable
T20110039721,2011-12-06,09:47:00                      ,Struck Pedestrian,Tuesday,PED NEAR SIDE. PED HIT BY VEHICLE FROM THE RIGHT.      ,1B,N,3,Day,1,2,0,01,Pedestrians,N,Other injury,17-21,3207.0,M,MELBOURNE,MELBOURNE_CBD,-37.811561,144.9647324,3000,Dry,Vehicle within intersection,Clear,LONSDALE,SWANSTON,STREET,STREET,Collision,Not Applicable
T20110039731,2011-10-12,13:25:00                      ,Collision with vehicle,Wednesday,CROSS TRAFFIC(INTERSECTIONS ONLY)              ,2B,H,6,Day,2,3,1,01,Pedestrians, ,Not injured,40-49,,M,MELBOURNE,MELB_URBAN,-37.79748147,144.9704876,3053,Dry,Not Required,Clear,ELGIN,RATHDOWNE,STREET,STREET,Collision,Not Applicable
T20110039743,2011-12-06,11:22:00                      ,Struck Pedestrian,Tuesday,PED NEAR SIDE. PED HIT BY VEHICLE FROM THE RIGHT.      ,2F,K,2,Day,1,2,0,01,Pedestrians,Y,Fatality,70+,3103.0,F,MELBOURNE,MELB_URBAN,-37.81198099,144.9747227,3002,Dry,Not Required,Clear,MACARTHUR,ST ANDREWS,STREET,PLACE,Collision,Not Applicable
T20110039771,2010-12-24,13:30:00                      ,Struck Pedestrian,Friday,ANY MANOEUVRE INVOLVING PED NOT INCLUDED IN DCAs 100-108.  ,1B,N,10,Day,1,2,0,01,Pedestrians, ,Other injury,40-49,3183.0,F,MELBOURNE,MELB_URBAN,-37.81745307,144.967438,3000,Unknown,,Not known,FLINDERS,SWANSTON,STREET,STREET,Collision,Not Applicable
T20110039877,2011-12-07,16:45:00                      ,Struck Pedestrian,Wednesday,PED NEAR SIDE. PED HIT BY VEHICLE FROM THE RIGHT.      ,1B,V,3,Day,1,2,1,01,Pedestrians,Y,Other injury,30-39,3121.0,F,MELBOURNE,MELB_URBAN,-37.80940402,144.97214,3000,Dry,Vehicle entering intersection,Clear,LONSDALE,SPRING,STREET,STREET,Collision,Not Applicable
T20110039881,2011-12-07,18:30:00                      ,Struck Pedestrian,Wednesday,PED EMERGES FROM IN FRONT OF PARKED OR STATIONARY VEHICLE  ,1B,L,5,Day,1,2,0,01,Pedestrians, ,Other injury,30-39,3187.0,M,MELBOURNE,MELBOURNE_CBD,-37.81451873,144.9632844,3000,Dry,Pedestrian emerged from behind car etc,Clear,ELIZABETH,BOURKE,STREET,STREET,Collision,Not Applicable
T20110040007,2011-12-07,02:20:00                      ,Struck Pedestrian,Wednesday,ANY MANOEUVRE INVOLVING PED NOT INCLUDED IN DCAs 100-108.  ,2A,G,8,Dark Street lights on,1,2,1,01,Pedestrians,Y,Serious injury,30-39,3064.0,M,MELBOURNE,MELB_URBAN,-37.79980847,144.9460292,3051,Dry,Not Required,Clear,ABBOTSFORD,OSHANASSY,STREET,STREET,Collision,Not Applicable
T20110040389,2011-09-20,17:40:00                      ,Struck Pedestrian,Tuesday,FAR SIDE. PED HIT BY VEHICLE FROM THE LEFT         ,1B,U,3,Dusk/Dawn,1,2,0,01,Pedestrians,N,Other injury,22-25,3141.0,F,MELBOURNE,MELBOURNE_CBD,-37.80968948,144.9711598,3000,Dry,Not Required,Clear,LONSDALE,SPRING,STREET,STREET,Collision,Not Applicable
T20110040778,2011-12-13,20:00:00                      ,Struck Pedestrian,Tuesday,FAR SIDE. PED HIT BY VEHICLE FROM THE LEFT         ,2L,A,5,Day,2,3,0,01,Pedestrians,N,Other injury,17-21,,F,MELBOURNE,MELB_URBAN,-37.83907987,144.9765811,3004,Dry,Vehicle leaving intersection,Clear,ST KILDA,SLATER,ROAD,STREET,Collision,Not Applicable
T20110040807,2011-12-17,03:45:00                      ,Struck Pedestrian,Saturday,PED NEAR SIDE. PED HIT BY VEHICLE FROM THE RIGHT.      ,1B,Q,3,Dark Street lights on,1,2,0,01,Pedestrians, ,Other injury,22-25,,F,MELBOURNE,MELBOURNE_CBD,-37.81084195,144.967202,3000,Dry,Vehicle entering intersection,Clear,LONSDALE,RUSSELL,STREET,STREET,Collision,Not Applicable
T20110040893,2011-12-17,01:00:00                      ,Struck Pedestrian,Saturday,ANY MANOEUVRE INVOLVING PED NOT INCLUDED IN DCAs 100-108.  ,2A,J,5,Dark Street lights on,1,3,0,02,Pedestrians, ,Other injury,30-39,3429.0,M,MELBOURNE,MELB_URBAN,-37.79539815,144.9496923,3051,Dry,Not Required,Clear,FLEMINGTON,FLEMINGTON,ROAD,ROAD,Collision,Not Applicable
T20110041041,2011-12-19,15:40:00                      ,Struck Pedestrian,Monday,PED NEAR SIDE. PED HIT BY VEHICLE FROM THE RIGHT.      ,1B,V,5,Day,1,2,0,01,Pedestrians, ,Other injury,60-64,3029.0,M,MELBOURNE,MELBOURNE_CBD,-37.81135968,144.9730462,3000,Dry,Vehicle entering intersection,Clear,SPRING,BOURKE,STREET,STREET,Collision,Not Applicable
T20110041093,2011-12-12,11:00:00                      ,Struck Pedestrian,Monday,PED PLAYING/LYING/WORKING/STANDING ON CARRIAGEWAY.,2E,D,9,Day,1,2,0,01,Pedestrians, ,Other injury,40-49,3788.0,M,MELBOURNE,MELB_URBAN,-37.82372326,144.9402989,3008,Dry,Pedestrian working/pushing or working on vehicle,Clear,LORIMER,HARTLEY,STREET,STREET,Collision,Not Applicable
T20110041234,2011-12-21,21:57:00                      ,Struck Pedestrian,Wednesday,ANY MANOEUVRE INVOLVING PED NOT INCLUDED IN DCAs 100-108.  ,2B,D,12,Dark Street lights on,1,2,0,01,Pedestrians, ,Other injury,22-25,,F,MELBOURNE,MELB_URBAN,-37.80818237,144.9603755,3000,Dry,Not Required,Clear,ELIZABETH,FRANKLIN,STREET,STREET,Collision,Not Applicable
T20110041333,2011-12-23,00:53:00                      ,Struck Pedestrian,Friday,FAR SIDE. PED HIT BY VEHICLE FROM THE LEFT         ,1A,A,1,Dark Street lights on,1,2,0,01,Pedestrians, ,Other injury,26-29,3020.0,M,MELBOURNE,MELB_URBAN,-37.81316686,144.9514354,3000,Dry,Vehicle leaving intersection,Clear,SPENCER,LA TROBE,STREET,STREET,Collision,Not Applicable
T20110041684,2011-12-27,19:15:00                      ,Struck Pedestrian,Tuesday,PED NEAR SIDE. PED HIT BY VEHICLE FROM THE RIGHT.      ,1B,Q,2,Day,1,3,1,02,Pedestrians,Y,Serious injury,26-29,,F,MELBOURNE,MELBOURNE_CBD,-37.80998957,144.9668115,3000,Dry,Not Required,Clear,RUSSELL,LITTLE LONSDALE,STREET,STREET,Collision,Not Applicable
T20110041918,2011-12-21,17:20:00                      ,Struck Pedestrian,Wednesday,PED NEAR SIDE. PED HIT BY VEHICLE FROM THE RIGHT.      ,2B,E,11,Day,1,2,0,01,Pedestrians, ,Other injury,17-21,3053.0,F,MELBOURNE,MELB_URBAN,-37.80504201,144.9631765,3053,Dry,Vehicle leaving intersection,Clear,CORNELL,SWANSTON,PLACE,STREET,Collision,Not Applicable
T20120000192,2011-10-12,19:00:00                      ,Struck Pedestrian,Wednesday,ANY MANOEUVRE INVOLVING PED NOT INCLUDED IN DCAs 100-108.  ,2A,J,6,Day,1,2,0,01,Pedestrians, ,Other injury,40-49,3037.0,F,MELBOURNE,MELB_URBAN,-37.79628016,144.9507998,3051,Unknown,,Not known,FLEMINGTON,HARKER,ROAD,STREET,Collision,Not Applicable
T20120000296,2012-01-05,15:30:00                      ,Struck Pedestrian,Thursday,ANY MANOEUVRE INVOLVING PED NOT INCLUDED IN DCAs 100-108.  ,2B,B,12,Day,1,2,1,01,Pedestrians,Y,Serious injury,40-49,3032.0,M,MELBOURNE,MELB_URBAN,-37.80788991,144.9579492,3000,Unknown,Not Required,Not known,QUEEN,THERRY,STREET,STREET,Collision,Not Applicable
T20120000334,2012-01-06,03:47:00                      ,Struck Pedestrian,Friday,ANY MANOEUVRE INVOLVING PED NOT INCLUDED IN DCAs 100-108.  ,42,K,10,Dark Street lights on,1,2,0,01,Pedestrians, ,Other injury,26-29,3138.0,M,MELBOURNE,MELB_URBAN,-37.82163291,144.9307139,3008,Dry,Not Required,Clear,LORIMER,GRAHAM,STREET,STREET,Collision,Not Applicable
T20120000506,2012-01-08,13:15:00                      ,Struck Pedestrian,Sunday,ANY MANOEUVRE INVOLVING PED NOT INCLUDED IN DCAs 100-108.  ,1A,C,9,Day,1,2,0,01,Pedestrians, ,Other injury,17-21,3042.0,M,MELBOURNE,MELBOURNE_CBD,-37.81939013,144.9571063,3000,Dry,Not Required,Clear,KING,FLINDERS,STREET,LANE,Collision,Not Applicable
T20120000646,2012-01-10,07:45:00                      ,Struck Pedestrian,Tuesday,FAR SIDE. PED HIT BY VEHICLE FROM THE LEFT         ,1A,C,7,Day,1,2,0,01,Pedestrians,N,Serious injury,40-49,3030.0,F,MELBOURNE,MELBOURNE_CBD,-37.81835683,144.9566289,3000,Dry,Vehicle leaving intersection,Clear,KING,COLLINS,STREET,STREET,Collision,Not Applicable
T20120000887,2012-01-13,09:35:00                      ,Struck Pedestrian,Friday,PED NEAR SIDE. PED HIT BY VEHICLE FROM THE RIGHT.      ,2K,J,1,Day,1,2,0,01,Pedestrians,N,Serious injury,30-39,3059.0,F,MELBOURNE,MELB_URBAN,-37.83228015,144.9718,3004,Wet,Vehicle entering intersection,Raining,ST KILDA,PARK,ROAD,STREET,Collision,Not Applicable
T20120000949,2012-01-13,22:25:00                      ,Struck Pedestrian,Friday,PED NEAR SIDE. PED HIT BY VEHICLE FROM THE RIGHT.      ,2G,D,9,Dark Street lights on,1,2,1,01,Pedestrians,Y,Serious injury,17-21,5076.0,M,MELBOURNE,MELB_URBAN,-37.8239593,144.9839201,3004,Dry,Not Required,Clear,OLYMPIC,OLYMPIC,BOULEVARD,BOULEVARD,Collision,Not Applicable
T20120001078,2012-01-15,22:10:00                      ,Struck Pedestrian,Sunday,FAR SIDE. PED HIT BY VEHICLE FROM THE LEFT         ,1B,T,10,Dark Street lights on,1,2,0,01,Pedestrians,N,Serious injury,30-39,3138.0,M,MELBOURNE,MELB_URBAN,-37.81576562,144.9732079,3000,Dry,Not Required,Clear,FLINDERS,WELLINGTON S,STREET,PARADE,Collision,Not Applicable
T20120001216,2012-01-17,12:00:00                      ,Struck Pedestrian,Tuesday,ANY MANOEUVRE INVOLVING PED NOT INCLUDED IN DCAs 100-108.  ,1A,H,6,Day,1,2,0,01,Pedestrians, ,Other injury,70+,,M,MELBOURNE,MELBOURNE_CBD,-37.81594418,144.9611309,3000,Dry,Not Required,Clear,LITTLE COLLINS,QUEEN,STREET,STREET,Collision,Not Applicable
T20120001470,2012-01-20,12:10:00                      ,Struck Pedestrian,Friday,ANY MANOEUVRE INVOLVING PED NOT INCLUDED IN DCAs 100-108.  ,1B,N,10,Day,1,2,0,01,Pedestrians, ,Other injury,unknown,,U,MELBOURNE,MELB_URBAN,-37.81745307,144.967438,3000,Dry,Not Required,Clear,FLINDERS,SWANSTON,STREET,STREET,Collision,Not Applicable
T20120001479,2012-01-18,17:00:00                      ,Struck Pedestrian,Wednesday,PED NEAR SIDE. PED HIT BY VEHICLE FROM THE RIGHT.      ,1B,N,9,Day,1,3,1,01,Pedestrians, ,Not injured,16-17,3131.0,F,MELBOURNE,MELBOURNE_CBD,-37.81648513,144.9669886,3000,Dry,Vehicle leaving intersection,Clear,FLINDERS,SWANSTON,LANE,STREET,Collision,Not Applicable
T20120001479,2012-01-18,17:00:00                      ,Struck Pedestrian,Wednesday,PED NEAR SIDE. PED HIT BY VEHICLE FROM THE RIGHT.      ,1B,N,9,Day,1,3,1,02,Pedestrians, ,Not injured,17-21,3131.0,F,MELBOURNE,MELBOURNE_CBD,-37.81648513,144.9669886,3000,Dry,Vehicle leaving intersection,Clear,FLINDERS,SWANSTON,LANE,STREET,Collision,Not Applicable
T20120001840,2012-01-24,10:30:00                      ,Struck Pedestrian,Tuesday,PED NEAR SIDE. PED HIT BY VEHICLE FROM THE RIGHT.      ,2A,E,2,Day,1,3,0,02,Pedestrians, ,Other injury,26-29,,M,MELBOURNE,MELB_URBAN,-37.78942041,144.9424594,3052,Dry,Vehicle leaving intersection,Clear,ELLIOTT,SOUTHGATE,AVENUE,STREET,Collision,Not Applicable
T20120001944,2012-01-26,06:07:00                      ,Struck Pedestrian,Thursday,FAR SIDE. PED HIT BY VEHICLE FROM THE LEFT         ,1C,H,4,Dusk/Dawn,1,2,1,01,Pedestrians,Y,Serious injury,17-21,3805.0,M,MELBOURNE,MELB_URBAN,-37.82385008,144.9563497,3006,Dry,Not Required,Clear,CLARENDON,CLARENDON,STREET,STREET,Collision,Not Applicable
T20120002464,2012-02-01,16:47:00                      ,Struck Pedestrian,Wednesday,ANY MANOEUVRE INVOLVING PED NOT INCLUDED IN DCAs 100-108.  ,1C,K,7,Day,1,2,0,01,Pedestrians,N,Serious injury,40-49,,F,MELBOURNE,MELB_URBAN,-37.82597584,144.9600697,3006,Dry,Not Required,Clear,CITY,MORAY,ROAD,STREET,Collision,Not Applicable