KEYAccidentNumber,DATAccidentDate_accident,TIMAccidentTime_accident,CATAccidentTypeDesc_accident,CATDayOfWeek_accident,CATDCADesc_accident,CATMelwaysPage_accident,CATMelwaysGridRef_X_accident,CATMelwaysGridRef_Y_accident,CATLightConditionDesc_accident,NUMVehiclesInvolved_accident,NUMPersonsInvolved_accident,NUMPersonsInjured_accident,KEYPersonID_person,CATRoadUserTypeDesc_person,CATTakenHospital_person,CATInjuryLevelDesc_person,CATAgeGroup_person,CATPostcode_person,CATGender_person,CATLGAName_node,CATDEGUrbanName_node,NUMLatitude_node,NUMLongitude_node,CATPostcode_node,CATSurfaceConditionDesc_surface,CATSubDCACodeDesc_subdca,CATAtmosphericConditionDesc_atmosphere,CATRoadName_acclocation,CATRoadNameInt_acclocation,CATRoadType_acclocation,CATRoadTypeInt_acclocation,CATEventTypeDesc_accevent,CATObjectTypeDesc_accevent
T20120002522,2012-02-02,12:15:00                      ,Struck Pedestrian,Thursday,FAR SIDE. PED HIT BY VEHICLE FROM THE LEFT         ,1B,N,7,Day,1,4,1,01,Pedestrians,Y,Serious injury,70+,3143.0,F,MELBOURNE,MELBOURNE_CBD,-37.81549255,144.9665403,3000,Dry,Vehicle entering intersection,Clear,COLLINS,SWANSTON,STREET,STREET,Collision,Not Applicable
T20120002824,2012-02-06,09:00:00                      ,Struck Pedestrian,Monday,PED NEAR SIDE. PED HIT BY VEHICLE FROM THE RIGHT.      ,2F,F,12,Day,1,2,0,01,Pedestrians, ,Not injured,50-59,,M,MELBOURNE,MELB_URBAN,-37.83052031,144.9652316,3006,Dry,Not Required,Clear,STURT,KINGS,STREET,WAY,Collision,Not Applicable
T20120002856,2012-02-06,18:30:00                      ,Struck Pedestrian,Monday,PED NEAR SIDE. PED HIT BY VEHICLE FROM THE RIGHT.      ,2B,A,8,Day,1,2,1,01,Pedestrians,Y,Serious injury,50-59,,F,MELBOURNE,MELB_URBAN,-37.79965241,144.9550344,3000,Dry,Vehicle entering intersection,Clear,FLEMINGTON,GRATTAN,ROAD,STREET,Collision,Not Applicable
T20120002906,2012-02-07,06:45:00                      ,Struck Pedestrian,Tuesday,PED PLAYING/LYING/WORKING/STANDING ON CARRIAGEWAY.,2B,J,6,Day,1,2,0,01,Pedestrians,N,Other injury,30-39,3162.0,M,MELBOURNE,MELB_URBAN,-37.79649547,144.9724208,3053,Dry,Pedestrian standing,Clear,PALMERSTON,KINGSLAND,STREET,PLACE,Collision,Not Applicable
T20120002917,2012-02-07,09:52:00                      ,Struck Pedestrian,Tuesday,PED EMERGES FROM IN FRONT OF PARKED OR STATIONARY VEHICLE  ,2K,K,4,Day,1,2,0,01,Pedestrians, ,Other injury,50-59,3337.0,M,MELBOURNE,MELB_URBAN,-37.83621774,144.9755378,3004,Dry,Vehicle entering intersection,Clear,TOORAK,KINGS,ROAD,WAY,Collision,Not Applicable
T20120003062,2012-02-08,17:34:00                      ,Struck Pedestrian,Wednesday,PED EMERGES FROM IN FRONT OF PARKED OR STATIONARY VEHICLE  ,2B,A,8,Day,1,2,0,01,Pedestrians,N,Other injury,30-39,3072.0,F,MELBOURNE,MELB_URBAN,-37.7997602,144.9551697,3000,Dry,Pedestrian emerged from behind car etc,Clear,FLEMINGTON,GRATTAN,ROAD,STREET,Collision,Not Applicable
T20120003546,2012-02-08,17:00:00                      ,Struck Pedestrian,Wednesday,PED ON FOOTHPATH STRUCK BY VEHENTERING/LEAVING DRIVEWAY.  ,2F,K,1,Day,1,2,0,01,Pedestrians,N,Other injury,30-39,3104.0,M,MELBOURNE,MELB_URBAN,-37.80909984,144.9738783,3002,Dry,Paved footpath,Clear,EVELYN,ALBERT,PLACE,STREET,Collision,Not Applicable
T20120003701,2012-02-15,12:11:00                      ,Struck Pedestrian,Wednesday,PED NEAR SIDE. PED HIT BY VEHICLE FROM THE RIGHT.      ,2B,K,7,Day,1,2,0,01,Pedestrians,N,Other injury,17-21,,F,MELBOURNE,MELB_URBAN,-37.79824967,144.9748269,3053,Dry,Not Required,Clear,NICHOLSON,JOHNSTON,STREET,STREET,Collision,Not Applicable
T20120003823,2012-02-17,13:25:00                      ,Struck Pedestrian,Friday,ANY MANOEUVRE INVOLVING PED NOT INCLUDED IN DCAs 100-108.  ,1B,M,10,Day,1,2,0,01,Pedestrians, ,Other injury,64-69,3000.0,M,MELBOURNE,MELB_URBAN,-37.81786173,144.9660339,3000,Dry,Not Required,Clear,DEGRAVES,FLINDERS,STREET,STREET,Collision,Not Applicable
T20120004516,2012-02-24,15:30:00                      ,Struck Pedestrian,Friday,PED EMERGES FROM IN FRONT OF PARKED OR STATIONARY VEHICLE  ,2A,E,4,Day,1,2,0,01,Pedestrians,N,Other injury,0-4,3051.0,M,MELBOURNE,MELB_URBAN,-37.79240191,144.9413097,3051,Dry,Pedestrian emerged from behind car etc,Clear,SUTTON,PEARL,STREET,STREET,Collision,Not Applicable
T20120005536,2012-03-06,18:40:00                      ,Struck Pedestrian,Tuesday,PED NEAR SIDE. PED HIT BY VEHICLE FROM THE RIGHT.      ,2A,H,11,Day,1,3,1,02,Pedestrians,Y,Serious injury,30-39,3012.0,F,MELBOURNE,MELB_URBAN,-37.80550463,144.9486553,3003,Dry,Vehicle leaving intersection,Clear,KING,HAWKE,STREET,STREET,Collision,Not Applicable
T20120005547,2012-03-07,05:40:00                      ,Struck Pedestrian,Wednesday,PED NEAR SIDE. PED HIT BY VEHICLE FROM THE RIGHT.      ,2T,J,1,Dark Street lights on,1,2,1,01,Pedestrians,Y,Serious injury,70+,,F,MELBOURNE,MELB_URBAN,-37.78801516,144.9281508,3031,Dry,Not Required,Clear,RACECOURSE,CALWELL,ROAD,STREET,Collision,Not Applicable
T20120005590,2012-03-02,13:30:00                      ,Struck Pedestrian,Friday,ANY MANOEUVRE INVOLVING PED NOT INCLUDED IN DCAs 100-108.  ,1B,L,7,Day,1,2,0,01,Pedestrians, ,Other injury,50-59,,M,MELBOURNE,MELBOURNE_CBD,-37.81602955,144.9639815,3000,Dry,Not Required,Clear,ELIZABETH,COLLINS,STREET,STREET,Collision,Not Applicable
T20120005691,2012-03-08,15:40:00                      ,Struck Pedestrian,Thursday,FAR SIDE. PED HIT BY VEHICLE FROM THE LEFT         ,2A,D,3,Day,1,2,1,01,Pedestrians,Y,Serious injury,70+,3048.0,M,MELBOURNE,MELB_URBAN,-37.79178959,144.9395365,3051,Dry,Not Required,Clear,BOUNDARY,SUTTON,ROAD,STREET,Collision,Not Applicable
T20120005867,2012-03-10,14:05:00                      ,Struck Pedestrian,Saturday,PED NEAR SIDE. PED HIT BY VEHICLE FROM THE RIGHT.      ,2B,A,8,Day,1,3,1,02,Pedestrians,Y,Serious injury,30-39,3037.0,M,MELBOURNE,MELB_URBAN,-37.79965241,144.9550344,3000,Dry,Vehicle leaving intersection,Clear,FLEMINGTON,GRATTAN,ROAD,STREET,Collision,Not Applicable
T20120006152,2012-03-13,20:45:00                      ,Struck Pedestrian,Tuesday,PED STRUCK WALKING TO/FROM OR BOARDING/ALIGHTING VEHICLE.  ,2F,A,1,Dark Street lights on,1,2,0,01,Pedestrians,N,Other injury,26-29,3072.0,F,MELBOURNE,MELB_URBAN,-37.80967638,144.9554812,3000,Dry,Pedestrian emerged from behindtram,Clear,FRANKLIN,WILLIAM,STREET,STREET,Collision,Not Applicable
T20120006185,2012-03-14,06:32:00                      ,Struck Pedestrian,Wednesday,PED NEAR SIDE. PED HIT BY VEHICLE FROM THE RIGHT.      ,2L,D,5,Dark Street lights on,1,3,1,01,Pedestrians,Y,Fatality,64-69,3004.0,F,MELBOURNE,MELB_URBAN,-37.8380643,144.9844191,3141,Dry,Not Required,Clear,TOORAK,WALSH,ROAD,STREET,Collision,Not Applicable
T20120006185,2012-03-14,06:32:00                      ,Struck Pedestrian,Wednesday,PED NEAR SIDE. PED HIT BY VEHICLE FROM THE RIGHT.      ,2L,D,5,Dark Street lights on,1,3,1,02,Pedestrians,Y,Serious injury,64-69,3004.0,M,MELBOURNE,MELB_URBAN,-37.8380643,144.9844191,3141,Dry,Not Required,Clear,TOORAK,WALSH,ROAD,STREET,Collision,Not Applicable
T20120006230,2012-03-14,17:50:00                      ,Struck Pedestrian,Wednesday,VEH STRIKES PED ON FOOTPATH/MEDIAN/TRAFFIC ISLAND.,1A,C,7,Day,4,3,1,01,Pedestrians,N,Other injury,30-39,3132.0,F,MELBOURNE,MELBOURNE_CBD,-37.81835683,144.9566289,3000,Dry,Vehicle moving foward - out of control,Clear,KING,COLLINS,STREET,STREET,Collision,Not Applicable
T20120006230,2012-03-14,17:50:00                      ,Struck Pedestrian,Wednesday,VEH STRIKES PED ON FOOTPATH/MEDIAN/TRAFFIC ISLAND.,1A,C,7,Day,4,3,1,02,Pedestrians, ,Other injury,30-39,3132.0,M,MELBOURNE,MELBOURNE_CBD,-37.81835683,144.9566289,3000,Dry,Vehicle moving foward - out of control,Clear,KING,COLLINS,STREET,STREET,Collision,Not Applicable
T20120006521,2012-03-18,04:05:00                      ,Struck Pedestrian,Sunday,FAR SIDE. PED HIT BY VEHICLE FROM THE LEFT         ,2K,K,3,Dark Street lights on,1,2,0,01,Pedestrians,N,Other injury,22-25,3145.0,M,MELBOURNE,MELB_URBAN,-37.83467853,144.9745446,3004,Dry,Vehicle entering intersection,Clear,ST KILDA,BROMBY,ROAD,STREET,Collision,Not Applicable
T20120006678,2012-03-18,04:30:00                      ,Struck Pedestrian,Sunday,ANY MANOEUVRE INVOLVING PED NOT INCLUDED IN DCAs 100-108.  ,2E,E,3,Dark Street lights on,1,2,0,01,Pedestrians, ,Other injury,30-39,3550.0,M,MELBOURNE,MELB_URBAN,-37.81398998,144.94181,3008,Dry,Not Required,Clear,CARAVEL,MARMION,LANE,PLACE,Collision,Not Applicable
T20120006868,2012-03-21,16:43:00                      ,Struck Pedestrian,Wednesday,FAR SIDE. PED HIT BY VEHICLE FROM THE LEFT         ,1B,L,2,Day,1,2,0,01,Pedestrians,N,Other injury,26-29,,M,MELBOURNE,MELBOURNE_CBD,-37.81114858,144.9623193,3000,Dry,Not Required,Clear,LITTLE LONSDALE,ELIZABETH,STREET,STREET,Collision,Not Applicable
T20120007120,2012-03-25,04:15:00                      ,Struck Pedestrian,Sunday,ANY MANOEUVRE INVOLVING PED NOT INCLUDED IN DCAs 100-108.  ,1D,L,6,Dark Street lights on,1,2,0,01,Pedestrians,N,Other injury,26-29,3121.0,M,MELBOURNE,MELB_URBAN,-37.82513836,144.9610421,3006,Dry,,Clear,CITY,BALSTON,ROAD,STREET,Collision,Not Applicable
T20120007229,2012-03-26,16:14:00                      ,Struck Pedestrian,Monday,PED STRUCK WALKING TO/FROM OR BOARDING/ALIGHTING VEHICLE.  ,2B,C,4,Day,1,2,1,01,Pedestrians,Y,Serious injury,16-17,,F,MELBOURNE,MELB_URBAN,-37.79255198,144.9584548,3052,Dry,Pedestrian emerged from behindtram,Clear,ROYAL,COLLEGE,PARADE,CRESCENT,Collision,Not Applicable
T20120007397,2012-03-28,15:05:00                      ,Struck Pedestrian,Wednesday,PED EMERGES FROM IN FRONT OF PARKED OR STATIONARY VEHICLE  ,2B,H,10,Day,1,2,0,01,Pedestrians,N,Other injury,50-59,3170.0,F,MELBOURNE,MELB_URBAN,-37.80314488,144.9695531,3053,Dry,Vehicle entering intersection,Clear,PELHAM,RATHDOWNE,STREET,STREET,Collision,Not Applicable
T20120007429,2012-03-28,17:45:00                      ,Struck Pedestrian,Wednesday,ANY MANOEUVRE INVOLVING PED NOT INCLUDED IN DCAs 100-108.  ,2B,B,9,Day,1,2,1,01,Pedestrians,Y,Serious injury,30-39,3051.0,F,MELBOURNE,MELB_URBAN,-37.80181337,144.9574467,3000,Dry,Not Required,Clear,ELIZABETH,PELHAM,STREET,STREET,Collision,Not Applicable
T20120007595,2012-03-30,17:20:00                      ,Struck Pedestrian,Friday,PED NEAR SIDE. PED HIT BY VEHICLE FROM THE RIGHT.      ,1B,V,4,Day,1,2,0,01,Pedestrians,N,Other injury,26-29,,M,MELBOURNE,MELB_URBAN,-37.810374,144.9725895,3000,Dry,Vehicle entering intersection,Clear,SPRING,LITTLE BOURKE,STREET,STREET,Collision,Not Applicable
T20120007717,2012-04-01,12:40:00                      ,Struck Pedestrian,Sunday,PED NEAR SIDE. PED HIT BY VEHICLE FROM THE RIGHT.      ,2B,G,6,Day,1,3,0,01,Pedestrians,N,Other injury,60-64,3053.0,F,MELBOURNE,MELB_URBAN,-37.79732073,144.9690247,3053,Dry,Vehicle entering intersection,Clear,DRUMMOND,ELGIN,STREET,STREET,Collision,Not Applicable
T20120007717,2012-04-01,12:40:00                      ,Struck Pedestrian,Sunday,PED NEAR SIDE. PED HIT BY VEHICLE FROM THE RIGHT.      ,2B,G,6,Day,1,3,0,02,Pedestrians, ,Not injured,unknown,,U,MELBOURNE,MELB_URBAN,-37.79732073,144.9690247,3053,Dry,Vehicle entering intersection,Clear,DRUMMOND,ELGIN,STREET,STREET,Collision,Not Applicable
T20120007896,2012-03-30,12:50:00                      ,Struck Pedestrian,Friday,PED NEAR SIDE. PED HIT BY VEHICLE FROM THE RIGHT.      ,1B,N,3,Day,1,2,0,01,Pedestrians,N,Other injury,22-25,3084.0,F,MELBOURNE,MELBOURNE_CBD,-37.811561,144.9647324,3000,Dry,Not Required,Clear,LONSDALE,SWANSTON,STREET,STREET,Collision,Not Applicable
T20120008060,2012-04-05,11:20:00                      ,Struck Pedestrian,Thursday,ANY MANOEUVRE INVOLVING PED NOT INCLUDED IN DCAs 100-108.  ,1A,A,1,Day,2,3,0,01,Pedestrians,Y,Fatality,70+,3500.0,M,MELBOURNE,MELB_URBAN,-37.81331851,144.9508993,3003,Dry,,Clear,LA TROBE,SPENCER,STREET,STREET,Collision,Not Applicable
T20120008431,2012-04-07,07:30:00                      ,Struck Pedestrian,Saturday,PED WALKING WITH TRAFFIC                  ,2B,E,10,Unknown,1,2,0,01,Pedestrians, ,Other injury,60-64,3013.0,F,MELBOURNE,MELB_URBAN,-37.80458203,144.9634396,3053,Dry,Not on Footpath,Clear,QUEENSBERRY,SWANSTON,STREET,STREET,Collision,Not Applicable
T20120008678,2012-04-13,13:47:00                      ,Struck Pedestrian,Friday,PED NEAR SIDE. PED HIT BY VEHICLE FROM THE RIGHT.      ,2E,K,8,Day,1,4,1,03,Pedestrians,Y,Serious injury,26-29,,F,MELBOURNE,MELB_URBAN,-37.82183967,144.9524999,3008,Dry,,Clear,FLINDERS,WURUNDJERI,STREET,WAY,Collision,Not Applicable
T20120009478,2012-04-22,02:44:00                      ,Struck Pedestrian,Sunday,ANY MANOEUVRE INVOLVING PED NOT INCLUDED IN DCAs 100-108.  ,1B,Q,5,Dark Street lights on,1,2,0,01,Pedestrians,N,Other injury,22-25,3805.0,F,MELBOURNE,MELBOURNE_CBD,-37.81236061,144.9678979,3000,Dry,Not Required,Clear,RUSSELL,BULLENS,STREET,LANE,Collision,Not Applicable
T20120009724,2012-04-25,03:02:00                      ,Struck Pedestrian,Wednesday,FAR SIDE. PED HIT BY VEHICLE FROM THE LEFT         ,1B,Q,3,Dark Street lights on,1,4,1,02,Pedestrians,Y,Other injury,17-21,3851.0,F,MELBOURNE,MELBOURNE_CBD,-37.81084195,144.967202,3000,Wet,Vehicle leaving intersection,Raining,LONSDALE,RUSSELL,STREET,STREET,Collision,Not Applicable
T20120010168,2012-04-30,15:20:00                      ,Struck Pedestrian,Monday,VEH STRIKES PED ON FOOTPATH/MEDIAN/TRAFFIC ISLAND.,2B,B,11,Day,1,2,1,01,Pedestrians,Y,Serious injury,40-49,,F,MELBOURNE,MELB_URBAN,-37.80586818,144.9558931,3003,Dry,Vehicle moving foward - under control,Clear,PEEL,VICTORIA,STREET,STREET,Collision,Not Applicable
T20120010357,2012-05-02,09:30:00                      ,Struck Pedestrian,Wednesday,ANY MANOEUVRE INVOLVING PED NOT INCLUDED IN DCAs 100-108.  ,1B,M,10,Day,1,2,0,01,Pedestrians, ,Other injury,30-39,3000.0,M,MELBOURNE,MELBOURNE_CBD,-37.81776096,144.9659867,3000,Unknown,Not Required,Clear,DEGRAVES,FLINDERS,STREET,STREET,Collision,Not Applicable
T20120010564,2012-05-04,18:30:00                      ,Struck Pedestrian,Friday,PED NEAR SIDE. PED HIT BY VEHICLE FROM THE RIGHT.      ,1A,K,3,Dusk/Dawn,1,2,0,01,Pedestrians,N,Other injury,30-39,3000.0,F,MELBOURNE,MELBOURNE_CBD,-37.81258484,144.9612154,3000,Dry,Vehicle leaving intersection,Clear,LONSDALE,NIAGARA,STREET,LANE,Collision,Not Applicable
T20120010944,2012-05-10,08:15:00                      ,Struck Pedestrian,Thursday,FAR SIDE. PED HIT BY VEHICLE FROM THE LEFT         ,1C,H,1,Day,1,2,0,01,Pedestrians, ,Not injured,unknown,,U,MELBOURNE,MELB_URBAN,-37.82190883,144.955454,3000,Dry,Pedestrian emerged from behindtruck,Clear,SPENCER,SIDDELEY,STREET,STREET,Collision,Not Applicable
T20120010957,2012-05-10,10:20:00                      ,Struck Pedestrian,Thursday,FAR SIDE. PED HIT BY VEHICLE FROM THE LEFT         ,2T,K,1,Day,1,2,0,01,Pedestrians,N,Other injury,70+,3337.0,M,MELBOURNE,MELB_URBAN,-37.78815849,144.9294826,3031,Dry,Vehicle leaving intersection,Clear,RACECOURSE,EASTWOOD,ROAD,STREET,Collision,Not Applicable
T20120011097,2012-05-11,16:30:00                      ,Struck Pedestrian,Friday,FAR SIDE. PED HIT BY VEHICLE FROM THE LEFT         ,2B,G,4,Day,1,2,1,01,Pedestrians,Y,Serious injury,40-49,,M,MELBOURNE,MELB_URBAN,-37.79233445,144.9690792,3053,Dry,Not Required,Clear,PRINCES,CEMETERY E,STREET,ROAD,Collision,Not Applicable
T20120011173,2012-05-08,12:48:00                      ,Struck Pedestrian,Tuesday,PED NEAR SIDE. PED HIT BY VEHICLE FROM THE RIGHT.      ,2F,K,1,Day,1,2,0,01,Pedestrians, ,Other injury,30-39,,F,MELBOURNE,MELB_URBAN,-37.80937456,144.9741592,3002,Unknown,Not Required,Not known,ALBERT,EVELYN,STREET,PLACE,Collision,Not Applicable
T20120011552,2012-05-17,07:20:00                      ,Struck Pedestrian,Thursday,PED NEAR SIDE. PED HIT BY VEHICLE FROM THE RIGHT.      ,1B,L,1,Day,1,2,0,01,Pedestrians, ,Other injury,26-29,3000.0,F,MELBOURNE,MELB_URBAN,-37.81031669,144.9613588,3000,Dry,Vehicle leaving intersection,Clear,ELIZABETH,LA TROBE,STREET,STREET,Collision,Not Applicable
T20120011804,2012-05-20,12:15:00                      ,Struck Pedestrian,Sunday,FAR SIDE. PED HIT BY VEHICLE FROM THE LEFT         ,1B,V,5,Day,1,2,1,01,Pedestrians,Y,Serious injury,17-21,,F,MELBOURNE,MELB_URBAN,-37.81135968,144.9730462,3000,Dry,Vehicle leaving intersection,Clear,SPRING,BOURKE,STREET,STREET,Collision,Not Applicable
T20120011947,2012-05-22,09:04:00                      ,Struck Pedestrian,Tuesday,FAR SIDE. PED HIT BY VEHICLE FROM THE LEFT         ,2B,G,7,Day,1,2,0,01,Pedestrians,N,Other injury,17-21,3108.0,F,MELBOURNE,MELB_URBAN,-37.79867508,144.9672878,3053,Dry,Vehicle entering intersection,Clear,FARADAY,LYGON,STREET,STREET,Collision,Not Applicable
T20120012158,2012-05-24,12:58:00                      ,Struck Pedestrian,Thursday,PED EMERGES FROM IN FRONT OF PARKED OR STATIONARY VEHICLE  ,1B,L,6,Day,1,2,1,01,Pedestrians,Y,Serious injury,30-39,3082.0,M,MELBOURNE,MELBOURNE_CBD,-37.8148305,144.9634283,3000,Dry,Pedestrian emerged from behind car etc,Clear,ELIZABETH,LITTLE COLLINS,STREET,STREET,Collision,Not Applicable
T20120012418,2012-05-27,08:44:00                      ,Struck Pedestrian,Sunday,FAR SIDE. PED HIT BY VEHICLE FROM THE LEFT         ,1A,C,7,Day,1,2,1,01,Pedestrians,Y,Other injury,22-25,3085.0,M,MELBOURNE,MELBOURNE_CBD,-37.81835683,144.9566289,3000,Dry,Vehicle leaving intersection,Clear,KING,COLLINS,STREET,STREET,Collision,Not Applicable
T20120012482,2012-05-28,06:15:00                      ,Struck Pedestrian,Monday,PED PLAYING/LYING/WORKING/STANDING ON CARRIAGEWAY.,2B,A,12,Dark Street lights on,1,2,0,01,Pedestrians,N,Other injury,30-39,3207.0,M,MELBOURNE,MELB_URBAN,-37.80827047,144.9554742,3003,Dry,Pedestrian standing,Clear,PEEL,DUDLEY,STREET,STREET,Collision,Not Applicable
T20120012675,2012-05-30,20:20:00                      ,Struck Pedestrian,Wednesday,PED EMERGES FROM IN FRONT OF PARKED OR STATIONARY VEHICLE  ,1B,N,10,Dark Street lights on,1,2,1,01,Pedestrians,Y,Serious injury,26-29,3011.0,M,MELBOURNE,MELB_URBAN,-37.81751693,144.9672186,3000,Dry,Pedestrian emerged from behind car etc,Clear,FLINDERS,SWANSTON,STREET,STREET,Collision,Not Applicable
T20120012736,2012-05-24,23:45:00                      ,Struck Pedestrian,Thursday,FAR SIDE. PED HIT BY VEHICLE FROM THE LEFT         ,2B,E,10,Dark Street lights on,1,3,1,02,Pedestrians,Y,Serious injury,22-25,,M,MELBOURNE,MELB_URBAN,-37.80319667,144.9632806,3053,Unknown,Pedestrian stepped off median strip,Not known,LINCOLN,SWANSTON,SQUARE,STREET,Collision,Not Applicable
T20120012838,2012-06-01,14:13:00                      ,Struck Pedestrian,Friday,FAR SIDE. PED HIT BY VEHICLE FROM THE LEFT         ,1B,U,5,Day,1,4,0,03,Pedestrians,N,Other injury,22-25,3182.0,F,MELBOURNE,MELBOURNE_CBD,-37.8117049,144.9718676,3000,Dry,Not Required,Clear,BOURKE,MEYERS,STREET,PLACE,Collision,Not Applicable
T20120012945,2012-06-01,23:00:00                      ,Struck Pedestrian,Friday,PED EMERGES FROM IN FRONT OF PARKED OR STATIONARY VEHICLE  ,2E,J,1,Dark Street lights on,1,3,1,01,Pedestrians,Y,Serious injury,22-25,,F,MELBOURNE,MELB_URBAN,-37.81024181,144.9497011,3003,Dry,Pedestrian emerged from behind car etc,Clear,DUDLEY,SPENCER,STREET,STREET,Collision,Not Applicable
T20120012945,2012-06-01,23:00:00                      ,Struck Pedestrian,Friday,PED EMERGES FROM IN FRONT OF PARKED OR STATIONARY VEHICLE  ,2E,J,1,Dark Street lights on,1,3,1,02,Pedestrians, ,Other injury,26-29,3283.0,F,MELBOURNE,MELB_URBAN,-37.81024181,144.9497011,3003,Dry,Pedestrian emerged from behind car etc,Clear,DUDLEY,SPENCER,STREET,STREET,Collision,Not Applicable
T20120012948,2012-05-24,06:50:00                      ,Struck Pedestrian,Thursday,ANY MANOEUVRE INVOLVING PED NOT INCLUDED IN DCAs 100-108.  ,1A,H,7,Dark Street lights on,1,2,0,01,Pedestrians, ,Other injury,40-49,3087.0,F,MELBOURNE,MELBOURNE_CBD,-37.81693249,144.9615823,3000,Unknown,Not Required,Not known,COLLINS,QUEEN,STREET,STREET,Collision,Not Applicable
T20120013032,2012-06-04,12:18:00                      ,Struck Pedestrian,Monday,PED NEAR SIDE. PED HIT BY VEHICLE FROM THE RIGHT.      ,1A,H,5,Day,1,2,0,01,Pedestrians,N,Other injury,30-39,3032.0,F,MELBOURNE,MELBOURNE_CBD,-37.81504341,144.9604116,3000,Wet,Not Required,Clear,BOURKE,MICHAEL,STREET,LANE,Collision,Not Applicable
T20120013080,2012-06-04,05:40:00                      ,Struck Pedestrian,Monday,PED NEAR SIDE. PED HIT BY VEHICLE FROM THE RIGHT.      ,1B,Q,3,Dark Street lights on,1,2,0,01,Pedestrians,N,Other injury,17-21,3039.0,M,MELBOURNE,MELBOURNE_CBD,-37.81084195,144.967202,3000,Wet,Vehicle leaving intersection,Raining,LONSDALE,RUSSELL,STREET,STREET,Collision,Not Applicable
T20120013119,2012-06-05,15:13:00                      ,Struck Pedestrian,Tuesday,PED NEAR SIDE. PED HIT BY VEHICLE FROM THE RIGHT.      ,1B,R,4,Day,1,2,0,01,Pedestrians, ,Other injury,50-59,3074.0,M,MELBOURNE,MELBOURNE_CBD,-37.81170103,144.9680705,3000,Dry,Vehicle reversing,Clear,LITTLE BOURKE,COVERLID,STREET,PLACE,Collision,Not Applicable
T20120013326,2012-06-08,07:38:00                      ,Struck Pedestrian,Friday,PED EMERGES FROM IN FRONT OF PARKED OR STATIONARY VEHICLE  ,2G,B,9,Dusk/Dawn,1,2,1,01,Pedestrians,Y,Serious injury,30-39,3181.0,F,MELBOURNE,MELB_URBAN,-37.82327111,144.9781899,3004,Dry,Vehicle going straight through,Clear,OLYMPIC,BATMAN,BOULEVARD,AVENUE,Collision,Not Applicable
T20120013563,2012-06-11,13:54:00                      ,Struck Pedestrian,Monday,PED NEAR SIDE. PED HIT BY VEHICLE FROM THE RIGHT.      ,1A,A,7,Day,1,2,1,01,Pedestrians,Y,Serious injury,50-59,,M,MELBOURNE,MELB_URBAN,-37.81906984,144.9541489,3000,Dry,Vehicle leaving intersection,Clear,SPENCER,COLLINS,STREET,STREET,Collision,Not Applicable
T20120013593,2012-06-07,18:10:00                      ,Struck Pedestrian,Thursday,FAR SIDE. PED HIT BY VEHICLE FROM THE LEFT         ,1A,J,3,Dark Street lights on,1,3,1,01,Pedestrians,Y,Serious injury,30-39,3020.0,M,MELBOURNE,MELBOURNE_CBD,-37.81264784,144.960999,3000,Dry,Not Required,Clear,LONSDALE,HARDWARE,STREET,STREET,Collision,Not Applicable
T20120013882,2012-06-15,14:30:00                      ,Struck Pedestrian,Friday,PED NEAR SIDE. PED HIT BY VEHICLE FROM THE RIGHT.      ,2L,B,8,Day,1,2,0,01,Pedestrians,N,Other injury,22-25,,F,MELBOURNE,MELB_URBAN,-37.84453037,144.9785684,3004,Dry,Pedestrian stepped off median strip,Clear,ST KILDA,COMMERCIAL,ROAD,ROAD,Collision,Not Applicable
T20120014101,2012-06-18,15:30:00                      ,Struck Pedestrian,Monday,PED NEAR SIDE. PED HIT BY VEHICLE FROM THE RIGHT.      ,2B,E,9,Day,1,2,0,01,Pedestrians,N,Serious injury,17-21,,F,MELBOURNE,MELB_URBAN,-37.80177991,144.9637423,3053,Dry,Vehicle entering intersection,Clear,LINCOLN,SWANSTON,SQUARE,STREET,Collision,Not Applicable
T20120014225,2012-06-20,09:25:00                      ,Struck Pedestrian,Wednesday,FAR SIDE. PED HIT BY VEHICLE FROM THE LEFT         ,2A,D,2,Day,1,2,1,01,Pedestrians,Y,Serious injury,40-49,3033.0,M,MELBOURNE,MELB_URBAN,-37.78917508,144.940026,3051,Dry,Vehicle leaving intersection,Clear,RACECOURSE,BOUNDARY,ROAD,ROAD,Collision,Not Applicable
T20120014249,2012-06-20,15:00:00                      ,Struck Pedestrian,Wednesday,PED NEAR SIDE. PED HIT BY VEHICLE FROM THE RIGHT.      ,1B,L,1,Day,1,3,1,01,Pedestrians,Y,Serious injury,22-25,3015.0,F,MELBOURNE,MELBOURNE_CBD,-37.81031669,144.9613588,3000,Dry,Vehicle entering intersection,Clear,ELIZABETH,LA TROBE,STREET,STREET,Collision,Not Applicable
T20120014886,2012-06-28,06:50:00                      ,Collision with vehicle,Thursday,RIGHT THROUGH                        ,42,K,7,Day,2,3,1,01,Pedestrians,Y,Serious injury,unknown,3012.0,F,MELBOURNE,MELB_URBAN,-37.80913336,144.9304595,3003,Dry,Not Required,Clear,FOOTSCRAY,APPLETON DOCK,ROAD,ROAD,Collision,Not Applicable