KEYAccidentNumber,DATAccidentDate_accident,TIMAccidentTime_accident,CATAccidentTypeDesc_accident,CATDayOfWeek_accident,CATDCADesc_accident,CATMelwaysPage_accident,CATMelwaysGridRef_X_accident,CATMelwaysGridRef_Y_accident,CATLightConditionDesc_accident,NUMVehiclesInvolved_accident,NUMPersonsInvolved_accident,NUMPersonsInjured_accident,KEYPersonID_person,CATRoadUserTypeDesc_person,CATTakenHospital_person,CATInjuryLevelDesc_person,CATAgeGroup_person,CATPostcode_person,CATGender_person,CATLGAName_node,CATDEGUrbanName_node,NUMLatitude_node,NUMLongitude_node,CATPostcode_node,CATSurfaceConditionDesc_surface,CATSubDCACodeDesc_subdca,CATAtmosphericConditionDesc_atmosphere,CATRoadName_acclocation,CATRoadNameInt_acclocation,CATRoadType_acclocation,CATRoadTypeInt_acclocation,CATEventTypeDesc_accevent,CATObjectTypeDesc_accevent
T20120014887,2012-06-28,09:40:00                      ,Struck Pedestrian,Thursday,PED STRUCK WALKING TO/FROM OR BOARDING/ALIGHTING VEHICLE.  ,2B,B,8,Day,1,2,0,01,Pedestrians,N,Other injury,22-25,3058.0,F,MELBOURNE,MELB_URBAN,-37.7997167,144.9575562,3000,Dry,Pedestrian emerged from behindtram,Clear,ELIZABETH,ROYAL,STREET,PARADE,Collision,Not Applicable
T20120014927,2012-06-28,12:15:00                      ,Struck Pedestrian,Thursday,FAR SIDE. PED HIT BY VEHICLE FROM THE LEFT         ,1B,T,3,Unknown,1,2,0,01,Pedestrians,N,Other injury,22-25,,M,MELBOURNE,MELBOURNE_CBD,-37.81012748,144.9696558,3000,Dry,Vehicle leaving intersection,Clear,EXHIBITION,LONSDALE,STREET,STREET,Collision,Not Applicable
T20120015266,2012-07-02,18:55:00                      ,Struck Pedestrian,Monday,PED NEAR SIDE. PED HIT BY VEHICLE FROM THE RIGHT.      ,2A,G,12,Dark Street lights on,1,3,0,01,Pedestrians, ,Other injury,26-29,3051.0,F,MELBOURNE,MELB_URBAN,-37.80709106,144.946968,3003,Wet,Vehicle entering intersection,Raining,SPENCER,HAWKE,STREET,STREET,Collision,Not Applicable
T20120015266,2012-07-02,18:55:00                      ,Struck Pedestrian,Monday,PED NEAR SIDE. PED HIT BY VEHICLE FROM THE RIGHT.      ,2A,G,12,Dark Street lights on,1,3,0,02,Pedestrians, ,Other injury,30-39,3152.0,M,MELBOURNE,MELB_URBAN,-37.80709106,144.946968,3003,Wet,Vehicle entering intersection,Raining,SPENCER,HAWKE,STREET,STREET,Collision,Not Applicable
T20120015278,2012-07-02,21:22:00                      ,Struck Pedestrian,Monday,PED WALKING WITH TRAFFIC                  ,1A,C,4,Dark Street lights on,1,2,1,01,Pedestrians,Y,Other injury,22-25,3977.0,M,MELBOURNE,MELBOURNE_CBD,-37.8154039,144.955278,3000,Wet,Not Required,Raining,KING,LITTLE BOURKE,STREET,STREET,Collision,Not Applicable
T20120015438,2012-06-21,20:00:00                      ,Struck Pedestrian,Thursday,FAR SIDE. PED HIT BY VEHICLE FROM THE LEFT         ,2B,G,4,Dark Street lights on,1,2,0,01,Pedestrians, ,Other injury,30-39,3054.0,M,MELBOURNE,MELB_URBAN,-37.79226018,144.9683897,3053,Wet,Vehicle leaving intersection,Raining,CEMETERY,PRINCES,ROAD,STREET,Collision,Not Applicable
T20120015629,2012-07-06,18:05:00                      ,Struck Pedestrian,Friday,ANY MANOEUVRE INVOLVING PED NOT INCLUDED IN DCAs 100-108.  ,2B,E,7,Dark Street lights on,1,2,1,01,Pedestrians,Y,Other injury,26-29,3183.0,F,MELBOURNE,MELB_URBAN,-37.79866022,144.9642919,3052,Dry,Not Required,Clear,SWANSTON,MONASH,STREET,ROAD,Collision,Not Applicable
T20120015707,2012-07-07,16:20:00                      ,Struck Pedestrian,Saturday,ANY MANOEUVRE INVOLVING PED NOT INCLUDED IN DCAs 100-108.  ,1D,V,7,Day,1,2,1,01,Pedestrians,Y,Serious injury,26-29,,M,MELBOURNE,MELB_URBAN,-37.82290965,144.9699412,3004,Dry,Not Required,Clear,ST KILDA,ST KILDA,ROAD,ROAD,Collision,Not Applicable
T20120015868,2012-06-26,09:30:00                      ,Struck Pedestrian,Tuesday,PED NEAR SIDE. PED HIT BY VEHICLE FROM THE RIGHT.      ,1A,A,5,Day,1,2,0,01,Pedestrians, ,Other injury,22-25,3000.0,M,MELBOURNE,MELBOURNE_CBD,-37.81701462,144.9535121,3000,Wet,Not Required,Raining,BOURKE,SPENCER,STREET,STREET,Collision,Not Applicable
T20120016014,2012-07-11,14:31:00                      ,Struck Pedestrian,Wednesday,ANY MANOEUVRE INVOLVING PED NOT INCLUDED IN DCAs 100-108.  , , , ,Day,1,2,0,01,Pedestrians, ,Other injury,17-21,3023.0,F,MELBOURNE,MELBOURNE_CBD,-37.80985953,144.9695316,3000,Dry,Not Required,Clear,EXHIBITION,LONSDALE,STREET,STREET,Collision,Not Applicable
T20120016154,2012-07-14,00:55:00                      ,Struck Pedestrian,Saturday,PED NEAR SIDE. PED HIT BY VEHICLE FROM THE RIGHT.      ,1D,V,5,Dark Street lights on,1,2,0,01,Pedestrians,N,Serious injury,26-29,3207.0,F,MELBOURNE,MELB_URBAN,-37.82132001,144.9694599,3004,Dry,Not Required,Clear,ST KILDA,ST KILDA,ROAD,ROAD,Collision,Not Applicable
T20120016423,2012-07-18,06:40:00                      ,Struck Pedestrian,Wednesday,PED NEAR SIDE. PED HIT BY VEHICLE FROM THE RIGHT.      ,2E,J,1,Dusk/Dawn,1,2,0,01,Pedestrians,N,Other injury,50-59,3021.0,F,MELBOURNE,MELB_URBAN,-37.81013295,144.9499871,3003,Wet,Vehicle within intersection,Raining,DUDLEY,SPENCER,STREET,STREET,Collision,Not Applicable
T20120016427,2012-07-18,07:32:00                      ,Struck Pedestrian,Wednesday,FAR SIDE. PED HIT BY VEHICLE FROM THE LEFT         ,2A,C,2,Dusk/Dawn,1,2,0,01,Pedestrians,N,Other injury,22-25,3031.0,F,MELBOURNE,MELB_URBAN,-37.78875038,144.9360519,3031,Wet,Vehicle entering intersection,Raining,RACECOURSE,STUBBS,ROAD,STREET,Collision,Not Applicable
T20120016468,2012-07-18,14:10:00                      ,Struck Pedestrian,Wednesday,ANY MANOEUVRE INVOLVING PED NOT INCLUDED IN DCAs 100-108.  ,1B,L,9,Day,1,2,0,01,Pedestrians, ,Other injury,40-49,3030.0,M,MELBOURNE,MELBOURNE_CBD,-37.81719807,144.9645208,3000,Dry,Not Required,Clear,ELIZABETH,FLINDERS,STREET,LANE,Collision,Not Applicable
T20120016641,2012-07-01,18:20:00                      ,Struck Pedestrian,Sunday,FAR SIDE. PED HIT BY VEHICLE FROM THE LEFT         ,1B,Q,7,Dark Street lights on,1,2,0,01,Pedestrians, ,Other injury,17-21,,M,MELBOURNE,MELBOURNE_CBD,-37.81477045,144.9690022,3000,Wet,Vehicle leaving intersection,Raining,COLLINS,RUSSELL,STREET,STREET,Collision,Not Applicable
T20120016762,2012-07-21,14:25:00                      ,Collision with a fixed object,Saturday,OTHER ACCIDENTS-OFF STRAIGHT NOT INCLUDED IN DCAs 170-175  ,1B,P,10,Day,1,2,0,01,Pedestrians, ,Other injury,22-25,3161.0,M,MELBOURNE,MELB_URBAN,-37.81704439,144.968842,3000,Dry,Poles (telephone/electricity),Clear,FLINDERS,HOSIER,STREET,LANE,Ran off carriageway,Not Applicable
T20120016859,2012-07-23,15:15:00                      ,Struck Pedestrian,Monday,PED EMERGES FROM IN FRONT OF PARKED OR STATIONARY VEHICLE  ,2L,C,3,Day,1,2,0,01,Pedestrians, ,Other injury,17-21,3141.0,F,MELBOURNE,MELB_URBAN,-37.83443052,144.9824739,3141,Dry,Pedestrian emerged from behind car etc,Clear,PARK,BIRDWOOD,STREET,AVENUE,Collision,Not Applicable
T20120016980,2012-07-24,14:35:00                      ,Struck Pedestrian,Tuesday,ANY MANOEUVRE INVOLVING PED NOT INCLUDED IN DCAs 100-108.  ,2A,J,8,Day,1,2,0,01,Pedestrians, ,Other injury,50-59,3031.0,F,MELBOURNE,MELB_URBAN,-37.80076969,144.9500273,3051,Dry,Not Required,Clear,ERROL,ARDEN,STREET,STREET,Collision,Not Applicable
T20120017142,2012-07-27,12:43:00                      ,Struck Pedestrian,Friday,FAR SIDE. PED HIT BY VEHICLE FROM THE LEFT         ,2G,E,11,Day,1,2,0,01,Pedestrians, ,Other injury,40-49,3150.0,M,MELBOURNE,MELB_URBAN,-37.82834683,144.984853,3004,Wet,Vehicle within intersection,Clear,ALEXANDRA,ANDERSON,AVENUE,STREET,Collision,Not Applicable
T20120017196,2012-07-27,17:30:00                      ,Struck Pedestrian,Friday,PED NEAR SIDE. PED HIT BY VEHICLE FROM THE RIGHT.      ,2K,K,4,Dusk/Dawn,1,2,0,01,Pedestrians, ,Other injury,30-39,4214.0,M,MELBOURNE,MELB_URBAN,-37.83695331,144.9758059,3004,Wet,,Raining,TOORAK,ST KILDA,ROAD,ROAD,Collision,Not Applicable
T20120017792,2012-06-30,12:30:00                      ,Struck Pedestrian,Saturday,PED NEAR SIDE. PED HIT BY VEHICLE FROM THE RIGHT.      ,1B,N,5,Day,1,2,0,01,Pedestrians, ,Not injured,unknown,,M,MELBOURNE,MELBOURNE_CBD,-37.8135308,144.9656335,3000,Dry,Not Required,Clear,BOURKE,SWANSTON,STREET,STREET,Collision,Not Applicable
T20120017815,2012-08-04,18:35:00                      ,Struck Pedestrian,Saturday,FAR SIDE. PED HIT BY VEHICLE FROM THE LEFT         ,2K,J,1,Dark No street lights,1,2,0,01,Pedestrians,N,Other injury,22-25,,F,MELBOURNE,MELB_URBAN,-37.83228015,144.9718,3004,Dry,Vehicle leaving intersection,Clear,ST KILDA,PARK,ROAD,STREET,Collision,Not Applicable
T20120018118,2012-08-08,13:40:00                      ,Struck Pedestrian,Wednesday,PED NEAR SIDE. PED HIT BY VEHICLE FROM THE RIGHT.      ,28,G,11,Day,1,2,1,01,Pedestrians,Y,Serious injury,40-49,,M,MELBOURNE,MELB_URBAN,-37.78234143,144.9164076,3031,Wet,Not Required,Raining,EPSOM,ASCOT,ROAD,STREET,Collision,Not Applicable
T20120018300,2012-08-10,18:27:00                      ,Struck Pedestrian,Friday,FAR SIDE. PED HIT BY VEHICLE FROM THE LEFT         ,1B,L,5,Dusk/Dawn,1,3,0,02,Pedestrians,N,Other injury,60-64,,M,MELBOURNE,MELBOURNE_CBD,-37.81424771,144.9631593,3000,Wet,Vehicle entering intersection,Clear,BOURKE,ELIZABETH,STREET,STREET,Collision,Not Applicable
T20120018571,2012-08-14,14:35:00                      ,Struck Pedestrian,Tuesday,ANY MANOEUVRE INVOLVING PED NOT INCLUDED IN DCAs 100-108.  ,2G,D,5,Day,1,2,0,01,Pedestrians,N,Other injury,50-59,3002.0,M,MELBOURNE,MELB_URBAN,-37.81609518,144.9826136,3002,Dry,Not Required,Clear,WELLINGTON,WELLINGTON S,PARADE,PARADE,Collision,Not Applicable
T20120018858,2012-08-17,19:15:00                      ,Struck Pedestrian,Friday,PED NEAR SIDE. PED HIT BY VEHICLE FROM THE RIGHT.      ,1A,C,3,Dark Street lights on,1,2,0,01,Pedestrians, ,Other injury,unknown,,U,MELBOURNE,MELBOURNE_CBD,-37.8144259,144.9548263,3000,Dry,Vehicle leaving intersection,Clear,KING,LONSDALE,STREET,STREET,Collision,Not Applicable
T20120018939,2012-08-19,03:50:00                      ,Struck Pedestrian,Sunday,PED PLAYING/LYING/WORKING/STANDING ON CARRIAGEWAY.,1C,H,5,Dark Street lights on,1,2,0,01,Pedestrians, ,Other injury,22-25,3038.0,M,MELBOURNE,MELB_URBAN,-37.82518967,144.9569711,3006,Dry,Pedestrian standing,Clear,CLARENDON,NORMANBY,STREET,ROAD,Collision,Not Applicable
T20120019261,2012-08-23,16:10:00                      ,Struck Pedestrian,Thursday,FAR SIDE. PED HIT BY VEHICLE FROM THE LEFT         ,2B,G,6,Day,1,2,1,01,Pedestrians,Y,Serious injury,70+,3169.0,M,MELBOURNE,MELB_URBAN,-37.79715948,144.9675577,3053,Wet,Vehicle leaving intersection,Raining,ELGIN,LYGON,STREET,STREET,Collision,Not Applicable
T20120019390,2012-08-25,05:00:00                      ,Struck Pedestrian,Saturday,ANY MANOEUVRE INVOLVING PED NOT INCLUDED IN DCAs 100-108.  ,1A,C,10,Dark Street lights unknown,1,2,0,01,Pedestrians, ,Other injury,26-29,3810.0,M,MELBOURNE,MELBOURNE_CBD,-37.82017941,144.957472,3000,Dry,Not Required,Clear,KING,KINGS,STREET,WAY,Collision,Not Applicable
T20120019722,2012-08-29,09:30:00                      ,Struck Pedestrian,Wednesday,PED NEAR SIDE. PED HIT BY VEHICLE FROM THE RIGHT.      ,2L,C,11,Day,1,2,0,01,Pedestrians,N,Serious injury,26-29,,F,MELBOURNE,MELB_URBAN,-37.85021929,144.9806426,3004,Dry,Vehicle leaving intersection,Clear,HIGH,ST KILDA,STREET,ROAD,Collision,Not Applicable
T20120019969,2012-08-31,20:45:00                      ,Struck Pedestrian,Friday,FAR SIDE. PED HIT BY VEHICLE FROM THE LEFT         ,2G,G,5,Dark Street lights on,1,2,1,01,Pedestrians,Y,Serious injury,40-49,,M,MELBOURNE,MELB_URBAN,-37.81755491,144.9900128,3002,Dry,Vehicle entering intersection,Clear,HODDLE STREET -PUNT,WELLINGTON,ROAD,PARADE,Collision,Not Applicable
T20120020025,2012-09-01,18:35:00                      ,Struck Pedestrian,Saturday,VEH STRIKES PED ON FOOTPATH/MEDIAN/TRAFFIC ISLAND.,2B,A,7,Dark Street lights on,1,2,1,01,Pedestrians,Y,Serious injury,30-39,,F,MELBOURNE,MELB_URBAN,-37.79933924,144.9543894,3051,Dry,Vehicle moving foward - out of control,Clear,HIGH,FLEMINGTON FWD,STREET,ROAD SERVICE ROAD,Collision,Not Applicable
T20120020322,2012-09-05,16:25:00                      ,Struck Pedestrian,Wednesday,FAR SIDE. PED HIT BY VEHICLE FROM THE LEFT         ,2T,H,1,Day,1,2,0,01,Pedestrians, ,Other injury,50-59,3041.0,F,MELBOURNE,MELB_URBAN,-37.78785355,144.9266494,3031,Dry,Vehicle leaving intersection,Clear,RACECOURSE,NEWMARKET,ROAD,STREET,Collision,Not Applicable
T20120020479,2012-09-07,19:20:00                      ,Struck Pedestrian,Friday,PED NEAR SIDE. PED HIT BY VEHICLE FROM THE RIGHT.      ,2A,D,2,Dark Street lights on,1,2,0,01,Pedestrians,N,Other injury,70+,,M,MELBOURNE,MELB_URBAN,-37.78917508,144.940026,3051,Wet,Vehicle leaving intersection,Raining,RACECOURSE,BOUNDARY,ROAD,ROAD,Collision,Not Applicable
T20120020645,2012-09-07,07:05:00                      ,Other accident,Friday,UNKNOWN-NO DETAILS ON MANOEUVRES OF ROAD-USERS IN ACCIDENT ,1A,C,3,Day,1,2,0,01,Pedestrians, ,Other injury,30-39,,F,MELBOURNE,MELBOURNE_CBD,-37.81456188,144.9543509,3000,Dry,Not Required,Clear,LONSDALE,MERRIMAN,STREET,LANE,Other,Not Applicable
T20120020856,2012-09-13,13:00:00                      ,Struck Pedestrian,Thursday,ANY MANOEUVRE INVOLVING PED NOT INCLUDED IN DCAs 100-108.  ,28,G,11,Day,1,2,0,01,Pedestrians,N,Other injury,26-29,3046.0,F,MELBOURNE,MELB_URBAN,-37.78058876,144.9147435,3031,Wet,Not Required,Raining,EPSOM,UNION,ROAD,ROAD,Collision,Not Applicable
T20120021371,2012-09-20,07:50:00                      ,Struck Pedestrian,Thursday,PED EMERGES FROM IN FRONT OF PARKED OR STATIONARY VEHICLE  ,28,G,11,Dusk/Dawn,1,2,0,01,Pedestrians, ,Other injury,13-15,3032.0,M,MELBOURNE,MELB_URBAN,-37.78058876,144.9147435,3031,Wet,Vehicle entering intersection,Raining,EPSOM,UNION,ROAD,ROAD,Collision,Not Applicable
T20120022013,2012-09-26,21:50:00                      ,Struck Pedestrian,Wednesday,ANY MANOEUVRE INVOLVING PED NOT INCLUDED IN DCAs 100-108.  ,1D,N,3,Dark Street lights on,1,2,0,01,Pedestrians, ,Other injury,17-21,,F,MELBOURNE,MELB_URBAN,-37.82137998,144.9614013,3006,Dry,Not Required,Clear,QUEENS BRIDGE,BANANA,STREET,ALLEY,Collision,Not Applicable
T20120022626,2012-10-01,19:15:00                      ,Struck Pedestrian,Monday,PED NEAR SIDE. PED HIT BY VEHICLE FROM THE RIGHT.      ,1A,A,10,Unknown,1,2,0,01,Pedestrians, ,Other injury,22-25,,M,MELBOURNE,MELB_URBAN,-37.82109904,144.955075,3008,Unknown,Vehicle leaving intersection,Not known,SPENCER,FLINDERS,STREET,STREET,Collision,Not Applicable
T20120022676,2012-10-07,01:46:00                      ,Struck Pedestrian,Sunday,PED EMERGES FROM IN FRONT OF PARKED OR STATIONARY VEHICLE  ,1A,C,5,Dark Street lights on,1,3,0,02,Pedestrians,N,Other injury,unknown,,M,MELBOURNE,MELBOURNE_CBD,-37.81651234,144.95528,3000,Dry,Vehicle entering intersection,Clear,BOURKE,COSGRAVE,STREET,LANE,Collision,Not Applicable
T20120023303,2012-10-15,11:10:00                      ,Struck Pedestrian,Monday,FAR SIDE. PED HIT BY VEHICLE FROM THE LEFT         ,1B,Q,5,Day,1,2,1,01,Pedestrians,Y,Serious injury,17-21,3082.0,M,MELBOURNE,MELBOURNE_CBD,-37.81280765,144.9681028,3000,Dry,Vehicle entering intersection,Clear,BOURKE,RUSSELL,STREET,STREET,Collision,Not Applicable
T20120023507,2012-10-18,06:45:00                      ,Struck Pedestrian,Thursday,PED NEAR SIDE. PED HIT BY VEHICLE FROM THE RIGHT.      ,2L,A,7,Day,1,2,1,01,Pedestrians,Y,Serious injury,60-64,3064.0,F,MELBOURNE,MELB_URBAN,-37.84176037,144.9775584,3004,Dry,Vehicle reversing,Clear,ST KILDA,LEOPOLD,ROAD,STREET,Collision,Not Applicable
T20120023595,2012-10-19,09:36:00                      ,Struck Pedestrian,Friday,ANY MANOEUVRE INVOLVING PED NOT INCLUDED IN DCAs 100-108.  ,2F,K,8,Day,2,3,0,01,Pedestrians, ,Other injury,30-39,,M,MELBOURNE,MELB_URBAN,-37.82158742,144.973731,3004,Wet,Not Required,Raining,ALEXANDRA,LINLITHGOW,AVENUE,AVENUE,Collision,Not Applicable
T20120023830,2012-10-20,23:35:00                      ,Struck Pedestrian,Saturday,PED STRUCK WALKING TO/FROM OR BOARDING/ALIGHTING VEHICLE.  ,2A,A,7,Dark Street lights unknown,1,2,0,01,Pedestrians,N,Other injury,22-25,,M,MELBOURNE,MELB_URBAN,-37.79854046,144.933288,3031,Unknown,Pedestrian emerged from behind car etc,Not known,ELIZABETH,BRUCE,STREET,STREET,Collision,Not Applicable
T20120024025,2012-10-24,19:16:00                      ,Struck Pedestrian,Wednesday,PED NEAR SIDE. PED HIT BY VEHICLE FROM THE RIGHT.      ,1B,N,3,Dark Street lights on,1,2,0,01,Pedestrians,N,Other injury,22-25,3000.0,F,MELBOURNE,MELBOURNE_CBD,-37.811561,144.9647324,3000,Dry,Vehicle entering intersection,Clear,LONSDALE,SWANSTON,STREET,STREET,Collision,Not Applicable
T20120024445,2012-10-02,22:30:00                      ,Struck Pedestrian,Tuesday,PED ON FOOTHPATH STRUCK BY VEHENTERING/LEAVING DRIVEWAY.  ,1D,N,5,Unknown,1,2,0,01,Pedestrians, ,Other injury,60-64,3104.0,M,MELBOURNE,MELB_URBAN,-37.82386043,144.9625447,3006,Dry,Footpath unknown,Clear,CITY ROAD -POWER,CITY,STREET,ROAD,Collision,Not Applicable
T20120024510,2012-10-30,18:22:00                      ,Struck Pedestrian,Tuesday,FAR SIDE. PED HIT BY VEHICLE FROM THE LEFT         ,2F,H,7,Day,1,2,1,01,Pedestrians,Y,Serious injury,22-25,3199.0,F,MELBOURNE,MELB_URBAN,-37.82077955,144.9703202,3004,Dry,Not Required,Clear,ALEXANDRA,ST KILDA,AVENUE,ROAD,Collision,Not Applicable
T20120024588,2012-10-31,17:42:00                      ,Struck Pedestrian,Wednesday,PED NEAR SIDE. PED HIT BY VEHICLE FROM THE RIGHT.      ,2L,C,2,Day,1,2,1,01,Pedestrians,Y,Other injury,22-25,3006.0,F,MELBOURNE,MELB_URBAN,-37.83412414,144.9823591,3004,Dry,Not Required,Clear,DOMAIN,PARK,ROAD,STREET,Collision,Not Applicable
T20120024850,2012-11-03,10:50:00                      ,Struck Pedestrian,Saturday,PED PLAYING/LYING/WORKING/STANDING ON CARRIAGEWAY.,2T,F,1,Day,1,2,0,01,Pedestrians, ,Other injury,unknown,,U,MELBOURNE,MELB_URBAN,-37.78745857,144.9213086,3031,Dry,Pedestrian standing,Clear,RACECOURSE,EPSOM,ROAD,ROAD,Collision,Not Applicable
T20120025684,2012-11-12,17:35:00                      ,Struck Pedestrian,Monday,PED NEAR SIDE. PED HIT BY VEHICLE FROM THE RIGHT.      ,2L,A,5,Dusk/Dawn,1,2,1,01,Pedestrians,Y,Other injury,22-25,3015.0,M,MELBOURNE,MELB_URBAN,-37.83903151,144.976792,3004,Dry,Vehicle entering intersection,Clear,SLATER,ST KILDA FWD,STREET,ROAD SERVICE ROAD,Collision,Not Applicable
T20120025967,2012-11-17,19:00:00                      ,Struck Pedestrian,Saturday,PED NEAR SIDE. PED HIT BY VEHICLE FROM THE RIGHT.      ,1B,V,5,Unknown,1,2,1,01,Pedestrians,Y,Other injury,22-25,3757.0,M,MELBOURNE,MELB_URBAN,-37.8116902,144.9731993,3000,Unknown,Not Required,Not known,SPRING,BOURKE,STREET,STREET,Collision,Not Applicable
T20120026047,2012-11-20,16:03:00                      ,Struck Pedestrian,Tuesday,PED NEAR SIDE. PED HIT BY VEHICLE FROM THE RIGHT.      ,2B,B,7,Day,1,3,1,02,Pedestrians,Y,Serious injury,30-39,3056.0,M,MELBOURNE,MELB_URBAN,-37.79855034,144.9577043,3052,Dry,Not Required,Clear,ROYAL,ELIZABETH,PARADE,STREET,Collision,Not Applicable
T20120026299,2012-11-23,17:45:00                      ,Struck Pedestrian,Friday,FAR SIDE. PED HIT BY VEHICLE FROM THE LEFT         ,2A,H,11,Day,1,3,0,02,Pedestrians,N,Other injury,22-25,3155.0,M,MELBOURNE,MELB_URBAN,-37.80550463,144.9486553,3003,Dry,Vehicle leaving intersection,Clear,KING,HAWKE,STREET,STREET,Collision,Not Applicable
T20120026522,2012-11-26,15:06:00                      ,Struck Pedestrian,Monday,PED NEAR SIDE. PED HIT BY VEHICLE FROM THE RIGHT.      ,2A,D,2,Day,1,2,1,01,Pedestrians,Y,Serious injury,30-39,3031.0,F,MELBOURNE,MELB_URBAN,-37.78917508,144.940026,3051,Dry,Vehicle entering intersection,Clear,RACECOURSE,BOUNDARY,ROAD,ROAD,Collision,Not Applicable
T20120026608,2012-11-25,02:00:00                      ,Struck Pedestrian,Sunday,FAR SIDE. PED HIT BY VEHICLE FROM THE LEFT         ,2A,J,6,Dark Street lights on,1,2,0,01,Pedestrians,N,Serious injury,22-25,3056.0,F,MELBOURNE,MELB_URBAN,-37.79659639,144.9511968,3051,Dry,Vehicle entering intersection,Clear,HARKER,FLEMINGTON,STREET,ROAD,Collision,Not Applicable
T20120026652,2012-11-28,08:45:00                      ,Struck Pedestrian,Wednesday,PED NEAR SIDE. PED HIT BY VEHICLE FROM THE RIGHT.      ,2E,K,8,Day,1,2,0,01,Pedestrians,N,Other injury,50-59,,F,MELBOURNE,MELB_URBAN,-37.82218536,144.9516276,3008,Dry,Vehicle entering intersection,Clear,WURUNDJERI,SIDDELEY,WAY,STREET,Collision,Not Applicable
T20120026950,2012-12-01,16:30:00                      ,Struck Pedestrian,Saturday,PED NEAR SIDE. PED HIT BY VEHICLE FROM THE RIGHT.      ,1B,L,5,Day,1,2,0,01,Pedestrians, ,Other injury,17-21,3006.0,F,MELBOURNE,MELBOURNE_CBD,-37.81424771,144.9631593,3000,Dry,Vehicle within intersection,Clear,BOURKE,ELIZABETH,STREET,STREET,Collision,Not Applicable
T20120026994,2012-12-01,22:38:00                      ,Struck Pedestrian,Saturday,PED NEAR SIDE. PED HIT BY VEHICLE FROM THE RIGHT.      ,1C,H,8,Dark Street lights on,1,2,1,01,Pedestrians,Y,Serious injury,22-25,3006.0,U,MELBOURNE,MELB_URBAN,-37.82764335,144.9580985,3006,Dry,Vehicle leaving intersection,Clear,CLARENDON,CITY,STREET,ROAD,Collision,Not Applicable
T20120027094,2012-12-03,16:12:00                      ,Struck Pedestrian,Monday,ANY MANOEUVRE INVOLVING PED NOT INCLUDED IN DCAs 100-108.  ,1B,M,4,Day,1,2,0,01,Pedestrians,N,Other injury,22-25,3020.0,F,MELBOURNE,MELBOURNE_CBD,-37.81278381,144.9643665,3000,Dry,Not Required,Clear,ALBION,LITTLE BOURKE,ALLEY,STREET,Collision,Not Applicable
T20120027307,2012-12-06,12:00:00                      ,Struck Pedestrian,Thursday,ANY MANOEUVRE INVOLVING PED NOT INCLUDED IN DCAs 100-108.  ,1A,F,1,Day,1,2,1,01,Pedestrians,Y,Serious injury,17-21,3337.0,F,MELBOURNE,MELB_URBAN,-37.8117548,144.9564464,3000,Dry,Not Required,Clear,LA TROBE,WILLIAM,STREET,STREET,Collision,Not Applicable
T20120027444,2012-12-07,21:05:00                      ,Struck Pedestrian,Friday,ANY MANOEUVRE INVOLVING PED NOT INCLUDED IN DCAs 100-108.  ,1B,N,4,Dark Street lights on,1,2,0,01,Pedestrians,N,Other injury,40-49,3806.0,M,MELBOURNE,MELBOURNE_CBD,-37.81260772,144.9649689,3000,Dry,Not Required,Clear,LITTLE BOURKE,CALEDONIAN,STREET,LANE,Collision,Not Applicable
T20120027490,2012-12-08,14:30:00                      ,Struck Pedestrian,Saturday,ANY MANOEUVRE INVOLVING PED NOT INCLUDED IN DCAs 100-108.  ,1B,U,7,Day,1,3,1,02,Pedestrians,Y,Other injury,50-59,3000.0,F,MELBOURNE,MELBOURNE_CBD,-37.81356326,144.9731101,3000,Dry,Not Required,Clear,COLLINS,COLLINS,STREET,PLACE,Collision,Not Applicable
T20120027545,2012-12-09,03:35:00                      ,Struck Pedestrian,Sunday,PED NEAR SIDE. PED HIT BY VEHICLE FROM THE RIGHT.      ,2E,G,4,Dark Street lights on,1,2,0,01,Pedestrians,N,Other injury,22-25,,M,MELBOURNE,MELB_URBAN,-37.81552086,144.945177,3008,Dry,Not Required,Clear,HARBOUR,RON CASEY,ESPLANADE,LANE,Collision,Not Applicable
T20120027725,2012-12-11,13:45:00                      ,Struck Pedestrian,Tuesday,PED NEAR SIDE. PED HIT BY VEHICLE FROM THE RIGHT.      ,1D,V,6,Day,1,3,1,02,Pedestrians,Y,Serious injury,40-49,3066.0,M,MELBOURNE,MELB_URBAN,-37.82262923,144.9698127,3004,Dry,Not Required,Clear,ST KILDA,ST KILDA,ROAD,ROAD,Collision,Not Applicable
T20120027752,2012-09-04,08:30:00                      ,Struck Pedestrian,Tuesday,ANY MANOEUVRE INVOLVING PED NOT INCLUDED IN DCAs 100-108.  ,1B,T,2,Day,1,2,0,01,Pedestrians, ,Other injury,22-25,,M,MELBOURNE,MELBOURNE_CBD,-37.80913558,144.9691961,3000,Dry,Not Required,Clear,EXHIBITION,LITTLE LONSDALE,STREET,STREET,Collision,Not Applicable
T20120027825,2012-12-11,20:14:00                      ,Struck Pedestrian,Tuesday,FAR SIDE. PED HIT BY VEHICLE FROM THE LEFT         ,1A,C,9,Day,1,3,0,01,Pedestrians, ,Other injury,40-49,,F,MELBOURNE,MELBOURNE_CBD,-37.81939013,144.9571063,3000,Dry,Vehicle leaving intersection,Clear,KING,FLINDERS,STREET,LANE,Collision,Not Applicable