KEYAccidentNumber,DATAccidentDate_accident,TIMAccidentTime_accident,CATAccidentTypeDesc_accident,CATDayOfWeek_accident,CATDCADesc_accident,CATMelwaysPage_accident,CATMelwaysGridRef_X_accident,CATMelwaysGridRef_Y_accident,CATLightConditionDesc_accident,NUMVehiclesInvolved_accident,NUMPersonsInvolved_accident,NUMPersonsInjured_accident,KEYPersonID_person,CATRoadUserTypeDesc_person,CATTakenHospital_person,CATInjuryLevelDesc_person,CATAgeGroup_person,CATPostcode_person,CATGender_person,CATLGAName_node,CATDEGUrbanName_node,NUMLatitude_node,NUMLongitude_node,CATPostcode_node,CATSurfaceConditionDesc_surface,CATSubDCACodeDesc_subdca,CATAtmosphericConditionDesc_atmosphere,CATRoadName_acclocation,CATRoadNameInt_acclocation,CATRoadType_acclocation,CATRoadTypeInt_acclocation,CATEventTypeDesc_accevent,CATObjectTypeDesc_accevent
T20120028339,2012-12-16,00:26:00                      ,Struck Pedestrian,Sunday,ANY MANOEUVRE INVOLVING PED NOT INCLUDED IN DCAs 100-108.  ,42,H,10,Dark Street lights on,1,2,2,01,Pedestrians,Y,Serious injury,40-49,3149.0,M,MELBOURNE,MELB_URBAN,-37.82081172,144.9206204,3008,Dry,Not Required,Clear,LORIMER,SALMON,STREET,STREET,Collision,Not Applicable
T20120028396,2012-12-19,21:00:00                      ,Struck Pedestrian,Wednesday,FAR SIDE. PED HIT BY VEHICLE FROM THE LEFT         ,2A,K,7,Dark Street lights on,1,2,1,01,Pedestrians,Y,Serious injury,30-39,3055.0,F,MELBOURNE,MELB_URBAN,-37.79784063,144.9527592,3051,Wet,Pedestrian stepped off safety zone/tram shelter,Raining,FLEMINGTON,HARCOURT,ROAD,STREET,Collision,Not Applicable
T20120028512,2012-12-20,17:45:00                      ,Struck Pedestrian,Thursday,FAR SIDE. PED HIT BY VEHICLE FROM THE LEFT         ,2G,F,9,Day,1,2,0,01,Pedestrians, ,Other injury,26-29,,M,MELBOURNE,MELB_URBAN,-37.82468242,144.9888328,3121,Dry,Pedestrian stepped off median strip,Clear,PUNT,OLYMPIC,ROAD,BOULEVARD,Collision,Not Applicable
T20120028519,2012-12-21,08:55:00                      ,Struck Pedestrian,Friday,PED NEAR SIDE. PED HIT BY VEHICLE FROM THE RIGHT.      ,2B,A,11,Day,1,2,0,01,Pedestrians,N,Other injury,26-29,3051.0,F,MELBOURNE,MELB_URBAN,-37.80578708,144.9551543,3003,Dry,Vehicle entering intersection,Clear,CAPEL,VICTORIA,STREET,STREET,Collision,Not Applicable
T20120028632,2012-12-22,12:40:00                      ,Struck Pedestrian,Saturday,ANY MANOEUVRE INVOLVING PED NOT INCLUDED IN DCAs 100-108.  ,2B,C,12,Day,1,2,0,01,Pedestrians, ,Other injury,40-49,3051.0,M,MELBOURNE,MELB_URBAN,-37.80750039,144.9585602,3000,Dry,Not Required,Clear,THERRY,QUEEN,STREET,STREET,Collision,Not Applicable
T20120028639,2012-12-20,16:10:00                      ,Struck Pedestrian,Thursday,PED NEAR SIDE. PED HIT BY VEHICLE FROM THE RIGHT.      ,2B,E,11,Day,1,2,1,01,Pedestrians,Y,Serious injury,70+,3038.0,M,MELBOURNE,MELB_URBAN,-37.80665694,144.9628972,3000,Dry,Vehicle entering intersection,Clear,VICTORIA,SWANSTON,STREET,STREET,Collision,Not Applicable
T20120029051,2012-12-29,15:20:00                      ,Struck Pedestrian,Saturday,PED NEAR SIDE. PED HIT BY VEHICLE FROM THE RIGHT.      ,2L,C,11,Day,1,2,0,01,Pedestrians,N,Other injury,26-29,,F,MELBOURNE,MELB_URBAN,-37.85021929,144.9806426,3004,Dry,Vehicle leaving intersection,Clear,HIGH,ST KILDA,STREET,ROAD,Collision,Not Applicable
T20130000102,2013-01-02,14:40:00                      ,Struck Pedestrian,Wednesday,PED NEAR SIDE. PED HIT BY VEHICLE FROM THE RIGHT.      ,1B,L,5,Day,1,2,0,01,Pedestrians,N,Other injury,70+,3041.0,F,MELBOURNE,MELBOURNE_CBD,-37.81424771,144.9631593,3000,Dry,Vehicle leaving intersection,Clear,BOURKE,ELIZABETH,STREET,STREET,Collision,Not Applicable
T20130000284,2013-01-05,12:29:00                      ,Struck Pedestrian,Saturday,PED NEAR SIDE. PED HIT BY VEHICLE FROM THE RIGHT.      ,2A,F,10,Day,1,2,0,01,Pedestrians,N,Serious injury,30-39,3051.0,F,MELBOURNE,MELB_URBAN,-37.8044877,144.943224,3003,Dry,Vehicle leaving intersection,Clear,DRYBURGH,VICTORIA,STREET,STREET,Collision,Not Applicable
T20130000547,2012-12-30,15:00:00                      ,Struck Pedestrian,Sunday,ANY MANOEUVRE INVOLVING PED NOT INCLUDED IN DCAs 100-108.  ,1B,M,3,Day,1,2,0,01,Pedestrians,N,Other injury,40-49,,M,MELBOURNE,MELBOURNE_CBD,-37.81185623,144.9637183,3000,Dry,Not Required,Clear,LONSDALE,CALEDONIAN,STREET,LANE,Collision,Not Applicable
T20130000707,2013-01-11,15:15:00                      ,Struck Pedestrian,Friday,FAR SIDE. PED HIT BY VEHICLE FROM THE LEFT         ,2B,K,8,Day,1,2,1,01,Pedestrians,Y,Serious injury,13-15,,M,MELBOURNE,MELB_URBAN,-37.80122203,144.9743252,3053,Dry,Vehicle within intersection,Clear,NICHOLSON,CARLTON,STREET,STREET,Collision,Not Applicable
T20130000730,2013-01-12,02:30:00                      ,Struck Pedestrian,Saturday,ANY MANOEUVRE INVOLVING PED NOT INCLUDED IN DCAs 100-108.  ,1A,A,5,Dark Street lights on,1,2,1,01,Pedestrians,Y,Serious injury,13-15,,M,MELBOURNE,MELB_URBAN,-37.81709201,144.9532397,3000,Dry,,Not known,SPENCER,BOURKE,STREET,STREET,Collision,Not Applicable
T20130000775,2013-01-13,01:00:00                      ,Struck Pedestrian,Sunday,ANY MANOEUVRE INVOLVING PED NOT INCLUDED IN DCAs 100-108.  ,1B,N,10,Dark Street lights on,1,2,0,01,Pedestrians,N,Other injury,30-39,3810.0,F,MELBOURNE,MELB_URBAN,-37.81736199,144.9677509,3000,Dry,Not Required,Clear,FLINDERS,SWANSTON,STREET,STREET,Collision,Not Applicable
T20130001012,2013-01-16,09:10:00                      ,Struck Pedestrian,Wednesday,PED NEAR SIDE. PED HIT BY VEHICLE FROM THE RIGHT.      ,2G,F,11,Day,1,2,1,01,Pedestrians,Y,Serious injury,70+,3517.0,F,MELBOURNE,MELB_URBAN,-37.82855213,144.9881324,3004,Dry,Vehicle entering intersection,Clear,PUNT,GOUGH,ROAD,STREET,Collision,Not Applicable
T20130001061,2013-01-15,18:30:00                      ,Struck Pedestrian,Tuesday,FAR SIDE. PED HIT BY VEHICLE FROM THE LEFT         ,2B,B,9,Day,1,2,1,01,Pedestrians,Y,Serious injury,40-49,3051.0,F,MELBOURNE,MELB_URBAN,-37.80181337,144.9574467,3000,Dry,Vehicle entering intersection,Clear,ELIZABETH,PELHAM,STREET,STREET,Collision,Not Applicable
T20130001528,2013-01-23,16:31:00                      ,Struck Pedestrian,Wednesday,PED WALKING WITH TRAFFIC                  ,1B,T,10,Day,1,2,1,01,Pedestrians,Y,Serious injury,30-39,,M,MELBOURNE,MELB_URBAN,-37.81600966,144.972382,3000,Dry,Not on Footpath,Clear,BATMAN,EXHIBITION,AVENUE,STREET,Collision,Not Applicable
T20130001807,2013-01-27,09:30:00                      ,Struck Pedestrian,Sunday,ANY MANOEUVRE INVOLVING PED NOT INCLUDED IN DCAs 100-108.  ,2F,C,1,Day,2,2,0,01,Pedestrians, ,Other injury,30-39,3053.0,M,MELBOURNE,MELB_URBAN,-37.8087192,144.9585196,3000,Dry,Not Required,Clear,FRANKLIN,ANTHONY,STREET,STREET,Collision,Not Applicable
T20130002010,2013-01-29,19:32:00                      ,Struck Pedestrian,Tuesday,FAR SIDE. PED HIT BY VEHICLE FROM THE LEFT         ,2G,E,2,Day,1,3,0,01,Pedestrians,N,Other injury,30-39,3002.0,F,MELBOURNE,MELB_URBAN,-37.81068637,144.9860007,3002,Dry,Pedestrian stepped off median strip,Clear,ALBERT,POWLETT,STREET,STREET,Collision,Not Applicable
T20130002010,2013-01-29,19:32:00                      ,Struck Pedestrian,Tuesday,FAR SIDE. PED HIT BY VEHICLE FROM THE LEFT         ,2G,E,2,Day,1,3,0,02,Pedestrians,N,Other injury,0-4,3002.0,M,MELBOURNE,MELB_URBAN,-37.81068637,144.9860007,3002,Dry,Pedestrian stepped off median strip,Clear,ALBERT,POWLETT,STREET,STREET,Collision,Not Applicable
T20130002095,2013-01-03,10:00:00                      ,Struck Pedestrian,Thursday,PED PLAYING/LYING/WORKING/STANDING ON CARRIAGEWAY.,2T,D,5,Day,2,3,0,01,Pedestrians, ,Other injury,30-39,3031.0,F,MELBOURNE,MELB_URBAN,-37.79433759,144.9169954,3031,Dry,Pedestrian working/pushing or working on vehicle,Clear,SPEAKMEN,STOCKMANS,STREET,WAY,Collision,Not Applicable
T20130002170,2012-11-04,03:00:00                      ,Struck Pedestrian,Sunday,ANY MANOEUVRE INVOLVING PED NOT INCLUDED IN DCAs 100-108.  ,1B,N,3,Dark Street lights on,1,2,0,01,Pedestrians,N,Other injury,30-39,3053.0,M,MELBOURNE,MELBOURNE_CBD,-37.81150937,144.9649097,3000,Unknown,Not Required,Not known,LONSDALE,SWANSTON,STREET,STREET,Collision,Not Applicable
T20130002464,2013-02-04,17:50:00                      ,Struck Pedestrian,Monday,PED NEAR SIDE. PED HIT BY VEHICLE FROM THE RIGHT.      ,1D,V,2,Day,1,2,0,01,Pedestrians,N,Other injury,22-25,3057.0,F,MELBOURNE,MELB_URBAN,-37.81872105,144.9680235,3004,Dry,Not Required,Clear,ST KILDA,SWANSTON,ROAD,STREET,Collision,Not Applicable
T20130002526,2013-02-05,18:40:00                      ,Struck Pedestrian,Tuesday,PED NEAR SIDE. PED HIT BY VEHICLE FROM THE RIGHT.      ,1B,N,3,Day,1,2,0,01,Pedestrians,N,Other injury,30-39,3000.0,F,MELBOURNE,MELBOURNE_CBD,-37.811561,144.9647324,3000,Dry,Vehicle entering intersection,Clear,LONSDALE,SWANSTON,STREET,STREET,Collision,Not Applicable
T20130002566,2013-02-06,07:30:00                      ,Struck Pedestrian,Wednesday,ANY MANOEUVRE INVOLVING PED NOT INCLUDED IN DCAs 100-108.  ,2G,B,1,Day,1,2,2,01,Pedestrians,Y,Serious injury,70+,3147.0,M,MELBOURNE,MELB_URBAN,-37.80996772,144.9795704,3002,Dry,Not Required,Clear,ALBERT,PROVIDENCE,STREET,LANE,Collision,Not Applicable
T20130002642,2013-02-07,09:42:00                      ,Struck Pedestrian,Thursday,PED NEAR SIDE. PED HIT BY VEHICLE FROM THE RIGHT.      ,2A,J,6,Day,1,2,0,01,Pedestrians,N,Other injury,50-59,3051.0,F,MELBOURNE,MELB_URBAN,-37.79659639,144.9511968,3051,Dry,Vehicle leaving intersection,Clear,HARKER,FLEMINGTON,STREET,ROAD,Collision,Not Applicable
T20130002809,2012-07-31,07:50:00                      ,Struck Pedestrian,Tuesday,ANY MANOEUVRE INVOLVING PED NOT INCLUDED IN DCAs 100-108.  ,1B,T,1,Dusk/Dawn,1,2,0,01,Pedestrians,N,Other injury,30-39,3044.0,M,MELBOURNE,MELB_URBAN,-37.8081584,144.9687433,3000,Unknown,Not Required,Not known,EXHIBITION,LA TROBE,STREET,STREET,Collision,Not Applicable
T20130002850,2013-02-10,10:16:00                      ,Struck Pedestrian,Sunday,PED NEAR SIDE. PED HIT BY VEHICLE FROM THE RIGHT.      ,1B,P,7,Day,1,2,0,01,Pedestrians, ,Other injury,70+,,M,MELBOURNE,MELBOURNE_CBD,-37.81526517,144.9673156,3000,Dry,Vehicle leaving intersection,Clear,COLLINS,REGENT,STREET,PLACE,Collision,Not Applicable
T20130003009,2013-02-12,10:00:00                      ,Struck Pedestrian,Tuesday,PED NEAR SIDE. PED HIT BY VEHICLE FROM THE RIGHT.      ,2F,K,1,Day,1,2,0,01,Pedestrians,N,Other injury,22-25,,F,MELBOURNE,MELB_URBAN,-37.80953754,144.9756514,3002,Dry,Vehicle leaving intersection,Clear,ALBERT,GISBORNE,STREET,STREET,Collision,Not Applicable
T20130003079,2013-02-13,10:52:00                      ,Struck Pedestrian,Wednesday,PED NEAR SIDE. PED HIT BY VEHICLE FROM THE RIGHT.      ,1B,R,10,Day,1,2,1,01,Pedestrians,Y,Serious injury,50-59,3135.0,M,MELBOURNE,MELB_URBAN,-37.81640022,144.9710601,3000,Dry,Not Required,Clear,FLINDERS,OLIVER,STREET,LANE,Collision,Not Applicable
T20130003102,2013-02-13,14:00:00                      ,Struck Pedestrian,Wednesday,PED PLAYING/LYING/WORKING/STANDING ON CARRIAGEWAY.,2B,K,7,Day,2,2,0,01,Pedestrians, ,Other injury,unknown,,U,MELBOURNE,MELB_URBAN,-37.79795209,144.9748771,3053,Dry,Pedestrian standing,Clear,NICHOLSON,JOHNSTON,STREET,STREET,Collision,Not Applicable
T20130003107,2013-02-13,16:30:00                      ,Struck Pedestrian,Wednesday,PED EMERGES FROM IN FRONT OF PARKED OR STATIONARY VEHICLE  ,2G,D,3,Day,1,2,0,01,Pedestrians,N,Other injury,70+,3206.0,M,MELBOURNE,MELB_URBAN,-37.81271884,144.9831607,3002,Dry,Vehicle entering intersection,Clear,CLARENDON,GIPPS,STREET,STREET,Collision,Not Applicable
T20130003279,2013-02-15,20:04:00                      ,Struck Pedestrian,Friday,PED NEAR SIDE. PED HIT BY VEHICLE FROM THE RIGHT.      ,1D,T,4,Day,1,2,1,01,Pedestrians,Y,Serious injury,64-69,6108.0,M,MELBOURNE,MELB_URBAN,-37.82116967,144.9671998,3006,Dry,Vehicle entering intersection,Clear,CITY,SOUTHGATE,ROAD,AVENUE,Collision,Not Applicable
T20130003292,2013-02-16,03:40:00                      ,Struck Pedestrian,Saturday,ANY MANOEUVRE INVOLVING PED NOT INCLUDED IN DCAs 100-108.  ,1B,Q,4,Dark Street lights on,1,2,1,01,Pedestrians,Y,Serious injury,26-29,,M,MELBOURNE,MELBOURNE_CBD,-37.81182344,144.9676518,3000,Dry,Not Required,Clear,LITTLE BOURKE,RUSSELL,STREET,STREET,Collision,Not Applicable
T20130003321,2013-02-10,02:00:00                      ,Struck Pedestrian,Sunday,ANY MANOEUVRE INVOLVING PED NOT INCLUDED IN DCAs 100-108.  ,1B,T,5,Dark Street lights unknown,1,2,0,01,Pedestrians, ,Other injury,22-25,,M,MELBOURNE,MELBOURNE_CBD,-37.81208682,144.9705638,3000,Dry,Not Required,Not known,BOURKE,EXHIBITION,STREET,STREET,Collision,Not Applicable
T20130003323,2013-02-16,12:30:00                      ,Struck Pedestrian,Saturday,PED NEAR SIDE. PED HIT BY VEHICLE FROM THE RIGHT.      ,1B,N,1,Day,1,2,0,01,Pedestrians,N,Other injury,30-39,,M,MELBOURNE,MELB_URBAN,-37.80959426,144.9638262,3000,Dry,Vehicle within intersection,Clear,LA TROBE,SWANSTON,STREET,STREET,Collision,Not Applicable
T20130003478,2013-02-18,12:00:00                      ,Struck Pedestrian,Monday,ANY MANOEUVRE INVOLVING PED NOT INCLUDED IN DCAs 100-108.  ,1B,V,8,Day,1,2,0,01,Pedestrians, ,Other injury,40-49,3121.0,F,MELBOURNE,MELBOURNE_CBD,-37.81447458,144.9738271,3000,Dry,,Clear,FLINDERS,HOWITT,LANE,LANE,Collision,Not Applicable
T20130003554,2013-02-18,10:37:00                      ,Struck Pedestrian,Monday,ANY MANOEUVRE INVOLVING PED NOT INCLUDED IN DCAs 100-108.  ,1B,U,7,Day,1,2,0,01,Pedestrians, ,Other injury,40-49,3002.0,F,MELBOURNE,MELBOURNE_CBD,-37.81377272,144.9724013,3000,Dry,Not Required,Not known,COLLINS,COLLINS,STREET,PLACE,Collision,Not Applicable
T20130003639,2013-02-20,12:35:00                      ,Struck Pedestrian,Wednesday,PED NEAR SIDE. PED HIT BY VEHICLE FROM THE RIGHT.      ,2G,A,2,Day,1,2,0,01,Pedestrians,N,Other injury,60-64,3037.0,F,MELBOURNE,MELB_URBAN,-37.81205192,144.9772397,3002,Dry,Not Required,Clear,ST ANDREWS,LANSDOWNE,PLACE,STREET,Collision,Not Applicable
T20130003664,2013-02-20,18:10:00                      ,Struck Pedestrian,Wednesday,FAR SIDE. PED HIT BY VEHICLE FROM THE LEFT         ,2L,A,5,Day,1,2,0,01,Pedestrians, ,Other injury,40-49,3205.0,F,MELBOURNE,MELB_URBAN,-37.83903151,144.976792,3004,Dry,Vehicle entering intersection,Clear,SLATER,ST KILDA FWD,STREET,ROAD SERVICE ROAD,Collision,Not Applicable
T20130003868,2013-02-22,19:50:00                      ,Struck Pedestrian,Friday,FAR SIDE. PED HIT BY VEHICLE FROM THE LEFT         ,2L,A,5,Day,1,3,1,02,Pedestrians,Y,Serious injury,17-21,3004.0,M,MELBOURNE,MELB_URBAN,-37.83907987,144.9765811,3004,Dry,Vehicle entering intersection,Clear,ST KILDA,SLATER,ROAD,STREET,Collision,Not Applicable
T20130003941,2013-02-24,00:05:00                      ,Struck Pedestrian,Sunday,PED NEAR SIDE. PED HIT BY VEHICLE FROM THE RIGHT.      ,2G,G,7,Dark Street lights on,1,3,1,02,Pedestrians,Y,Serious injury,22-25,,F,MELBOURNE,MELB_URBAN,-37.82018,144.9895901,3002,Dry,Not Required,Clear,PUNT,ROWENA,ROAD,PARADE,Collision,Not Applicable
T20130004038,2013-02-21,17:50:00                      ,Struck Pedestrian,Thursday,ANY MANOEUVRE INVOLVING PED NOT INCLUDED IN DCAs 100-108.  ,1B,N,10,Day,1,2,1,01,Pedestrians,Y,Serious injury,70+,3130.0,M,MELBOURNE,MELB_URBAN,-37.81745307,144.967438,3000,Unknown,Not Required,Clear,FLINDERS,SWANSTON,STREET,STREET,Collision,Not Applicable
T20130004140,2013-02-26,08:17:00                      ,Struck Pedestrian,Tuesday,PED NEAR SIDE. PED HIT BY VEHICLE FROM THE RIGHT.      ,1A,A,1,Day,1,2,0,01,Pedestrians,N,Other injury,64-69,4035.0,F,MELBOURNE,MELB_URBAN,-37.81316686,144.9514354,3000,Wet,Vehicle within intersection,Raining,SPENCER,LA TROBE,STREET,STREET,Collision,Not Applicable
T20130004202,2013-02-24,00:45:00                      ,Struck Pedestrian,Sunday,ANY MANOEUVRE INVOLVING PED NOT INCLUDED IN DCAs 100-108.  ,1A,C,5,Dark Street lights on,1,2,0,01,Pedestrians, ,Other injury,22-25,3174.0,M,MELBOURNE,MELBOURNE_CBD,-37.81647825,144.9553992,3000,Dry,Not Required,Not known,BOURKE,COSGRAVE,STREET,LANE,Collision,Not Applicable
T20130004216,2013-02-27,13:50:00                      ,Struck Pedestrian,Wednesday,FAR SIDE. PED HIT BY VEHICLE FROM THE LEFT         ,1C,K,1,Day,1,2,0,01,Pedestrians,N,Other injury,30-39,2041.0,F,MELBOURNE,MELB_URBAN,-37.82072146,144.9568152,3000,Dry,Vehicle entering intersection,Clear,FLINDERS,GEM,STREET,PLACE,Collision,Not Applicable
T20130004304,2013-02-28,12:55:00                      ,Struck Pedestrian,Thursday,PED NEAR SIDE. PED HIT BY VEHICLE FROM THE RIGHT.      ,1A,H,4,Day,1,2,0,01,Pedestrians, ,Other injury,26-29,3135.0,M,MELBOURNE,MELBOURNE_CBD,-37.81398672,144.960237,3000,Wet,Vehicle leaving intersection,Raining,LITTLE BOURKE,QUEEN,STREET,STREET,Collision,Not Applicable
T20130004331,2013-02-28,09:25:00                      ,Struck Pedestrian,Thursday,PED NEAR SIDE. PED HIT BY VEHICLE FROM THE RIGHT.      ,1B,M,1,Day,1,2,0,01,Pedestrians, ,Other injury,50-59,3207.0,F,MELBOURNE,MELB_URBAN,-37.80986223,144.962911,3000,Wet,Not Required,Raining,LA TROBE,SWANSTON,STREET,STREET,Collision,Not Applicable
T20130004619,2013-03-04,07:52:00                      ,Struck Pedestrian,Monday,PED NEAR SIDE. PED HIT BY VEHICLE FROM THE RIGHT.      ,1A,F,3,Day,1,2,0,01,Pedestrians, ,Other injury,40-49,3000.0,F,MELBOURNE,MELBOURNE_CBD,-37.81371239,144.957323,3000,Dry,Vehicle leaving intersection,Clear,LONSDALE,WILLIAM,STREET,STREET,Collision,Not Applicable
T20130004988,2013-02-04,17:00:00                      ,Struck Pedestrian,Monday,PED NEAR SIDE. PED HIT BY VEHICLE FROM THE RIGHT.      ,2B,D,12,Day,1,2,0,01,Pedestrians, ,Other injury,22-25,3004.0,M,MELBOURNE,MELB_URBAN,-37.80832912,144.9604431,3000,Unknown,Not Required,Not known,ELIZABETH,FRANKLIN,STREET,STREET,Collision,Not Applicable
T20130005043,2012-11-14,22:30:00                      ,Struck Pedestrian,Wednesday,PED STRUCK WALKING TO/FROM OR BOARDING/ALIGHTING VEHICLE.  ,2T,H,7,Dark Street lights unknown,2,2,0,01,Pedestrians, ,Other injury,26-29,3031.0,M,MELBOURNE,MELB_URBAN,-37.79765177,144.926137,3031,Unknown,Pedestrian emerged from behind car etc,Not known,ALTONA,ORMOND,STREET,STREET,Collision,Not Applicable
T20130005100,2013-03-09,15:35:00                      ,Struck Pedestrian,Saturday,ANY MANOEUVRE INVOLVING PED NOT INCLUDED IN DCAs 100-108.  ,2B,B,9,Day,1,3,0,02,Pedestrians,N,Other injury,26-29,3051.0,M,MELBOURNE,MELB_URBAN,-37.80155018,144.956882,3000,Dry,Not Required,Clear,ELIZABETH,FLEMINGTON,STREET,ROAD,Collision,Not Applicable
T20130005343,2013-03-13,15:59:00                      ,Struck Pedestrian,Wednesday,PED NEAR SIDE. PED HIT BY VEHICLE FROM THE RIGHT.      ,2K,K,4,Day,1,5,1,04,Pedestrians,Y,Serious injury,60-64,3205.0,F,MELBOURNE,MELB_URBAN,-37.83695331,144.9758059,3004,Dry,Vehicle leaving intersection,Clear,TOORAK,ST KILDA,ROAD,ROAD,Collision,Not Applicable
T20130005348,2013-03-13,17:08:00                      ,Struck Pedestrian,Wednesday,ANY MANOEUVRE INVOLVING PED NOT INCLUDED IN DCAs 100-108.  ,1A,A,9,Dusk/Dawn,1,2,1,01,Pedestrians,Y,Serious injury,40-49,,F,MELBOURNE,MELBOURNE_CBD,-37.8200136,144.9549216,3000,Dry,Not Required,Clear,FLINDERS,SPENCER,LANE,STREET,Collision,Not Applicable
T20130005399,2013-03-13,14:36:00                      ,Struck Pedestrian,Wednesday,PED NEAR SIDE. PED HIT BY VEHICLE FROM THE RIGHT.      ,1B,Q,2,Day,1,2,0,01,Pedestrians, ,Other injury,22-25,3134.0,M,MELBOURNE,MELBOURNE_CBD,-37.80985393,144.9667493,3000,Dry,Vehicle entering intersection,Clear,LITTLE LONSDALE,RUSSELL,STREET,STREET,Collision,Not Applicable
T20130005914,2013-03-20,12:35:00                      ,Struck Pedestrian,Wednesday,PED NEAR SIDE. PED HIT BY VEHICLE FROM THE RIGHT.      ,2T,K,1,Day,1,2,1,01,Pedestrians,Y,Serious injury,30-39,3031.0,F,MELBOURNE,MELB_URBAN,-37.78815849,144.9294826,3031,Dry,Vehicle leaving intersection,Clear,RACECOURSE,EASTWOOD,ROAD,STREET,Collision,Not Applicable
T20130006241,2013-03-25,08:45:00                      ,Struck Pedestrian,Monday,ANY MANOEUVRE INVOLVING PED NOT INCLUDED IN DCAs 100-108.  ,1B,L,7,Day,1,2,1,01,Pedestrians,Y,Serious injury,50-59,3033.0,F,MELBOURNE,MELBOURNE_CBD,-37.81621754,144.9640683,3000,Dry,Not Required,Clear,COLLINS,ELIZABETH,STREET,STREET,Collision,Not Applicable
T20130006399,2013-03-26,21:45:00                      ,Struck Pedestrian,Tuesday,PED NEAR SIDE. PED HIT BY VEHICLE FROM THE RIGHT.      ,2A,D,2,Dark Street lights on,1,2,1,01,Pedestrians,Y,Serious injury,30-39,3031.0,M,MELBOURNE,MELB_URBAN,-37.78917508,144.940026,3051,Dry,Vehicle entering intersection,Clear,RACECOURSE,BOUNDARY,ROAD,ROAD,Collision,Not Applicable
T20130006400,2013-03-26,14:50:00                      ,Struck Pedestrian,Tuesday,PED NEAR SIDE. PED HIT BY VEHICLE FROM THE RIGHT.      ,2B,K,5,Day,1,2,1,01,Pedestrians,Y,Serious injury,64-69,3764.0,F,MELBOURNE,MELB_URBAN,-37.79521975,144.9753477,3053,Dry,Not Required,Clear,NICHOLSON,KAY,STREET,STREET,Collision,Not Applicable
T20130006440,2013-03-27,10:50:00                      ,Struck Pedestrian,Wednesday,PED PLAYING/LYING/WORKING/STANDING ON CARRIAGEWAY.,2K,J,2,Day,1,2,1,01,Pedestrians,Y,Serious injury,40-49,3040.0,M,MELBOURNE,MELB_URBAN,-37.83375826,144.9734719,3004,Dry,Pedestrian working/pushing or working on vehicle,Clear,ST KILDA,BOWEN,ROAD,LANE,Collision,Not Applicable
T20130006525,2013-03-28,13:15:00                      ,Struck Pedestrian,Thursday,PED NEAR SIDE. PED HIT BY VEHICLE FROM THE RIGHT.      ,1A,H,5,Day,1,2,0,01,Pedestrians, ,Other injury,40-49,3146.0,F,MELBOURNE,MELBOURNE_CBD,-37.81496495,144.9606837,3000,Dry,Vehicle leaving intersection,Clear,BOURKE,QUEEN,STREET,STREET,Collision,Not Applicable
T20130006597,2013-03-13,08:30:00                      ,Struck Pedestrian,Wednesday,PED NEAR SIDE. PED HIT BY VEHICLE FROM THE RIGHT.      ,1B,Q,9,Day,1,2,1,01,Pedestrians,Y,Other injury,30-39,3158.0,M,MELBOURNE,MELBOURNE_CBD,-37.81592602,144.9688758,3000,Dry,Vehicle entering intersection,Clear,FLINDERS,HOSIER,LANE,LANE,Collision,Not Applicable
T20130006866,2013-04-02,12:30:00                      ,Struck Pedestrian,Tuesday,PED NEAR SIDE. PED HIT BY VEHICLE FROM THE RIGHT.      ,1B,T,6,Day,1,3,1,01,Pedestrians, ,Other injury,70+,,F,MELBOURNE,MELBOURNE_CBD,-37.81251883,144.970764,3000,Dry,Vehicle reversing,Clear,EXHIBITION,BOURKE,STREET,STREET,Collision,Not Applicable
T20130006866,2013-04-02,12:30:00                      ,Struck Pedestrian,Tuesday,PED NEAR SIDE. PED HIT BY VEHICLE FROM THE RIGHT.      ,1B,T,6,Day,1,3,1,02,Pedestrians,Y,Serious injury,70+,,M,MELBOURNE,MELBOURNE_CBD,-37.81251883,144.970764,3000,Dry,Vehicle reversing,Clear,EXHIBITION,BOURKE,STREET,STREET,Collision,Not Applicable
T20130007695,2013-04-14,16:30:00                      ,Struck Pedestrian,Sunday,FAR SIDE. PED HIT BY VEHICLE FROM THE LEFT         ,2B,H,8,Day,1,4,1,03,Pedestrians,Y,Serious injury,26-29,,M,MELBOURNE,MELB_URBAN,-37.80106096,144.9698924,3053,Wet,Vehicle entering intersection,Raining,GRATTAN,RATHDOWNE,STREET,STREET,Collision,Not Applicable
T20130007755,2013-04-15,09:24:00                      ,Struck Pedestrian,Monday,ANY MANOEUVRE INVOLVING PED NOT INCLUDED IN DCAs 100-108.  ,1A,F,2,Day,1,1,0,01,Pedestrians,N,Other injury,40-49,3337.0,M,MELBOURNE,MELBOURNE_CBD,-37.81265707,144.9571587,3000,Dry,Not Required,Clear,LITTLE LONSDALE,WILLIAM,STREET,STREET,Collision,Not Applicable
T20130007831,2013-04-16,08:15:00                      ,Struck Pedestrian,Tuesday,PED EMERGES FROM IN FRONT OF PARKED OR STATIONARY VEHICLE  ,2L,B,10,Day,1,2,1,01,Pedestrians,Y,Serious injury,22-25,3182.0,M,MELBOURNE,MELB_URBAN,-37.84724079,144.9795566,3004,Dry,Pedestrian emerged from behind car etc,Clear,ST KILDA,MOUBRAY,ROAD,STREET,Collision,Not Applicable