KEYAccidentNumber,DATAccidentDate_accident,TIMAccidentTime_accident,CATAccidentTypeDesc_accident,CATDayOfWeek_accident,CATDCADesc_accident,CATMelwaysPage_accident,CATMelwaysGridRef_X_accident,CATMelwaysGridRef_Y_accident,CATLightConditionDesc_accident,NUMVehiclesInvolved_accident,NUMPersonsInvolved_accident,NUMPersonsInjured_accident,KEYPersonID_person,CATRoadUserTypeDesc_person,CATTakenHospital_person,CATInjuryLevelDesc_person,CATAgeGroup_person,CATPostcode_person,CATGender_person,CATLGAName_node,CATDEGUrbanName_node,NUMLatitude_node,NUMLongitude_node,CATPostcode_node,CATSurfaceConditionDesc_surface,CATSubDCACodeDesc_subdca,CATAtmosphericConditionDesc_atmosphere,CATRoadName_acclocation,CATRoadNameInt_acclocation,CATRoadType_acclocation,CATRoadTypeInt_acclocation,CATEventTypeDesc_accevent,CATObjectTypeDesc_accevent
T20140001211,2014-01-17,00:00:00                      ,Struck Pedestrian,Friday,PED NEAR SIDE. PED HIT BY VEHICLE FROM THE RIGHT.      ,2B,E,8,Dark Street lights on,1,2,0,01,Pedestrians, ,Other injury,22-25,3072.0,M,MELBOURNE,MELB_URBAN,-37.80042682,144.9639756,3052,Dry,Vehicle leaving intersection,Not known,GRATTAN,SWANSTON,STREET,STREET,Collision,Not Applicable
T20140001226,2014-01-15,16:05:00                      ,Struck Pedestrian,Wednesday,ANY MANOEUVRE INVOLVING PED NOT INCLUDED IN DCAs 100-108.  ,2K,K,2,Day,1,2,0,01,Pedestrians, ,Other injury,50-59,3044.0,F,MELBOURNE,MELB_URBAN,-37.83388032,144.9736472,3004,Unknown,,Clear,ST KILDA,BOWEN,ROAD,LANE,Collision,Not Applicable
T20140001476,2014-01-22,15:45:00                      ,Struck Pedestrian,Wednesday,PED EMERGES FROM IN FRONT OF PARKED OR STATIONARY VEHICLE  ,2B,A,12,Day,1,2,1,01,Pedestrians,Y,Serious injury,30-39,3023.0,M,MELBOURNE,MELB_URBAN,-37.80846656,144.9552998,3003,Dry,Pedestrian emerged from behind car etc,Clear,DUDLEY,DUDLEY,STREET,STREET,Collision,Not Applicable
T20140001979,2014-01-30,15:29:00                      ,Struck Pedestrian,Thursday,PED NEAR SIDE. PED HIT BY VEHICLE FROM THE RIGHT.      ,2B,E,7,Day,1,2,0,01,Pedestrians, ,Other injury,17-21,,F,MELBOURNE,MELB_URBAN,-37.79852856,144.9643155,3052,Dry,Vehicle entering intersection,Clear,MONASH,SWANSTON,ROAD,STREET,Collision,Not Applicable
T20140002048,2014-01-31,14:15:00                      ,Struck Pedestrian,Friday,ANY MANOEUVRE INVOLVING PED NOT INCLUDED IN DCAs 100-108.  ,1A,F,3,Day,1,2,0,01,Pedestrians,N,Serious injury,50-59,3101.0,M,MELBOURNE,MELBOURNE_CBD,-37.81413888,144.957514,3000,Dry,Not Required,Clear,WILLIAM,LONSDALE,STREET,STREET,Collision,Not Applicable
T20140002050,2014-01-31,10:53:00                      ,Struck Pedestrian,Friday,PED NEAR SIDE. PED HIT BY VEHICLE FROM THE RIGHT.      ,1A,C,2,Day,1,2,1,01,Pedestrians,Y,Serious injury,50-59,,F,MELBOURNE,MELBOURNE_CBD,-37.81344691,144.9543742,3000,Dry,Vehicle leaving intersection,Clear,KING,LITTLE LONSDALE,STREET,STREET,Collision,Not Applicable
T20140002084,2014-02-01,00:50:00                      ,Struck Pedestrian,Saturday,FAR SIDE. PED HIT BY VEHICLE FROM THE LEFT         ,1C,K,1,Dark Street lights on,1,2,0,02,Pedestrians,N,Other injury,22-25,,M,MELBOURNE,MELB_URBAN,-37.82113994,144.9579003,3000,Dry,Pedestrian stepped off median strip,Clear,KINGS,QUEENS,WAY,WHARF,Collision,Not Applicable
T20140002153,2014-02-02,00:10:00                      ,Struck Pedestrian,Sunday,FAR SIDE. PED HIT BY VEHICLE FROM THE LEFT         ,1C,H,1,Dark Street lights on,1,2,1,01,Pedestrians,Y,Serious injury,26-29,3550.0,M,MELBOURNE,MELB_URBAN,-37.82169895,144.9553575,3000,Dry,Vehicle entering intersection,Clear,SPENCER,SIDDELEY,STREET,STREET,Collision,Not Applicable
T20140002519,2014-02-06,16:56:00                      ,Struck Pedestrian,Thursday,PED NEAR SIDE. PED HIT BY VEHICLE FROM THE RIGHT.      ,2L,A,5,Day,1,2,0,01,Pedestrians,N,Serious injury,26-29,,F,MELBOURNE,MELB_URBAN,-37.83903151,144.976792,3004,Dry,Vehicle entering intersection,Clear,SLATER,ST KILDA FWD,STREET,ROAD SERVICE ROAD,Collision,Not Applicable
T20140002916,2014-02-12,10:50:00                      ,Struck Pedestrian,Wednesday,ANY MANOEUVRE INVOLVING PED NOT INCLUDED IN DCAs 100-108.  ,1B,T,5,Day,1,2,0,01,Pedestrians, ,Other injury,30-39,3055.0,M,MELBOURNE,MELBOURNE_CBD,-37.81186388,144.9713249,3000,Dry,Not Required,Clear,BOURKE,CROSSLEY,STREET,STREET,Collision,Not Applicable
T20140002992,2014-02-13,14:30:00                      ,Struck Pedestrian,Thursday,ANY MANOEUVRE INVOLVING PED NOT INCLUDED IN DCAs 100-108.  ,1A,E,6,Day,1,2,0,01,Pedestrians, ,Other injury,26-29,3013.0,F,MELBOURNE,MELBOURNE_CBD,-37.81699669,144.9574667,3000,Icy,Not Required,Not known,CHURCH,CHURCH,LANE,STREET,Collision,Not Applicable
T20140003010,2014-02-13,15:30:00                      ,Struck Pedestrian,Thursday,FAR SIDE. PED HIT BY VEHICLE FROM THE LEFT         ,1B,U,3,Day,1,2,0,01,Pedestrians, ,Not injured,17-21,3802.0,M,MELBOURNE,MELBOURNE_CBD,-37.80962472,144.9713822,3000,Dry,Not Required,Clear,LONSDALE,SPRING,STREET,STREET,Collision,Not Applicable
T20140003106,2014-02-14,17:30:00                      ,Struck Pedestrian,Friday,PED NEAR SIDE. PED HIT BY VEHICLE FROM THE RIGHT.      ,2B,G,11,Day,1,2,1,01,Pedestrians,Y,Serious injury,50-59,3053.0,M,MELBOURNE,MELB_URBAN,-37.80506276,144.9676968,3053,Dry,Vehicle leaving intersection,Clear,DRUMMOND,QUEENSBERRY,STREET,STREET,Collision,Not Applicable
T20140003374,2014-02-17,09:20:00                      ,Struck Pedestrian,Monday,PED PLAYING/LYING/WORKING/STANDING ON CARRIAGEWAY.,1B,L,5,Day,2,2,0,01,Pedestrians,N,Other injury,50-59,3013.0,M,MELBOURNE,MELBOURNE_CBD,-37.8145907,144.9633176,3000,Dry,Pedestrian standing,Clear,ELIZABETH,BOURKE,STREET,STREET,Collision,Not Applicable
T20140003487,2014-02-19,17:05:00                      ,Struck Pedestrian,Wednesday,PED STRUCK WALKING TO/FROM OR BOARDING/ALIGHTING VEHICLE.  ,29,G,11,Day,1,2,0,01,Pedestrians, ,Other injury,70+,,M,MELBOURNE,MELB_URBAN,-37.78173973,144.9597585,3052,Wet,Alighting,Raining,ROYAL,IEVERS,PARADE,STREET,Collision,Not Applicable
T20140003559,2014-02-19,20:50:00                      ,Struck Pedestrian,Wednesday,ANY MANOEUVRE INVOLVING PED NOT INCLUDED IN DCAs 100-108.  ,2B,E,12,Dark Street lights on,1,2,0,01,Pedestrians, ,Other injury,17-21,3000.0,F,MELBOURNE,MELB_URBAN,-37.80746452,144.9628383,3000,Wet,Not Required,Raining,FRANKLIN,SWANSTON,STREET,STREET,Collision,Not Applicable
T20140003720,2014-02-20,04:00:00                      ,Struck Pedestrian,Thursday,ANY MANOEUVRE INVOLVING PED NOT INCLUDED IN DCAs 100-108.  ,1A,C,5,Dark Street lights on,1,2,1,01,Pedestrians,Y,Other injury,17-21,3782.0,M,MELBOURNE,MELBOURNE_CBD,-37.81651234,144.95528,3000,Unknown,Not Required,Not known,BOURKE,COSGRAVE,STREET,LANE,Collision,Not Applicable
T20140003895,2014-02-24,12:30:00                      ,Struck Pedestrian,Monday,FAR SIDE. PED HIT BY VEHICLE FROM THE LEFT         ,2K,K,4,Day,1,2,0,01,Pedestrians,N,Other injury,70+,3012.0,M,MELBOURNE,MELB_URBAN,-37.83621774,144.9755378,3004,Dry,Vehicle entering intersection,Clear,TOORAK,KINGS,ROAD,WAY,Collision,Not Applicable
T20140004128,2014-02-26,22:10:00                      ,Struck Pedestrian,Wednesday,ANY MANOEUVRE INVOLVING PED NOT INCLUDED IN DCAs 100-108.  ,1B,R,1,Dark Street lights on,1,2,0,01,Pedestrians,N,Other injury,30-39,3053.0,M,MELBOURNE,MELB_URBAN,-37.8087511,144.9667117,3000,Dry,Not Required,Clear,HAYWARD,LA TROBE,LANE,STREET,Collision,Not Applicable
T20140004176,2014-02-28,09:34:00                      ,Struck Pedestrian,Friday,FAR SIDE. PED HIT BY VEHICLE FROM THE LEFT         ,1B,L,5,Day,1,2,0,01,Pedestrians, ,Other injury,30-39,3141.0,F,MELBOURNE,MELBOURNE_CBD,-37.81424771,144.9631593,3000,Dry,Vehicle within intersection,Clear,BOURKE,ELIZABETH,STREET,STREET,Collision,Not Applicable
T20140004196,2014-02-28,11:40:00                      ,Struck Pedestrian,Friday,VEH STRIKES PED ON FOOTPATH/MEDIAN/TRAFFIC ISLAND.,1B,T,10,Day,1,2,0,01,Pedestrians,N,Other injury,30-39,,F,MELBOURNE,MELB_URBAN,-37.81600966,144.972382,3000,Dry,Vehicle moving foward - under control,Clear,BATMAN,EXHIBITION,AVENUE,STREET,Collision,Not Applicable
T20140004215,2014-02-28,15:59:00                      ,Struck Pedestrian,Friday,FAR SIDE. PED HIT BY VEHICLE FROM THE LEFT         ,2B,H,6,Day,1,2,1,01,Pedestrians,Y,Serious injury,30-39,3057.0,M,MELBOURNE,MELB_URBAN,-37.79748147,144.9704876,3053,Dry,Vehicle leaving intersection,Clear,ELGIN,RATHDOWNE,STREET,STREET,Collision,Not Applicable
T20140004303,2014-03-01,17:54:00                      ,Struck Pedestrian,Saturday,FAR SIDE. PED HIT BY VEHICLE FROM THE LEFT         ,1B,Q,7,Dusk/Dawn,1,2,0,01,Pedestrians, ,Other injury,13-15,,M,MELBOURNE,MELBOURNE_CBD,-37.81477045,144.9690022,3000,Dry,Vehicle entering intersection,Clear,COLLINS,RUSSELL,STREET,STREET,Collision,Not Applicable
T20140004391,2014-02-10,16:50:00                      ,Struck Pedestrian,Monday,PED STRUCK WALKING TO/FROM OR BOARDING/ALIGHTING VEHICLE.  ,2B,E,11,Day,1,2,1,01,Pedestrians,Y,Serious injury,50-59,3030.0,F,MELBOURNE,MELB_URBAN,-37.80597043,144.9630141,3053,Unknown,Boarding,Not known,SWANSTON,CARDIGAN,STREET,TERRACE,Collision,Not Applicable
T20140004429,2014-03-03,07:30:00                      ,Struck Pedestrian,Monday,PED EMERGES FROM IN FRONT OF PARKED OR STATIONARY VEHICLE  ,2C,A,12,Dusk/Dawn,1,2,1,01,Pedestrians,Y,Serious injury,26-29,,F,MELBOURNE,MELB_URBAN,-37.80852618,144.9767515,3002,Dry,Vehicle entering intersection,Clear,VICTORIA,BRUNSWICK,PARADE,STREET,Collision,Not Applicable
T20140004602,2014-02-22,21:50:00                      ,Struck Pedestrian,Saturday,PED PLAYING/LYING/WORKING/STANDING ON CARRIAGEWAY.,1B,N,9,Dark Street lights on,1,2,0,01,Pedestrians, ,Other injury,70+,3108.0,F,MELBOURNE,MELBOURNE_CBD,-37.81631151,144.9675707,3000,Dry,Pedestrian standing,Clear,FLINDERS,REGENT,LANE,PLACE,Collision,Not Applicable
T20140005013,2014-03-07,16:35:00                      ,Struck Pedestrian,Friday,PED NEAR SIDE. PED HIT BY VEHICLE FROM THE RIGHT.      ,2B,B,7,Day,1,2,1,01,Pedestrians,Y,Serious injury,30-39,3056.0,F,MELBOURNE,MELB_URBAN,-37.79845967,144.9577158,3052,Dry,Not Required,Clear,ROYAL,ELIZABETH,PARADE,STREET,Collision,Not Applicable
T20140005259,2014-03-13,18:00:00                      ,Collision with vehicle,Thursday,U TURN                           ,28,G,12,Dusk/Dawn,4,5,1,01,Pedestrians,N,Other injury,17-21,3032.0,F,MELBOURNE,MELB_URBAN,-37.78308813,144.9171131,3031,Dry,Hit by veh from same dir as initial dir of U-turning veh,Not known,EPSOM,SANDOWN,ROAD,ROAD,Collision,Not Applicable
T20140005608,2014-03-18,18:45:00                      ,Struck Pedestrian,Tuesday,PED NEAR SIDE. PED HIT BY VEHICLE FROM THE RIGHT.      ,2A,A,1,Dusk/Dawn,1,2,0,01,Pedestrians,N,Other injury,16-17,3031.0,F,MELBOURNE,MELB_URBAN,-37.78844227,144.9331694,3031,Dry,Vehicle entering intersection,Clear,RACECOURSE,VICTORIA,ROAD,STREET,Collision,Not Applicable
T20140005680,2014-03-19,09:15:00                      ,Struck Pedestrian,Wednesday,PED NEAR SIDE. PED HIT BY VEHICLE FROM THE RIGHT.      ,1B,L,7,Day,1,2,0,01,Pedestrians,N,Other injury,50-59,3338.0,F,MELBOURNE,MELBOURNE_CBD,-37.81621754,144.9640683,3000,Unknown,Vehicle leaving intersection,Not known,COLLINS,ELIZABETH,STREET,STREET,Collision,Not Applicable
T20140005732,2014-03-17,11:15:00                      ,No collision and no object struck,Monday,ANY MANOEUVRE INVOLVING PED NOT INCLUDED IN DCAs 100-108.  ,1B,V,7,Day,1,2,0,01,Pedestrians, ,Other injury,64-69,,F,MELBOURNE,MELBOURNE_CBD,-37.81331563,144.9739525,3000,Dry,Not Required,Clear,SPRING,COLLINS,STREET,STREET,Other,Not Applicable
T20140006296,2014-03-26,13:45:00                      ,Struck Pedestrian,Wednesday,ANY MANOEUVRE INVOLVING PED NOT INCLUDED IN DCAs 100-108.  ,1B,U,3,Day,1,2,0,01,Pedestrians,N,Other injury,40-49,,F,MELBOURNE,MELBOURNE_CBD,-37.80965138,144.9712906,3000,Dry,Not Required,Clear,LONSDALE,SPRING,STREET,STREET,Collision,Not Applicable
T20140006385,2014-03-27,18:30:00                      ,Struck Pedestrian,Thursday,PED NEAR SIDE. PED HIT BY VEHICLE FROM THE RIGHT.      ,1A,F,7,Dusk/Dawn,1,2,1,01,Pedestrians,Y,Serious injury,30-39,,M,MELBOURNE,MELBOURNE_CBD,-37.81764326,144.9591106,3000,Dry,Vehicle entering intersection,Clear,COLLINS,WILLIAM,STREET,STREET,Collision,Not Applicable
T20140006443,2014-03-28,16:30:00                      ,Struck Pedestrian,Friday,PED NEAR SIDE. PED HIT BY VEHICLE FROM THE RIGHT.      ,1A,C,5,Day,1,3,0,02,Pedestrians, ,Other injury,30-39,3000.0,M,MELBOURNE,MELBOURNE_CBD,-37.81638456,144.9557269,3000,Dry,Vehicle entering intersection,Clear,KING,BOURKE,STREET,STREET,Collision,Not Applicable
T20140006509,2014-03-29,18:31:00                      ,Struck Pedestrian,Saturday,PED NEAR SIDE. PED HIT BY VEHICLE FROM THE RIGHT.      ,2T,K,1,Dusk/Dawn,1,4,0,02,Pedestrians,N,Other injury,5-12,,M,MELBOURNE,MELB_URBAN,-37.78815849,144.9294826,3031,Dry,Vehicle entering intersection,Clear,RACECOURSE,EASTWOOD,ROAD,STREET,Collision,Not Applicable
T20140006509,2014-03-29,18:31:00                      ,Struck Pedestrian,Saturday,PED NEAR SIDE. PED HIT BY VEHICLE FROM THE RIGHT.      ,2T,K,1,Dusk/Dawn,1,4,0,03,Pedestrians,N,Other injury,5-12,,M,MELBOURNE,MELB_URBAN,-37.78815849,144.9294826,3031,Dry,Vehicle entering intersection,Clear,RACECOURSE,EASTWOOD,ROAD,STREET,Collision,Not Applicable
T20140006711,2014-04-01,10:30:00                      ,Struck Pedestrian,Tuesday,ANY MANOEUVRE INVOLVING PED NOT INCLUDED IN DCAs 100-108.  ,1A,C,10,Day,1,2,0,01,Pedestrians, ,Other injury,40-49,3207.0,F,MELBOURNE,MELB_URBAN,-37.82036386,144.9575584,3000,Dry,Not Required,Clear,KINGS,KING,WAY,STREET,Collision,Not Applicable
T20140007010,2014-04-04,20:35:00                      ,Struck Pedestrian,Friday,PED NEAR SIDE. PED HIT BY VEHICLE FROM THE RIGHT.      ,1B,L,1,Dusk/Dawn,1,2,0,01,Pedestrians, ,Other injury,40-49,2570.0,M,MELBOURNE,MELBOURNE_CBD,-37.81031669,144.9613588,3000,Dry,Vehicle leaving intersection,Clear,ELIZABETH,LA TROBE,STREET,STREET,Collision,Not Applicable
T20140007242,2014-04-07,12:05:00                      ,Struck Pedestrian,Monday,ANY MANOEUVRE INVOLVING PED NOT INCLUDED IN DCAs 100-108.  ,1A,J,2,Day,1,2,0,01,Pedestrians, ,Other injury,30-39,,M,MELBOURNE,MELBOURNE_CBD,-37.81172559,144.96036,3000,Dry,Not Required,Clear,HARDWARE,LITTLE LONSDALE,STREET,STREET,Collision,Not Applicable
T20140007400,2014-04-09,22:40:00                      ,Struck Pedestrian,Wednesday,PED NEAR SIDE. PED HIT BY VEHICLE FROM THE RIGHT.      ,1A,A,6,Dark Street lights on,1,2,0,01,Pedestrians, ,Other injury,16-17,,F,MELBOURNE,MELB_URBAN,-37.81808162,144.9536946,3000,Wet,Vehicle leaving intersection,Raining,SPENCER,LITTLE COLLINS,STREET,STREET,Collision,Not Applicable
T20140007488,2014-04-06,01:00:00                      ,Struck Pedestrian,Sunday,PED NEAR SIDE. PED HIT BY VEHICLE FROM THE RIGHT.      ,1B,V,1,Dark Street lights on,1,2,0,01,Pedestrians, ,Other injury,26-29,,M,MELBOURNE,MELB_URBAN,-37.8081904,144.9715786,3000,Dry,Not Required,Clear,SPRING,LITTLE LONSDALE,STREET,STREET,Collision,Not Applicable
T20140007800,2014-04-14,23:15:00                      ,Struck Pedestrian,Monday,PED EMERGES FROM IN FRONT OF PARKED OR STATIONARY VEHICLE  ,2B,B,8,Dark Street lights on,1,3,0,02,Pedestrians,N,Other injury,17-21,,M,MELBOURNE,MELB_URBAN,-37.80073092,144.9563888,3000,Dry,Pedestrian emerged from behind car etc,Clear,FLEMINGTON,FLEMINGTON REV,ROAD,ROAD SERVICE ROAD,Collision,Not Applicable
T20140007985,2014-04-17,13:30:00                      ,Struck Pedestrian,Thursday,VEH STRIKES PED ON FOOTPATH/MEDIAN/TRAFFIC ISLAND.,1B,Q,9,Day,1,2,0,01,Pedestrians, ,Other injury,40-49,3108.0,F,MELBOURNE,MELBOURNE_CBD,-37.81575683,144.9694542,3000,Dry,Vehicle moving foward - under control,Clear,FLINDERS,RUSSELL,LANE,STREET,Collision,Not Applicable
T20140008568,2014-04-25,20:42:00                      ,Struck Pedestrian,Friday,PED NEAR SIDE. PED HIT BY VEHICLE FROM THE RIGHT.      ,2G,F,9,Dark Street lights on,1,3,1,01,Pedestrians,Y,Serious injury,64-69,,M,MELBOURNE,MELB_URBAN,-37.82417006,144.9889206,3004,Dry,Not Required,Clear,PUNT,OLYMPIC,ROAD,BOULEVARD,Collision,Not Applicable
T20140008683,2014-04-23,17:20:00                      ,Struck Pedestrian,Wednesday,ANY MANOEUVRE INVOLVING PED NOT INCLUDED IN DCAs 100-108.  ,1B,L,4,Dusk/Dawn,1,2,0,01,Pedestrians,N,Other injury,70+,3220.0,F,MELBOURNE,MELBOURNE_CBD,-37.81303019,144.9625993,3000,Dry,,Clear,ELIZABETH,LITTLE BOURKE,STREET,STREET,Collision,Not Applicable
T20140008974,2014-05-01,17:01:00                      ,Struck Pedestrian,Thursday,PED NEAR SIDE. PED HIT BY VEHICLE FROM THE RIGHT.      ,2B,D,8,Dusk/Dawn,1,2,0,01,Pedestrians, ,Other injury,26-29,3051.0,F,MELBOURNE,MELB_URBAN,-37.80005179,144.960513,3052,Dry,Vehicle entering intersection,Clear,GRATTAN,LEICESTER,STREET,STREET,Collision,Not Applicable
T20140009907,2014-05-13,19:13:00                      ,Struck Pedestrian,Tuesday,PED NEAR SIDE. PED HIT BY VEHICLE FROM THE RIGHT.      ,2A,D,6,Dark No street lights,1,2,0,01,Pedestrians,N,Other injury,unknown,,M,MELBOURNE,MELB_URBAN,-37.79645073,144.9400489,3051,Dry,,Clear,MACAULAY,VAUGHAN,ROAD,TERRACE,Collision,Not Applicable
T20140010025,2014-05-12,18:50:00                      ,Struck Pedestrian,Monday,VEH STRIKES PED ON FOOTPATH/MEDIAN/TRAFFIC ISLAND.,1A,A,1,Dark Street lights on,1,2,1,01,Pedestrians,Y,Serious injury,64-69,3216.0,F,MELBOURNE,MELB_URBAN,-37.81316686,144.9514354,3000,Dry,Vehicle moving foward - under control,Clear,SPENCER,LA TROBE,STREET,STREET,Collision,Not Applicable
T20140010026,2014-05-10,01:00:00                      ,Struck Pedestrian,Saturday,ANY MANOEUVRE INVOLVING PED NOT INCLUDED IN DCAs 100-108.  ,2G,F,9,Dark Street lights on,1,2,1,01,Pedestrians,Y,Serious injury,26-29,,M,MELBOURNE,MELB_URBAN,-37.82451797,144.9885604,3004,Dry,,Not known,OLYMPIC,PUNT,BOULEVARD,ROAD,Collision,Not Applicable
T20140010348,2014-05-19,18:59:00                      ,Struck Pedestrian,Monday,FAR SIDE. PED HIT BY VEHICLE FROM THE LEFT         ,1C,H,9,Dusk/Dawn,1,2,0,01,Pedestrians,N,Serious injury,60-64,3205.0,F,MELBOURNE,MELB_URBAN,-37.82855581,144.9585208,3006,Wet,Vehicle leaving intersection,Raining,CLARENDON,KINGS-WEST GATE OUT ON,STREET,RAMP,Collision,Not Applicable
T20140010389,2014-05-20,07:10:00                      ,Struck Pedestrian,Tuesday,ANY MANOEUVRE INVOLVING PED NOT INCLUDED IN DCAs 100-108.  ,1A,C,9,Day,1,2,0,01,Pedestrians, ,Other injury,26-29,3071.0,F,MELBOURNE,MELBOURNE_CBD,-37.81939013,144.9571063,3000,Dry,Not Required,Not known,KING,FLINDERS,STREET,LANE,Collision,Not Applicable
T20140010431,2014-05-20,14:10:00                      ,Struck Pedestrian,Tuesday,PED PLAYING/LYING/WORKING/STANDING ON CARRIAGEWAY.,2B,A,9,Day,1,2,0,01,Pedestrians, ,Other injury,40-49,,F,MELBOURNE,MELB_URBAN,-37.80199071,144.9542009,3051,Wet,Pedestrian standing,Raining,BLACKWOOD,COURTNEY,STREET,STREET,Collision,Not Applicable
T20140010491,2014-05-21,14:13:00                      ,Struck Pedestrian,Wednesday,PED NEAR SIDE. PED HIT BY VEHICLE FROM THE RIGHT.      ,2F,K,1,Day,1,2,0,01,Pedestrians,N,Other injury,22-25,3805.0,F,MELBOURNE,MELB_URBAN,-37.80953754,144.9756514,3002,Dry,Vehicle within intersection,Clear,ALBERT,GISBORNE,STREET,STREET,Collision,Not Applicable
T20140011043,2014-05-18,19:00:00                      ,Struck Pedestrian,Sunday,PED PLAYING/LYING/WORKING/STANDING ON CARRIAGEWAY.,2G,G,5,Dark Street lights on,1,2,0,01,Pedestrians,N,Other injury,30-39,,M,MELBOURNE,MELB_URBAN,-37.8174564,144.9896421,3002,Dry,Pedestrian standing,Clear,WELLINGTON,PUNT,PARADE,ROAD,Collision,Not Applicable
T20140011069,2014-05-26,14:15:00                      ,Struck Pedestrian,Monday,PED NEAR SIDE. PED HIT BY VEHICLE FROM THE RIGHT.      ,2L,C,4,Day,1,2,0,01,Pedestrians,N,Other injury,26-29,3141.0,F,MELBOURNE,MELB_URBAN,-37.83772392,144.9817799,3141,Dry,Vehicle entering intersection,Clear,TOORAK,PARK,ROAD,STREET,Collision,Not Applicable
T20140011099,2014-03-21,22:30:00                      ,Struck Pedestrian,Friday,PED PLAYING/LYING/WORKING/STANDING ON CARRIAGEWAY.,1A,J,3,Dark Street lights unknown,1,2,0,01,Pedestrians,N,Other injury,30-39,,F,MELBOURNE,MELBOURNE_CBD,-37.81262119,144.9610906,3000,Unknown,,Not known,LONSDALE,NIAGARA,STREET,LANE,Collision,Not Applicable
T20140011114,2014-05-23,05:30:00                      ,Struck Pedestrian,Friday,FAR SIDE. PED HIT BY VEHICLE FROM THE LEFT         ,1B,Q,5,Unknown,1,2,0,01,Pedestrians, ,Other injury,60-64,,F,MELBOURNE,MELBOURNE_CBD,-37.81280765,144.9681028,3000,Wet,Vehicle within intersection,Not known,BOURKE,RUSSELL,STREET,STREET,Collision,Not Applicable
T20140011228,2014-05-30,16:10:00                      ,Struck Pedestrian,Friday,PED NEAR SIDE. PED HIT BY VEHICLE FROM THE RIGHT.      ,2A,F,2,Dusk/Dawn,1,2,1,01,Pedestrians,Y,Serious injury,5-12,,F,MELBOURNE,MELB_URBAN,-37.78942762,144.9427501,3052,Dry,Not Required,Clear,ELLIOTT,SOUTHGATE,AVENUE,STREET,Collision,Not Applicable
T20140011384,2014-05-29,13:45:00                      ,Struck Pedestrian,Thursday,ANY MANOEUVRE INVOLVING PED NOT INCLUDED IN DCAs 100-108.  ,2L,A,6,Day,1,2,1,01,Pedestrians,Y,Serious injury,50-59,3004.0,F,MELBOURNE,MELB_URBAN,-37.8402597,144.9770113,3004,Dry,Not Required,Clear,ST KILDA,LEOPOLD,ROAD,STREET,Collision,Not Applicable
T20140011742,2014-06-06,19:31:00                      ,Struck Pedestrian,Friday,ANY MANOEUVRE INVOLVING PED NOT INCLUDED IN DCAs 100-108.  ,2B,C,12,Dark Street lights on,1,2,0,01,Pedestrians,N,Other injury,30-39,3121.0,F,MELBOURNE,MELB_URBAN,-37.80766123,144.9601358,3000,Dry,,Clear,ELIZABETH,FRANKLIN,STREET,STREET,Collision,Not Applicable
T20140012252,2014-06-14,09:30:00                      ,Struck Pedestrian,Saturday,PED NEAR SIDE. PED HIT BY VEHICLE FROM THE RIGHT.      ,1A,A,7,Day,1,2,0,01,Pedestrians,N,Other injury,17-21,3000.0,F,MELBOURNE,MELB_URBAN,-37.81906984,144.9541489,3000,Dry,Vehicle entering intersection,Clear,SPENCER,COLLINS,STREET,STREET,Collision,Not Applicable
T20140012399,2014-06-16,08:40:00                      ,Collision with vehicle,Monday,LANE SIDE SWIPE (VEHICLES IN PARALLEL LANES)        ,2F,H,11,Day,2,3,1,01,Pedestrians,Y,Serious injury,26-29,3205.0,F,MELBOURNE,MELB_URBAN,-37.82870827,144.9711192,3006,Wet,Not Required,Raining,COVENTRY,ST KILDA REV,STREET,ROAD SERVICE ROAD,Collision,Not Applicable
T20140012440,2014-06-16,17:45:00                      ,Struck Pedestrian,Monday,PED EMERGES FROM IN FRONT OF PARKED OR STATIONARY VEHICLE  ,1D,N,2,Dusk/Dawn,1,2,0,01,Pedestrians, ,Other injury,30-39,3000.0,M,MELBOURNE,MELB_URBAN,-37.82128001,144.9613991,3006,Dry,Pedestrian emerged from behind car etc,Clear,QUEENS BRIDGE,BANANA,STREET,ALLEY,Collision,Not Applicable
T20140012536,2014-06-18,08:57:00                      ,Struck Pedestrian,Wednesday,PED STRUCK WALKING TO/FROM OR BOARDING/ALIGHTING VEHICLE.  ,1A,F,1,Dusk/Dawn,1,2,0,01,Pedestrians, ,Other injury,50-59,3044.0,M,MELBOURNE,MELBOURNE_CBD,-37.8117548,144.9564464,3000,Dry,Pedestrian emerged from behindtram,Clear,LA TROBE,WILLIAM,STREET,STREET,Collision,Not Applicable
T20140012559,2014-06-18,18:44:00                      ,Struck Pedestrian,Wednesday,FAR SIDE. PED HIT BY VEHICLE FROM THE LEFT         ,1C,H,8,Dark Street lights on,1,2,1,01,Pedestrians,Y,Serious injury,26-29,3006.0,F,MELBOURNE,MELB_URBAN,-37.82794212,144.9577428,3006,Dry,Not Required,Clear,CITY,BLAKENEY ALT,ROAD,PLACE,Collision,Not Applicable
T20140012718,2014-06-20,17:45:00                      ,Struck Pedestrian,Friday,FAR SIDE. PED HIT BY VEHICLE FROM THE LEFT         ,1D,V,9,Dark Street lights on,1,2,1,01,Pedestrians,Y,Serious injury,17-21,3941.0,M,MELBOURNE,MELB_URBAN,-37.8249543,144.9708804,3004,Dry,Vehicle leaving intersection,Clear,ST KILDA,GRANT,ROAD,STREET,Collision,Not Applicable