KEYAccidentNumber,DATAccidentDate_accident,TIMAccidentTime_accident,CATAccidentTypeDesc_accident,CATDayOfWeek_accident,CATDCADesc_accident,CATMelwaysPage_accident,CATMelwaysGridRef_X_accident,CATMelwaysGridRef_Y_accident,CATLightConditionDesc_accident,NUMVehiclesInvolved_accident,NUMPersonsInvolved_accident,NUMPersonsInjured_accident,KEYPersonID_person,CATRoadUserTypeDesc_person,CATTakenHospital_person,CATInjuryLevelDesc_person,CATAgeGroup_person,CATPostcode_person,CATGender_person,CATLGAName_node,CATDEGUrbanName_node,NUMLatitude_node,NUMLongitude_node,CATPostcode_node,CATSurfaceConditionDesc_surface,CATSubDCACodeDesc_subdca,CATAtmosphericConditionDesc_atmosphere,CATRoadName_acclocation,CATRoadNameInt_acclocation,CATRoadType_acclocation,CATRoadTypeInt_acclocation,CATEventTypeDesc_accevent,CATObjectTypeDesc_accevent
T20140012746,2014-06-21,00:30:00                      ,Struck Pedestrian,Saturday,PED NEAR SIDE. PED HIT BY VEHICLE FROM THE RIGHT.      ,2A,C,2,Dark Street lights on,1,2,1,01,Pedestrians,Y,Serious injury,22-25,,M,MELBOURNE,MELB_URBAN,-37.78875038,144.9360519,3031,Dry,Vehicle entering intersection,Clear,RACECOURSE,STUBBS,ROAD,STREET,Collision,Not Applicable
T20140012920,2014-06-21,23:40:00                      ,Struck Pedestrian,Saturday,FAR SIDE. PED HIT BY VEHICLE FROM THE LEFT         ,1D,P,2,Dark Street lights on,1,4,0,03,Pedestrians,N,Other injury,30-39,3122.0,M,MELBOURNE,MELB_URBAN,-37.8206,144.9613892,3006,Dry,Not Required,Clear,QUEENS BRIDGE,BANANA,STREET,ALLEY,Collision,Not Applicable
T20140013086,2014-06-25,13:20:00                      ,Struck Pedestrian,Wednesday,ANY MANOEUVRE INVOLVING PED NOT INCLUDED IN DCAs 100-108.  ,1B,T,9,Day,1,2,0,01,Pedestrians,N,Other injury,30-39,3959.0,M,MELBOURNE,MELBOURNE_CBD,-37.81578113,144.9722761,3000,Dry,Not Required,Clear,EXHIBITION,MALTHOUSE,STREET,LANE,Collision,Not Applicable
T20140013107,2014-06-25,19:00:00                      ,Struck Pedestrian,Wednesday,FAR SIDE. PED HIT BY VEHICLE FROM THE LEFT         ,2A,F,8,Dark Street lights on,1,2,0,01,Pedestrians,N,Serious injury,60-64,3051.0,F,MELBOURNE,MELB_URBAN,-37.80030062,144.9439783,3051,Wet,Vehicle within intersection,Clear,DRYBURGH,MACAULAY,STREET,ROAD,Collision,Not Applicable
T20140013332,2014-06-28,21:31:00                      ,Struck Pedestrian,Saturday,FAR SIDE. PED HIT BY VEHICLE FROM THE LEFT         ,1B,T,3,Dark Street lights on,1,3,1,01,Pedestrians,Y,Serious injury,17-21,3000.0,F,MELBOURNE,MELBOURNE_CBD,-37.81012748,144.9696558,3000,Dry,Vehicle leaving intersection,Clear,EXHIBITION,LONSDALE,STREET,STREET,Collision,Not Applicable
T20140013332,2014-06-28,21:31:00                      ,Struck Pedestrian,Saturday,FAR SIDE. PED HIT BY VEHICLE FROM THE LEFT         ,1B,T,3,Dark Street lights on,1,3,1,02,Pedestrians,N,Other injury,17-21,3000.0,F,MELBOURNE,MELBOURNE_CBD,-37.81012748,144.9696558,3000,Dry,Vehicle leaving intersection,Clear,EXHIBITION,LONSDALE,STREET,STREET,Collision,Not Applicable
T20140013376,2014-06-29,16:16:00                      ,Struck Pedestrian,Sunday,PED NEAR SIDE. PED HIT BY VEHICLE FROM THE RIGHT.      ,1B,N,2,Dusk/Dawn,1,3,0,02,Pedestrians,N,Other injury,5-12,3000.0,F,MELBOURNE,MELBOURNE_CBD,-37.81057375,144.9642809,3000,Wet,Vehicle leaving intersection,Not known,LITTLE LONSDALE,SWANSTON,STREET,STREET,Collision,Not Applicable
T20140014311,2014-07-11,16:51:00                      ,Collision with a fixed object,Friday,RIGHT OFF CARRIAGEWAY INTO OBJECT/PARKED VEHICLE      ,2B,B,9,Dusk/Dawn,1,2,0,01,Pedestrians, ,Not injured,50-59,3121.0,M,MELBOURNE,MELB_URBAN,-37.80192994,144.9575002,3000,Dry,Traffic signs (No parking No standing etc),Clear,ELIZABETH,PELHAM,STREET,STREET,Collision,Traffic sign (no parking/no standing)
T20140014662,2014-07-16,17:30:00                      ,Struck Pedestrian,Wednesday,PED EMERGES FROM IN FRONT OF PARKED OR STATIONARY VEHICLE  ,1B,L,1,Dusk/Dawn,1,2,0,01,Pedestrians, ,Not injured,17-21,,M,MELBOURNE,MELB_URBAN,-37.81003842,144.9623093,3000,Dry,Pedestrian emerged from behindvehicle not known,Clear,LA TROBE,ELIZABETH,STREET,STREET,Collision,Not Applicable
T20140014728,2014-07-17,11:45:00                      ,Struck Pedestrian,Thursday,PED NEAR SIDE. PED HIT BY VEHICLE FROM THE RIGHT.      ,1D,V,9,Day,1,2,0,01,Pedestrians, ,Other injury,13-15,,F,MELBOURNE,MELB_URBAN,-37.8249543,144.9708804,3004,Dry,Vehicle entering intersection,Clear,ST KILDA,GRANT,ROAD,STREET,Collision,Not Applicable
T20140014735,2014-07-17,10:29:00                      ,Struck Pedestrian,Thursday,PED NEAR SIDE. PED HIT BY VEHICLE FROM THE RIGHT.      ,2G,B,4,Day,1,2,1,01,Pedestrians,Y,Serious injury,60-64,3002.0,F,MELBOURNE,MELB_URBAN,-37.81571384,144.9791625,3002,Dry,Vehicle leaving intersection,Clear,WELLINGTON,JOLIMONT,PARADE,ROAD,Collision,Not Applicable
T20140014834,2014-07-18,19:16:00                      ,Struck Pedestrian,Friday,FAR SIDE. PED HIT BY VEHICLE FROM THE LEFT         ,2T,K,2,Dark Street lights on,1,2,1,01,Pedestrians,Y,Serious injury,30-39,,M,MELBOURNE,MELB_URBAN,-37.78964648,144.9298255,3031,Dry,Vehicle within intersection,Clear,EASTWOOD,PARSONS,STREET,STREET,Collision,Not Applicable
T20140014995,2014-07-21,07:17:00                      ,Struck Pedestrian,Monday,PED EMERGES FROM IN FRONT OF PARKED OR STATIONARY VEHICLE  ,2G,D,9,Dusk/Dawn,1,2,0,01,Pedestrians,N,Other injury,17-21,3792.0,M,MELBOURNE,MELB_URBAN,-37.82386022,144.98311,3004,Dry,Pedestrian emerged from behind car etc,Clear,SWAN,OLYMPIC,STREET,BOULEVARD,Collision,Not Applicable
T20140015064,2014-07-22,10:34:00                      ,Struck Pedestrian,Tuesday,PED WALKING AGAINST TRAFFIC.                ,1A,K,10,Day,2,3,0,01,Pedestrians, ,Other injury,40-49,,M,MELBOURNE,MELB_URBAN,-37.81822706,144.9647786,3000,Dry,Not on Footpath,Clear,FLINDERS,ELIZABETH,STREET,STREET,Collision,Not Applicable
T20140015257,2014-07-24,16:58:00                      ,Struck Pedestrian,Thursday,PED NEAR SIDE. PED HIT BY VEHICLE FROM THE RIGHT.      ,28,G,11,Dusk/Dawn,1,2,0,01,Pedestrians,N,Other injury,70+,,F,MELBOURNE,MELB_URBAN,-37.78058876,144.9147435,3031,Dry,Vehicle within intersection,Clear,EPSOM,UNION,ROAD,ROAD,Collision,Not Applicable
T20140015319,2014-07-25,09:32:00                      ,Struck Pedestrian,Friday,FAR SIDE. PED HIT BY VEHICLE FROM THE LEFT         ,1A,K,7,Day,1,2,1,01,Pedestrians,Y,Serious injury,60-64,3139.0,M,MELBOURNE,MELBOURNE_CBD,-37.81640353,144.9634216,3000,Dry,Not Required,Clear,COLLINS,ELIZABETH,STREET,STREET,Collision,Not Applicable
T20140015374,2014-07-13,00:15:00                      ,Struck Pedestrian,Sunday,PED STRUCK WALKING TO/FROM OR BOARDING/ALIGHTING VEHICLE.  ,2B,C,4,Dark Street lights unknown,1,3,0,02,Pedestrians,N,Other injury,17-21,3350.0,M,MELBOURNE,MELB_URBAN,-37.79255198,144.9584548,3052,Unknown,Pedestrian emerged from behindtram,Not known,ROYAL,COLLEGE,PARADE,CRESCENT,Collision,Not Applicable
T20140015591,2014-07-28,23:27:00                      ,Struck Pedestrian,Monday,ANY MANOEUVRE INVOLVING PED NOT INCLUDED IN DCAs 100-108.  ,2A,K,6,Dark Street lights on,1,2,1,01,Pedestrians,Y,Serious injury,13-15,3051.0,F,MELBOURNE,MELB_URBAN,-37.79761914,144.9524811,3051,Dry,,Clear,FLEMINGTON,HARCOURT,ROAD,STREET,Collision,Not Applicable
T20140015945,2014-07-31,08:15:00                      ,Struck Pedestrian,Thursday,PED ON FOOTHPATH STRUCK BY VEHENTERING/LEAVING DRIVEWAY.  ,2E,H,9,Day,1,2,0,01,Pedestrians,N,Other injury,30-39,3150.0,M,MELBOURNE,MELB_URBAN,-37.82476559,144.9473462,3008,Dry,Paved footpath,Clear,CARGO,,LANE,,Collision,Not Applicable
T20140016022,2014-08-03,15:31:00                      ,Struck Pedestrian,Sunday,PED STRUCK WALKING TO/FROM OR BOARDING/ALIGHTING VEHICLE.  ,2B,C,1,Day,1,2,1,01,Pedestrians,Y,Serious injury,17-21,,F,MELBOURNE,MELB_URBAN,-37.78770667,144.9590366,3052,Dry,Alighting,Clear,ROYAL,LEONARD,PARADE,STREET,Collision,Not Applicable
T20140016092,2014-08-04,19:10:00                      ,Struck Pedestrian,Monday,ANY MANOEUVRE INVOLVING PED NOT INCLUDED IN DCAs 100-108.  ,1B,T,4,Dark Street lights on,1,2,0,01,Pedestrians,N,Other injury,22-25,3006.0,M,MELBOURNE,MELBOURNE_CBD,-37.81116247,144.9699112,3000,Dry,,Clear,LITTLE BOURKE,LEES,STREET,PLACE,Collision,Not Applicable
T20140016227,2014-08-06,12:00:00                      ,Struck Pedestrian,Wednesday,PARKED CAR RUN AWAY                     ,2B,B,8,Day,1,1,1,01,Pedestrians,Y,Serious injury,40-49,,F,MELBOURNE,MELB_URBAN,-37.79965807,144.9570203,3000,Dry,Not Required,Clear,GRATTAN,ROYAL FWD,STREET,PARADE SERVICE ROAD,Collision,Not Applicable
T20140016419,2014-08-08,18:00:00                      ,Struck Pedestrian,Friday,FAR SIDE. PED HIT BY VEHICLE FROM THE LEFT         ,1D,V,12,Dark Street lights on,1,2,0,01,Pedestrians,N,Serious injury,26-29,,F,MELBOURNE,MELB_URBAN,-37.8272708,144.9716651,3004,Dry,,Clear,ANZAC,ST KILDA FWD,AVENUE,ROAD SERVICE ROAD,Collision,Not Applicable
T20140016552,2014-08-10,21:20:00                      ,Struck Pedestrian,Sunday,FAR SIDE. PED HIT BY VEHICLE FROM THE LEFT         ,2B,A,7,Dark Street lights on,1,2,0,01,Pedestrians, ,Serious injury,40-49,3016.0,M,MELBOURNE,MELB_URBAN,-37.79903286,144.9542564,3051,Wet,Not Required,Clear,FLEMINGTON,GRATTAN,ROAD,STREET,Collision,Not Applicable
T20140016754,2014-07-16,05:02:00                      ,Struck Pedestrian,Wednesday,PED NEAR SIDE. PED HIT BY VEHICLE FROM THE RIGHT.      ,1A,H,10,Dark Street lights on,1,2,0,01,Pedestrians, ,Other injury,30-39,3000.0,M,MELBOURNE,MELB_URBAN,-37.81889626,144.9624791,3000,Dry,Vehicle leaving intersection,Clear,FLINDERS,QUEEN,STREET,STREET,Collision,Not Applicable
T20140017002,2014-08-16,19:00:00                      ,Struck Pedestrian,Saturday,PED NEAR SIDE. PED HIT BY VEHICLE FROM THE RIGHT.      ,2A,C,2,Dark Street lights on,1,2,0,01,Pedestrians, ,Other injury,40-49,3031.0,M,MELBOURNE,MELB_URBAN,-37.78885604,144.9370404,3031,Dry,Vehicle entering intersection,Clear,RACECOURSE,CITYLINK OUT-RACECOURSE OF,ROAD,RAMP,Collision,Not Applicable
T20140017082,2014-08-15,11:00:00                      ,Struck Pedestrian,Friday,FAR SIDE. PED HIT BY VEHICLE FROM THE LEFT         ,29,G,12,Day,1,2,0,01,Pedestrians, ,Not injured,unknown,,U,MELBOURNE,MELB_URBAN,-37.78470579,144.9591771,3052,Dry,Vehicle entering intersection,Clear,WALKER,ROYAL FWD,STREET,PARADE SERVICE ROAD,Collision,Not Applicable
T20140017217,2014-08-19,06:40:00                      ,Struck Pedestrian,Tuesday,PED NEAR SIDE. PED HIT BY VEHICLE FROM THE RIGHT.      ,2K,J,1,Dusk/Dawn,1,2,1,01,Pedestrians,Y,Serious injury,26-29,,F,MELBOURNE,MELB_URBAN,-37.83228015,144.9718,3004,Dry,Vehicle leaving intersection,Clear,ST KILDA,PARK,ROAD,STREET,Collision,Not Applicable
T20140017274,2014-08-20,18:00:00                      ,Struck Pedestrian,Wednesday,FAR SIDE. PED HIT BY VEHICLE FROM THE LEFT         ,1A,F,2,Dark Street lights on,1,2,0,01,Pedestrians, ,Other injury,26-29,3000.0,M,MELBOURNE,MELBOURNE_CBD,-37.81273613,144.9568858,3000,Wet,Vehicle entering intersection,Raining,LITTLE LONSDALE,WILLIAM,STREET,STREET,Collision,Not Applicable
T20140017324,2014-08-21,13:42:00                      ,Struck Pedestrian,Thursday,FAR SIDE. PED HIT BY VEHICLE FROM THE LEFT         ,1A,E,6,Day,1,2,1,01,Pedestrians,Y,Serious injury,50-59,,F,MELBOURNE,MELBOURNE_CBD,-37.81699669,144.9574667,3000,Dry,Vehicle leaving intersection,Clear,CHURCH,CHURCH,LANE,STREET,Collision,Not Applicable
T20140017732,2014-08-27,10:55:00                      ,Struck Pedestrian,Wednesday,PED NEAR SIDE. PED HIT BY VEHICLE FROM THE RIGHT.      ,2B,E,9,Day,1,2,0,01,Pedestrians,N,Other injury,17-21,3053.0,F,MELBOURNE,MELB_URBAN,-37.80196013,144.9637112,3053,Dry,Not Required,Clear,SWANSTON,LINCOLN N,STREET,SQUARE,Collision,Not Applicable
T20140017963,2014-08-29,19:10:00                      ,Struck Pedestrian,Friday,FAR SIDE. PED HIT BY VEHICLE FROM THE LEFT         ,1D,L,6,Dark Street lights on,1,2,0,01,Pedestrians,N,Other injury,30-39,3107.0,F,MELBOURNE,MELB_URBAN,-37.82531928,144.9601459,3006,Dry,Not Required,Clear,QUEENS BRIDGE,QUEENS BRIDGE ALT,STREET,STREET,Collision,Not Applicable
T20140018224,2014-09-02,15:00:00                      ,Struck Pedestrian,Tuesday,ANY MANOEUVRE INVOLVING PED NOT INCLUDED IN DCAs 100-108.  ,2B,C,12,Day,1,2,1,01,Pedestrians,Y,Serious injury,70+,,M,MELBOURNE,MELB_URBAN,-37.80731189,144.9592009,3000,Dry,Not Required,Clear,THERRY,ELIZABETH,STREET,STREET,Collision,Not Applicable
T20140018382,2014-09-04,22:17:00                      ,Struck Pedestrian,Thursday,FAR SIDE. PED HIT BY VEHICLE FROM THE LEFT         ,2B,C,11,Dark Street lights on,1,3,0,01,Pedestrians,N,Other injury,22-25,,F,MELBOURNE,MELB_URBAN,-37.80629321,144.9595039,3000,Dry,Vehicle entering intersection,Clear,ELIZABETH,VICTORIA,STREET,STREET,Collision,Not Applicable
T20140018382,2014-09-04,22:17:00                      ,Struck Pedestrian,Thursday,FAR SIDE. PED HIT BY VEHICLE FROM THE LEFT         ,2B,C,11,Dark Street lights on,1,3,0,02,Pedestrians,N,Other injury,17-21,3053.0,F,MELBOURNE,MELB_URBAN,-37.80629321,144.9595039,3000,Dry,Vehicle entering intersection,Clear,ELIZABETH,VICTORIA,STREET,STREET,Collision,Not Applicable
T20140018777,2014-09-10,09:25:00                      ,Struck Pedestrian,Wednesday,PED NEAR SIDE. PED HIT BY VEHICLE FROM THE RIGHT.      ,2A,D,2,Day,1,2,1,01,Pedestrians,Y,Serious injury,16-17,3053.0,M,MELBOURNE,MELB_URBAN,-37.78870028,144.9401125,3051,Dry,Not Required,Clear,BOUNDARY,BOUNDARY,ROAD,LANE,Collision,Not Applicable
T20140019117,2014-09-15,11:05:00                      ,Struck Pedestrian,Monday,PED STRUCK WALKING TO/FROM OR BOARDING/ALIGHTING VEHICLE.  ,2B,E,10,Day,1,2,0,01,Pedestrians,N,Other injury,17-21,,M,MELBOURNE,MELB_URBAN,-37.80484015,144.9632114,3053,Dry,Pedestrian emerged from behindtram,Clear,SWANSTON,CORNELL,STREET,PLACE,Collision,Not Applicable
T20140019244,2014-09-16,14:03:00                      ,Struck Pedestrian,Tuesday,ANY MANOEUVRE INVOLVING PED NOT INCLUDED IN DCAs 100-108.  ,1A,K,4,Day,1,2,0,01,Pedestrians,N,Other injury,64-69,3051.0,F,MELBOURNE,MELBOURNE_CBD,-37.81321042,144.9620385,3000,Wet,Not Required,Clear,WHITEHART,LITTLE BOURKE,LANE,STREET,Collision,Not Applicable
T20140019423,2014-09-16,12:15:00                      ,Struck Pedestrian,Tuesday,FAR SIDE. PED HIT BY VEHICLE FROM THE LEFT         ,2B,B,11,Day,1,2,0,01,Pedestrians, ,Other injury,30-39,,F,MELBOURNE,MELB_URBAN,-37.80586818,144.9558931,3003,Unknown,Vehicle within intersection,Not known,PEEL,VICTORIA,STREET,STREET,Collision,Not Applicable
T20140019426,2014-09-19,12:55:00                      ,Collision with vehicle,Friday,U TURN                           ,1A,G,7,Day,2,3,0,01,Pedestrians, ,Other injury,30-39,3040.0,M,MELBOURNE,MELBOURNE_CBD,-37.8173336,144.9601874,3000,Dry,Hit by veh from same dir as initial dir of U-turning veh,Clear,COLLINS,MARKET,STREET,STREET,Collision,Not Applicable
T20140019473,2014-09-20,01:12:00                      ,Struck Pedestrian,Saturday,FAR SIDE. PED HIT BY VEHICLE FROM THE LEFT         ,2B,G,4,Dark Street lights on,1,4,0,02,Pedestrians,N,Other injury,17-21,3024.0,F,MELBOURNE,MELB_URBAN,-37.79226018,144.9683897,3053,Dry,Vehicle leaving intersection,Clear,CEMETERY,PRINCES,ROAD,STREET,Collision,Not Applicable
T20140019473,2014-09-20,01:12:00                      ,Struck Pedestrian,Saturday,FAR SIDE. PED HIT BY VEHICLE FROM THE LEFT         ,2B,G,4,Dark Street lights on,1,4,0,03,Pedestrians,N,Other injury,17-21,,M,MELBOURNE,MELB_URBAN,-37.79226018,144.9683897,3053,Dry,Vehicle leaving intersection,Clear,CEMETERY,PRINCES,ROAD,STREET,Collision,Not Applicable
T20140019520,2014-09-20,19:39:00                      ,Struck Pedestrian,Saturday,FAR SIDE. PED HIT BY VEHICLE FROM THE LEFT         ,2G,G,7,Dark Street lights on,1,2,1,01,Pedestrians,Y,Serious injury,17-21,3071.0,M,MELBOURNE,MELB_URBAN,-37.82028953,144.9895717,3002,Dry,Vehicle entering intersection,Clear,PUNT,ROWENA,ROAD,PARADE,Collision,Not Applicable
T20140019619,2014-09-22,11:02:00                      ,Struck Pedestrian,Monday,FAR SIDE. PED HIT BY VEHICLE FROM THE LEFT         ,28,G,11,Day,1,2,0,01,Pedestrians,N,Other injury,5-12,3461.0,M,MELBOURNE,MELB_URBAN,-37.78058876,144.9147435,3031,Dry,Vehicle entering intersection,Clear,EPSOM,UNION,ROAD,ROAD,Collision,Not Applicable
T20140019922,2014-09-17,21:20:00                      ,Struck Pedestrian,Wednesday,ANY MANOEUVRE INVOLVING PED NOT INCLUDED IN DCAs 100-108.  ,2K,F,1,Unknown,1,2,0,01,Pedestrians,N,Other injury,30-39,3181.0,F,MELBOURNE,MELB_URBAN,-37.83061361,144.9652032,3006,Unknown,Not Required,Clear,KINGS,STURT,WAY,STREET,Collision,Not Applicable
T20140020027,2014-09-27,21:00:00                      ,Struck Pedestrian,Saturday,FAR SIDE. PED HIT BY VEHICLE FROM THE LEFT         ,2B,A,8,Dark Street lights on,1,2,0,01,Pedestrians, ,Not injured,26-29,,M,MELBOURNE,MELB_URBAN,-37.80003056,144.9555093,3000,Dry,Not Required,Clear,FLEMINGTON,GRATTAN,ROAD,STREET,Collision,Not Applicable
T20140020587,2014-10-06,09:00:00                      ,Struck Pedestrian,Monday,PED PLAYING/LYING/WORKING/STANDING ON CARRIAGEWAY.,1D,N,8,Day,1,2,0,01,Pedestrians,N,Other injury,26-29,3087.0,M,MELBOURNE,MELB_URBAN,-37.82659046,144.9630095,3006,Dry,Pedestrian standing,Clear,BALSTON,KAVANAGH,STREET,STREET,Collision,Not Applicable
T20140020600,2014-10-06,10:36:00                      ,Struck Pedestrian,Monday,PED NEAR SIDE. PED HIT BY VEHICLE FROM THE RIGHT.      ,2B,H,6,Day,1,2,0,01,Pedestrians,N,Other injury,60-64,3073.0,M,MELBOURNE,MELB_URBAN,-37.79748147,144.9704876,3053,Dry,Vehicle leaving intersection,Clear,ELGIN,RATHDOWNE,STREET,STREET,Collision,Not Applicable
T20140020650,2014-10-06,22:29:00                      ,Struck Pedestrian,Monday,FAR SIDE. PED HIT BY VEHICLE FROM THE LEFT         ,2B,G,4,Dark Street lights on,1,3,0,02,Pedestrians, ,Other injury,26-29,,F,MELBOURNE,MELB_URBAN,-37.79226018,144.9683897,3053,Wet,Vehicle leaving intersection,Raining,CEMETERY,PRINCES,ROAD,STREET,Collision,Not Applicable
T20140020717,2014-10-07,15:10:00                      ,Collision with vehicle,Tuesday,ENTERING PARKING                      ,1B,U,3,Day,3,3,2,01,Pedestrians,Y,Serious injury,30-39,,M,MELBOURNE,MELBOURNE_CBD,-37.80966283,144.9712513,3000,Dry,Centre of road parking - angle,Clear,LONSDALE,SPRING,STREET,STREET,Collision,Not Applicable
T20140020876,2014-10-09,17:05:00                      ,Struck Pedestrian,Thursday,ANY MANOEUVRE INVOLVING PED NOT INCLUDED IN DCAs 100-108.  ,1B,L,5,Dusk/Dawn,1,2,0,01,Pedestrians, ,Other injury,22-25,3000.0,F,MELBOURNE,MELBOURNE_CBD,-37.81424771,144.9631593,3000,Dry,Not Required,Clear,BOURKE,ELIZABETH,STREET,STREET,Collision,Not Applicable
T20140021049,2014-09-24,17:00:00                      ,Struck Pedestrian,Wednesday,PED NEAR SIDE. PED HIT BY VEHICLE FROM THE RIGHT.      ,2A,B,5,Dark Street lights off,1,2,0,01,Pedestrians, ,Other injury,60-64,3128.0,F,MELBOURNE,MELB_URBAN,-37.79497549,144.9348596,3031,Wet,Vehicle leaving intersection,Raining,MACAULAY,STUBBS,ROAD,STREET,Collision,Not Applicable
T20140021154,2014-10-13,11:40:00                      ,Struck Pedestrian,Monday,VEH STRIKES PED ON FOOTPATH/MEDIAN/TRAFFIC ISLAND.,2E,H,7,Day,1,2,1,01,Pedestrians,Y,Serious injury,26-29,3173.0,F,MELBOURNE,MELB_URBAN,-37.82135921,144.9475249,3008,Dry,Vehicle moving foward - under control,Clear,HARBOUR,COLLINS,ESPLANADE,STREET,Collision,Not Applicable
T20140021196,2014-10-14,09:57:00                      ,Other accident,Tuesday,OTHER ACCIDENTS NOT CLASSIFIABLE ELSEWHERE         ,2A,F,9,Day,1,1,1,01,Pedestrians,Y,Serious injury,70+,3660.0,M,MELBOURNE,MELB_URBAN,-37.80273987,144.943549,3051,Dry,Not Required,Clear,DRYBURGH,QUEENSBERRY,STREET,STREET,Other,Not Applicable
T20140021389,2014-10-16,23:05:00                      ,Struck Pedestrian,Thursday,PED NEAR SIDE. PED HIT BY VEHICLE FROM THE RIGHT.      ,1A,A,3,Dark Street lights on,1,2,0,01,Pedestrians,N,Other injury,17-21,3000.0,M,MELBOURNE,MELB_URBAN,-37.81513671,144.9523409,3000,Dry,Vehicle leaving intersection,Clear,SPENCER,LONSDALE,STREET,STREET,Collision,Not Applicable
T20140021692,2014-10-20,19:00:00                      ,Struck Pedestrian,Monday,VEH STRIKES PED ON FOOTPATH/MEDIAN/TRAFFIC ISLAND.,1A,J,7,Dusk/Dawn,1,2,0,01,Pedestrians, ,Other injury,30-39,3182.0,F,MELBOURNE,MELBOURNE_CBD,-37.81670643,144.9623684,3000,Dry,Vehicle moving back - under control,Clear,COLLINS,QUEEN,STREET,STREET,Collision,Not Applicable
T20140021845,2014-10-22,18:29:00                      ,Struck Pedestrian,Wednesday,ANY MANOEUVRE INVOLVING PED NOT INCLUDED IN DCAs 100-108.  ,2A,H,9,Dusk/Dawn,1,2,0,01,Pedestrians,N,Other injury,40-49,3149.0,M,MELBOURNE,MELB_URBAN,-37.80288555,144.9481478,3051,Dry,Not Required,Clear,CURZON,QUEENSBERRY,STREET,STREET,Collision,Not Applicable
T20140021978,2014-08-05,09:24:00                      ,Struck Pedestrian,Tuesday,PED NEAR SIDE. PED HIT BY VEHICLE FROM THE RIGHT.      ,2B,E,11,Day,1,2,0,01,Pedestrians,N,Other injury,17-21,,M,MELBOURNE,MELB_URBAN,-37.80665694,144.9628972,3000,Unknown,Vehicle within intersection,Not known,VICTORIA,SWANSTON,STREET,STREET,Collision,Not Applicable
T20140021982,2014-10-24,13:00:00                      ,Struck Pedestrian,Friday,FAR SIDE. PED HIT BY VEHICLE FROM THE LEFT         ,2F,C,1,Day,1,2,0,01,Pedestrians, ,Other injury,50-59,3206.0,M,MELBOURNE,MELB_URBAN,-37.80946539,144.9601179,3000,Dry,Not Required,Clear,ABECKETT,ELIZABETH,STREET,STREET,Collision,Not Applicable
T20140022045,2014-10-25,03:10:00                      ,Struck Pedestrian,Saturday,PED NEAR SIDE. PED HIT BY VEHICLE FROM THE RIGHT.      ,1C,G,8,Dark Street lights on,1,2,1,01,Pedestrians,Y,Serious injury,17-21,3199.0,M,MELBOURNE,MELB_URBAN,-37.82807024,144.9575903,3006,Dry,Not Required,Clear,CITY,WEST GATE IN-KINGS OF,ROAD,RAMP,Collision,Not Applicable
T20140022191,2014-10-26,22:45:00                      ,Struck Pedestrian,Sunday,PED NEAR SIDE. PED HIT BY VEHICLE FROM THE RIGHT.      ,1B,T,3,Dark Street lights on,1,2,1,01,Pedestrians,Y,Serious injury,30-39,,F,MELBOURNE,MELBOURNE_CBD,-37.81012748,144.9696558,3000,Dry,Vehicle leaving intersection,Clear,EXHIBITION,LONSDALE,STREET,STREET,Collision,Not Applicable
T20140022520,2014-10-30,16:45:00                      ,Struck Pedestrian,Thursday,PED NEAR SIDE. PED HIT BY VEHICLE FROM THE RIGHT.      ,2A,A,1,Day,1,2,1,01,Pedestrians,Y,Serious injury,30-39,,M,MELBOURNE,MELB_URBAN,-37.7884563,144.9333006,3031,Dry,Not Required,Clear,RACECOURSE,VICTORIA,ROAD,STREET,Collision,Not Applicable
T20140022581,2014-10-31,09:00:00                      ,Struck Pedestrian,Friday,PED NEAR SIDE. PED HIT BY VEHICLE FROM THE RIGHT.      ,2B,F,7,Day,1,2,0,01,Pedestrians, ,Other injury,26-29,,F,MELBOURNE,MELB_URBAN,-37.79851457,144.9658189,3053,Dry,Vehicle within intersection,Clear,CARDIGAN,FARADAY,STREET,STREET,Collision,Not Applicable
T20140022798,2014-11-03,16:36:00                      ,Struck Pedestrian,Monday,PED NEAR SIDE. PED HIT BY VEHICLE FROM THE RIGHT.      ,1B,N,3,Day,1,2,1,01,Pedestrians,Y,Serious injury,50-59,3124.0,F,MELBOURNE,MELBOURNE_CBD,-37.811561,144.9647324,3000,Dry,Vehicle leaving intersection,Clear,LONSDALE,SWANSTON,STREET,STREET,Collision,Not Applicable
T20140024510,2014-11-26,12:00:00                      ,Struck Pedestrian,Wednesday,ANY MANOEUVRE INVOLVING PED NOT INCLUDED IN DCAs 100-108.  ,2G,A,3,Day,1,2,1,01,Pedestrians,Y,Serious injury,70+,,M,MELBOURNE,MELB_URBAN,-37.81324961,144.9777464,3002,Dry,Not Required,Clear,LANSDOWNE,TREASURY,STREET,PLACE,Collision,Not Applicable
T20140024988,2014-12-02,17:08:00                      ,Struck Pedestrian,Tuesday,ANY MANOEUVRE INVOLVING PED NOT INCLUDED IN DCAs 100-108.  ,1A,D,7,Dusk/Dawn,1,2,1,01,Pedestrians,Y,Serious injury,50-59,3182.0,M,MELBOURNE,MELBOURNE_CBD,-37.81827277,144.9569213,3000,Dry,Not Required,Clear,COLLINS,KING,STREET,STREET,Collision,Not Applicable