KEYAccidentNumber,DATAccidentDate_accident,TIMAccidentTime_accident,CATAccidentTypeDesc_accident,CATDayOfWeek_accident,CATDCADesc_accident,CATMelwaysPage_accident,CATMelwaysGridRef_X_accident,CATMelwaysGridRef_Y_accident,CATLightConditionDesc_accident,NUMVehiclesInvolved_accident,NUMPersonsInvolved_accident,NUMPersonsInjured_accident,KEYPersonID_person,CATRoadUserTypeDesc_person,CATTakenHospital_person,CATInjuryLevelDesc_person,CATAgeGroup_person,CATPostcode_person,CATGender_person,CATLGAName_node,CATDEGUrbanName_node,NUMLatitude_node,NUMLongitude_node,CATPostcode_node,CATSurfaceConditionDesc_surface,CATSubDCACodeDesc_subdca,CATAtmosphericConditionDesc_atmosphere,CATRoadName_acclocation,CATRoadNameInt_acclocation,CATRoadType_acclocation,CATRoadTypeInt_acclocation,CATEventTypeDesc_accevent,CATObjectTypeDesc_accevent
T20140025010,2014-12-02,15:45:00                      ,Struck Pedestrian,Tuesday,PED NEAR SIDE. PED HIT BY VEHICLE FROM THE RIGHT.      ,2G,E,5,Day,2,3,0,01,Pedestrians, ,Other injury,unknown,,U,MELBOURNE,MELB_URBAN,-37.81638057,144.985187,3002,Dry,Vehicle within intersection,Clear,WELLINGTON,POWLETT,PARADE,STREET,Collision,Not Applicable
T20140025080,2014-12-03,22:50:00                      ,Struck Pedestrian,Wednesday,FAR SIDE. PED HIT BY VEHICLE FROM THE LEFT         ,2B,D,12,Dark Street lights on,1,2,0,01,Pedestrians,N,Other injury,17-21,,F,MELBOURNE,MELB_URBAN,-37.80818237,144.9603755,3000,Wet,Vehicle leaving intersection,Raining,ELIZABETH,FRANKLIN,STREET,STREET,Collision,Not Applicable
T20140025360,2014-12-07,19:30:00                      ,Struck Pedestrian,Sunday,PED NEAR SIDE. PED HIT BY VEHICLE FROM THE RIGHT.      ,2E,G,4,Dusk/Dawn,1,2,0,01,Pedestrians,N,Other injury,16-17,3064.0,F,MELBOURNE,MELB_URBAN,-37.81499305,144.9450057,3008,Dry,Vehicle within intersection,Clear,HARBOUR,HARBOUR,ESPLANADE,ESPLANADE,Collision,Not Applicable
T20140025368,2014-12-07,22:45:00                      ,Struck Pedestrian,Sunday,FAR SIDE. PED HIT BY VEHICLE FROM THE LEFT         ,1B,L,10,Dark Street lights on,1,2,0,01,Pedestrians,N,Other injury,26-29,,M,MELBOURNE,MELB_URBAN,-37.81817138,144.9649699,3000,Dry,Vehicle leaving intersection,Clear,ELIZABETH,FLINDERS,STREET,STREET,Collision,Not Applicable
T20140025986,2014-12-15,15:15:00                      ,Struck Pedestrian,Monday,PED NEAR SIDE. PED HIT BY VEHICLE FROM THE RIGHT.      ,2B,A,8,Day,1,2,1,01,Pedestrians,Y,Serious injury,70+,3055.0,F,MELBOURNE,MELB_URBAN,-37.79965241,144.9550344,3000,Dry,Vehicle leaving intersection,Clear,FLEMINGTON,GRATTAN,ROAD,STREET,Collision,Not Applicable
T20140026052,2014-12-16,13:00:00                      ,Struck Pedestrian,Tuesday,PED ON FOOTHPATH STRUCK BY VEHENTERING/LEAVING DRIVEWAY.  ,2A,K,11,Unknown,1,2,0,01,Pedestrians, ,Other injury,64-69,3051.0,M,MELBOURNE,MELB_URBAN,-37.80558337,144.9533094,3003,Dry,Paved footpath,Clear,VICTORIA,WILLIAM,STREET,STREET,Collision,Not Applicable
T20140026243,2014-12-18,13:30:00                      ,Struck Pedestrian,Thursday,ANY MANOEUVRE INVOLVING PED NOT INCLUDED IN DCAs 100-108.  ,1A,E,7,Day,1,2,0,01,Pedestrians, ,Other injury,40-49,3338.0,F,MELBOURNE,MELBOURNE_CBD,-37.81774105,144.9587705,3000,Dry,Not Required,Not known,COLLINS,WILLIAM,STREET,STREET,Collision,Not Applicable
T20140026301,2014-12-15,15:20:00                      ,Struck Pedestrian,Monday,PED EMERGES FROM IN FRONT OF PARKED OR STATIONARY VEHICLE  ,1B,R,5,Day,1,2,1,01,Pedestrians,Y,Serious injury,40-49,3108.0,F,MELBOURNE,MELBOURNE_CBD,-37.81248296,144.9692114,3000,Dry,Pedestrian emerged from behind car etc,Clear,BOURKE,BRIEN,STREET,LANE,Collision,Not Applicable
T20140026774,2014-12-25,18:25:00                      ,Struck Pedestrian,Thursday,FAR SIDE. PED HIT BY VEHICLE FROM THE LEFT         ,2A,J,5,Day,1,2,0,01,Pedestrians,N,Other injury,22-25,3053.0,F,MELBOURNE,MELB_URBAN,-37.7951497,144.9493804,3051,Dry,Pedestrian stepped off safety zone/tram shelter,Not known,FLEMINGTON,FLEMINGTON,ROAD,ROAD,Collision,Not Applicable
T20140027137,2014-12-31,17:30:00                      ,Struck Pedestrian,Wednesday,FAR SIDE. PED HIT BY VEHICLE FROM THE LEFT         ,2A,J,6,Day,1,2,1,01,Pedestrians,Y,Serious injury,50-59,,F,MELBOURNE,MELB_URBAN,-37.79659639,144.9511968,3051,Dry,Vehicle entering intersection,Clear,HARKER,FLEMINGTON,STREET,ROAD,Collision,Not Applicable
T20150000057,2015-01-01,04:47:00                      ,Struck Pedestrian,Thursday,ANY MANOEUVRE INVOLVING PED NOT INCLUDED IN DCAs 100-108.  ,1B,P,5,Dark Street lights on,1,2,0,01,Pedestrians,N,Other injury,22-25,3071.0,F,MELBOURNE,MELBOURNE_CBD,-37.81320339,144.9667516,3000,Dry,Not Required,Clear,BOURKE,ROYAL,STREET,LANE,Collision,Not Applicable
T20150000171,2015-01-03,22:15:00                      ,Struck Pedestrian,Saturday,FAR SIDE. PED HIT BY VEHICLE FROM THE LEFT         ,2T,H,9,Dark Street lights on,1,3,2,01,Pedestrians,Y,Serious injury,40-49,3011.0,M,MELBOURNE,MELB_URBAN,-37.80262943,144.9250001,3003,Dry,Not Required,Clear,DYNON,LLOYD,ROAD,STREET,Collision,Not Applicable
T20150000171,2015-01-03,22:15:00                      ,Struck Pedestrian,Saturday,FAR SIDE. PED HIT BY VEHICLE FROM THE LEFT         ,2T,H,9,Dark Street lights on,1,3,2,02,Pedestrians,Y,Serious injury,30-39,3011.0,F,MELBOURNE,MELB_URBAN,-37.80262943,144.9250001,3003,Dry,Not Required,Clear,DYNON,LLOYD,ROAD,STREET,Collision,Not Applicable
T20150000250,2015-01-05,12:35:00                      ,Struck Pedestrian,Monday,PED NEAR SIDE. PED HIT BY VEHICLE FROM THE RIGHT.      ,1B,V,3,Day,1,3,1,02,Pedestrians,Y,Serious injury,5-12,3151.0,M,MELBOURNE,MELB_URBAN,-37.80940402,144.97214,3000,Dry,Vehicle entering intersection,Clear,LONSDALE,SPRING,STREET,STREET,Collision,Not Applicable
T20150000371,2014-11-24,08:00:00                      ,Struck Pedestrian,Monday,PED NEAR SIDE. PED HIT BY VEHICLE FROM THE RIGHT.      ,1A,F,7,Day,1,2,1,01,Pedestrians,Y,Serious injury,22-25,3055.0,F,MELBOURNE,MELBOURNE_CBD,-37.81764326,144.9591106,3000,Wet,Vehicle within intersection,Clear,COLLINS,WILLIAM,STREET,STREET,Collision,Not Applicable
T20150000453,2015-01-08,13:50:00                      ,Struck Pedestrian,Thursday,PED NEAR SIDE. PED HIT BY VEHICLE FROM THE RIGHT.      ,1D,V,6,Day,1,2,1,01,Pedestrians,Y,Serious injury,64-69,3206.0,M,MELBOURNE,MELB_URBAN,-37.82231976,144.9696708,3004,Dry,Pedestrian stepped off safety zone/tram shelter,Clear,ST KILDA,ST KILDA,ROAD,ROAD,Collision,Not Applicable
T20150000516,2015-01-09,10:10:00                      ,Struck Pedestrian,Friday,PED NEAR SIDE. PED HIT BY VEHICLE FROM THE RIGHT.      ,1B,M,10,Day,1,4,1,03,Pedestrians,Y,Serious injury,17-21,,M,MELBOURNE,MELB_URBAN,-37.81772654,144.9664984,3000,Wet,Not Required,Clear,FLINDERS,DEGRAVES,STREET,STREET,Collision,Not Applicable
T20150000591,2015-01-09,22:16:00                      ,Struck Pedestrian,Friday,FAR SIDE. PED HIT BY VEHICLE FROM THE LEFT         ,2B,F,8,Dark Street lights on,1,3,0,01,Pedestrians,N,Other injury,40-49,3044.0,F,MELBOURNE,MELB_URBAN,-37.80074287,144.9669242,3053,Wet,Vehicle leaving intersection,Raining,GRATTAN,LYGON,STREET,STREET,Collision,Not Applicable
T20150000591,2015-01-09,22:16:00                      ,Struck Pedestrian,Friday,FAR SIDE. PED HIT BY VEHICLE FROM THE LEFT         ,2B,F,8,Dark Street lights on,1,3,0,02,Pedestrians, ,Not injured,30-39,3044.0,F,MELBOURNE,MELB_URBAN,-37.80074287,144.9669242,3053,Wet,Vehicle leaving intersection,Raining,GRATTAN,LYGON,STREET,STREET,Collision,Not Applicable
T20150001202,2015-01-17,20:18:00                      ,Struck Pedestrian,Saturday,FAR SIDE. PED HIT BY VEHICLE FROM THE LEFT         ,1C,J,5,Dusk/Dawn,1,2,1,01,Pedestrians,Y,Serious injury,22-25,3335.0,M,MELBOURNE,MELB_URBAN,-37.82505089,144.957651,3006,Dry,Pedestrian stepped off median strip,Clear,WHITEMAN,CLARENDON,STREET,STREET,Collision,Not Applicable
T20150001247,2015-01-18,15:55:00                      ,Struck Pedestrian,Sunday,PED EMERGES FROM IN FRONT OF PARKED OR STATIONARY VEHICLE  ,2K,H,1,Day,1,2,1,01,Pedestrians,Y,Serious injury,0-4,,F,MELBOURNE,MELB_URBAN,-37.83167945,144.9715227,3004,Dry,Pedestrian emerged from behind car etc,Clear,ST KILDA,PARK,ROAD,STREET,Collision,Not Applicable
T20150001497,2015-01-22,09:31:00                      ,Struck Pedestrian,Thursday,FAR SIDE. PED HIT BY VEHICLE FROM THE LEFT         ,29,G,12,Day,1,3,0,01,Pedestrians,N,Other injury,16-17,3173.0,F,MELBOURNE,MELB_URBAN,-37.78472297,144.9593976,3052,Dry,Vehicle leaving intersection,Clear,ROYAL,WALKER,PARADE,STREET,Collision,Not Applicable
T20150001497,2015-01-22,09:31:00                      ,Struck Pedestrian,Thursday,FAR SIDE. PED HIT BY VEHICLE FROM THE LEFT         ,29,G,12,Day,1,3,0,02,Pedestrians, ,Not injured,16-17,3174.0,F,MELBOURNE,MELB_URBAN,-37.78472297,144.9593976,3052,Dry,Vehicle leaving intersection,Clear,ROYAL,WALKER,PARADE,STREET,Collision,Not Applicable
T20150001676,2015-01-24,06:42:00                      ,Struck Pedestrian,Saturday,PED PLAYING/LYING/WORKING/STANDING ON CARRIAGEWAY.,1A,C,9,Dusk/Dawn,1,2,0,01,Pedestrians, ,Other injury,30-39,,M,MELBOURNE,MELBOURNE_CBD,-37.81961933,144.9572123,3000,Dry,Pedestrian standing,Not known,KING,FLINDERS,STREET,LANE,Collision,Not Applicable
T20150001784,2014-10-24,18:20:00                      ,Struck Pedestrian,Friday,PED NEAR SIDE. PED HIT BY VEHICLE FROM THE RIGHT.      ,2L,B,10,Dusk/Dawn,1,3,0,01,Pedestrians, ,Other injury,40-49,3011.0,M,MELBOURNE,MELB_URBAN,-37.84757072,144.9796769,3004,Dry,Not Required,Clear,ST KILDA,MOUBRAY,ROAD,STREET,Collision,Not Applicable
T20150001784,2014-10-24,18:20:00                      ,Struck Pedestrian,Friday,PED NEAR SIDE. PED HIT BY VEHICLE FROM THE RIGHT.      ,2L,B,10,Dusk/Dawn,1,3,0,02,Pedestrians, ,Not injured,40-49,3011.0,F,MELBOURNE,MELB_URBAN,-37.84757072,144.9796769,3004,Dry,Not Required,Clear,ST KILDA,MOUBRAY,ROAD,STREET,Collision,Not Applicable
T20150001838,2015-01-27,01:53:00                      ,Struck Pedestrian,Tuesday,FAR SIDE. PED HIT BY VEHICLE FROM THE LEFT         ,1B,N,10,Dark Street lights on,1,2,1,01,Pedestrians,Y,Serious injury,26-29,3000.0,F,MELBOURNE,MELB_URBAN,-37.81745307,144.967438,3000,Dry,Vehicle leaving intersection,Clear,FLINDERS,SWANSTON,STREET,STREET,Collision,Not Applicable
T20150001963,2015-01-28,18:15:00                      ,Struck Pedestrian,Wednesday,PED STRUCK WALKING TO/FROM OR BOARDING/ALIGHTING VEHICLE.  ,29,G,12,Day,1,2,1,01,Pedestrians,Y,Serious injury,22-25,,F,MELBOURNE,MELB_URBAN,-37.78465964,144.9594052,3052,Dry,Boarding,Clear,ROYAL,WALKER,PARADE,STREET,Collision,Not Applicable
T20150002196,2015-01-31,13:00:00                      ,Struck Pedestrian,Saturday,PED WALKING WITH TRAFFIC                  ,2L,A,4,Day,1,2,0,01,Pedestrians, ,Other injury,5-12,,F,MELBOURNE,MELB_URBAN,-37.83776924,144.9761034,3004,Dry,Not on Footpath,Clear,ST KILDA,SLATER,ROAD,STREET,Collision,Not Applicable
T20150003131,2015-02-13,08:45:00                      ,Struck Pedestrian,Friday,PED NEAR SIDE. PED HIT BY VEHICLE FROM THE RIGHT.      ,2E,K,6,Day,1,2,1,01,Pedestrians,Y,Serious injury,60-64,,M,MELBOURNE,MELB_URBAN,-37.81960634,144.9522884,3008,Dry,Not Required,Clear,COLLINS,WURUNDJERI,STREET,WAY,Collision,Not Applicable
T20150003197,2015-02-12,14:00:00                      ,Struck Pedestrian,Thursday,PED STRUCK WALKING TO/FROM OR BOARDING/ALIGHTING VEHICLE.  ,2L,A,4,Day,1,2,0,01,Pedestrians, ,Other injury,22-25,,F,MELBOURNE,MELB_URBAN,-37.83745988,144.9759906,3004,Dry,Alighting,Not known,ST KILDA,TOORAK,ROAD,ROAD,Collision,Not Applicable
T20150003362,2015-02-14,22:55:00                      ,Struck Pedestrian,Saturday,FAR SIDE. PED HIT BY VEHICLE FROM THE LEFT         ,2G,G,8,Dark Street lights on,1,2,0,01,Pedestrians, ,Other injury,30-39,7307.0,M,MELBOURNE,MELB_URBAN,-37.8216002,144.9893518,3002,Dry,Vehicle within intersection,Clear,PUNT,RICHMOND,ROAD,TERRACE,Collision,Not Applicable
T20150003430,2015-02-17,06:16:00                      ,Struck Pedestrian,Tuesday,PED NEAR SIDE. PED HIT BY VEHICLE FROM THE RIGHT.      ,1A,A,7,Dark Street lights on,1,2,0,01,Pedestrians, ,Fatality,22-25,3000.0,F,MELBOURNE,MELB_URBAN,-37.81906984,144.9541489,3000,Dry,Vehicle within intersection,Clear,SPENCER,COLLINS,STREET,STREET,Collision,Not Applicable
T20150003516,2015-02-17,17:15:00                      ,Struck Pedestrian,Tuesday,PED NEAR SIDE. PED HIT BY VEHICLE FROM THE RIGHT.      ,2L,C,11,Day,1,2,0,01,Pedestrians,N,Other injury,30-39,3004.0,F,MELBOURNE,MELB_URBAN,-37.85021929,144.9806426,3004,Dry,Vehicle leaving intersection,Clear,HIGH,ST KILDA,STREET,ROAD,Collision,Not Applicable
T20150003819,2015-02-16,21:00:00                      ,Struck Pedestrian,Monday,PED NEAR SIDE. PED HIT BY VEHICLE FROM THE RIGHT.      ,2B,G,6,Dark Street lights on,1,2,0,01,Pedestrians,N,Other injury,17-21,3101.0,F,MELBOURNE,MELB_URBAN,-37.79715948,144.9675577,3053,Dry,Vehicle within intersection,Clear,ELGIN,LYGON,STREET,STREET,Collision,Not Applicable
T20150004068,2015-02-25,10:35:00                      ,Struck Pedestrian,Wednesday,FAR SIDE. PED HIT BY VEHICLE FROM THE LEFT         ,1A,F,5,Day,1,2,0,01,Pedestrians,N,Other injury,26-29,3006.0,F,MELBOURNE,MELBOURNE_CBD,-37.81568057,144.9582074,3000,Dry,Vehicle entering intersection,Clear,BOURKE,WILLIAM,STREET,STREET,Collision,Not Applicable
T20150005033,2015-03-06,22:45:00                      ,Struck Pedestrian,Friday,PED NEAR SIDE. PED HIT BY VEHICLE FROM THE RIGHT.      ,1B,T,5,Dark Street lights on,1,2,0,01,Pedestrians, ,Other injury,22-25,,F,MELBOURNE,MELBOURNE_CBD,-37.81208682,144.9705638,3000,Dry,Vehicle within intersection,Not known,BOURKE,EXHIBITION,STREET,STREET,Collision,Not Applicable
T20150005160,2015-03-10,23:05:00                      ,Struck Pedestrian,Tuesday,PED WALKING AGAINST TRAFFIC.                ,2A,J,11,Dark Street lights on,1,2,0,01,Pedestrians, ,Other injury,17-21,,M,MELBOURNE,MELB_URBAN,-37.80514744,144.949344,3003,Dry,Not on Footpath,Clear,ERROL,VICTORIA,STREET,STREET,Collision,Not Applicable
T20150005181,2015-03-11,08:20:00                      ,Struck Pedestrian,Wednesday,FAR SIDE. PED HIT BY VEHICLE FROM THE LEFT         ,2A,C,5,Day,1,2,0,01,Pedestrians, ,Other injury,26-29,3166.0,M,MELBOURNE,MELB_URBAN,-37.79522743,144.9370705,3051,Dry,Not Required,Clear,MACAULAY,LANGFORD,ROAD,STREET,Collision,Not Applicable
T20150005216,2015-03-11,13:45:00                      ,Struck Pedestrian,Wednesday,FAR SIDE. PED HIT BY VEHICLE FROM THE LEFT         ,2E,K,8,Day,1,2,1,01,Pedestrians,Y,Serious injury,70+,6210.0,F,MELBOURNE,MELB_URBAN,-37.82216936,144.9516595,3008,Dry,Vehicle within intersection,Clear,WURUNDJERI,SIDDELEY,WAY,STREET,Collision,Not Applicable
T20150005224,2015-02-26,10:15:00                      ,Struck Pedestrian,Thursday,PED NEAR SIDE. PED HIT BY VEHICLE FROM THE RIGHT.      ,2F,H,11,Day,1,3,1,01,Pedestrians,Y,Serious injury,40-49,3056.0,M,MELBOURNE,MELB_URBAN,-37.82866001,144.9713309,3004,Dry,Vehicle leaving intersection,Clear,ST KILDA,COVENTRY,ROAD,STREET,Collision,Not Applicable
T20150005224,2015-02-26,10:15:00                      ,Struck Pedestrian,Thursday,PED NEAR SIDE. PED HIT BY VEHICLE FROM THE RIGHT.      ,2F,H,11,Day,1,3,1,02,Pedestrians, ,Not injured,30-39,3040.0,M,MELBOURNE,MELB_URBAN,-37.82866001,144.9713309,3004,Dry,Vehicle leaving intersection,Clear,ST KILDA,COVENTRY,ROAD,STREET,Collision,Not Applicable
T20150005312,2015-03-12,17:35:00                      ,Struck Pedestrian,Thursday,PED NEAR SIDE. PED HIT BY VEHICLE FROM THE RIGHT.      ,2L,B,8,Dusk/Dawn,1,2,0,01,Pedestrians,N,Other injury,30-39,,M,MELBOURNE,MELB_URBAN,-37.84485173,144.9786855,3004,Dry,Vehicle within intersection,Clear,COMMERCIAL,ST KILDA,ROAD,ROAD,Collision,Not Applicable
T20150005443,2015-03-14,14:00:00                      ,Struck Pedestrian,Saturday,PED PLAYING/LYING/WORKING/STANDING ON CARRIAGEWAY.,2B,H,4,Day,1,2,1,01,Pedestrians,Y,Serious injury,40-49,3206.0,F,MELBOURNE,MELB_URBAN,-37.79394046,144.9696143,3053,Dry,Pedestrian standing,Clear,DRUMMOND,COLGAN,STREET,STREET,Collision,Not Applicable
T20150005675,2015-03-16,08:45:00                      ,No collision and no object struck,Monday,OTHER ACCIDENTS NOT CLASSIFIABLE ELSEWHERE         ,2G,D,2,Day,1,2,0,01,Pedestrians, ,Not injured,unknown,,U,MELBOURNE,MELB_URBAN,-37.81159014,144.9833531,3002,Dry,Not Required,Clear,CLARENDON,GREY,STREET,STREET,Other,Not Applicable
T20150005815,2015-03-19,08:50:00                      ,Struck Pedestrian,Thursday,PED EMERGES FROM IN FRONT OF PARKED OR STATIONARY VEHICLE  ,2B,G,5,Day,1,2,0,01,Pedestrians,N,Other injury,70+,,F,MELBOURNE,MELB_URBAN,-37.79490015,144.9679414,3053,Dry,Pedestrian emerged from behind car etc,Clear,LYGON,WATERLOO,STREET,STREET,Collision,Not Applicable
T20150006092,2015-03-22,15:00:00                      ,Struck Pedestrian,Sunday,PED NEAR SIDE. PED HIT BY VEHICLE FROM THE RIGHT.      ,2T,K,1,Day,1,3,1,01,Pedestrians,Y,Serious injury,30-39,3031.0,F,MELBOURNE,MELB_URBAN,-37.78815849,144.9294826,3031,Dry,Vehicle leaving intersection,Clear,RACECOURSE,EASTWOOD,ROAD,STREET,Collision,Not Applicable
T20150006092,2015-03-22,15:00:00                      ,Struck Pedestrian,Sunday,PED NEAR SIDE. PED HIT BY VEHICLE FROM THE RIGHT.      ,2T,K,1,Day,1,3,1,02,Pedestrians, ,Not injured,30-39,3031.0,M,MELBOURNE,MELB_URBAN,-37.78815849,144.9294826,3031,Dry,Vehicle leaving intersection,Clear,RACECOURSE,EASTWOOD,ROAD,STREET,Collision,Not Applicable
T20150006476,2015-03-26,16:50:00                      ,Struck Pedestrian,Thursday,PED NEAR SIDE. PED HIT BY VEHICLE FROM THE RIGHT.      ,2E,K,1,Day,1,2,0,01,Pedestrians, ,Other injury,22-25,3051.0,F,MELBOURNE,MELB_URBAN,-37.80923867,144.9523651,3003,Wet,Vehicle within intersection,Raining,DUDLEY,KING,STREET,STREET,Collision,Not Applicable
T20150006923,2015-04-01,16:15:00                      ,Struck Pedestrian,Wednesday,PED NEAR SIDE. PED HIT BY VEHICLE FROM THE RIGHT.      ,2E,J,7,Day,1,2,1,01,Pedestrians,Y,Serious injury,22-25,,F,MELBOURNE,MELB_URBAN,-37.82012002,144.9505,3008,Dry,Not Required,Clear,COLLINS,VILLAGE,STREET,STREET,Collision,Not Applicable
T20150007667,2015-03-11,14:00:00                      ,Struck Pedestrian,Wednesday,PED STRUCK WALKING TO/FROM OR BOARDING/ALIGHTING VEHICLE.  ,2B,C,4,Day,1,2,0,01,Pedestrians,N,Other injury,17-21,3052.0,F,MELBOURNE,MELB_URBAN,-37.79255198,144.9584548,3052,Unknown,Alighting,Not known,ROYAL,COLLEGE,PARADE,CRESCENT,Collision,Not Applicable
T20150007704,2015-04-12,21:00:00                      ,Struck Pedestrian,Sunday,FAR SIDE. PED HIT BY VEHICLE FROM THE LEFT         ,28,G,11,Dark Street lights on,1,3,0,02,Pedestrians,N,Other injury,22-25,3032.0,F,MELBOURNE,MELB_URBAN,-37.78256878,144.9166221,3031,Dry,Not Required,Clear,EPSOM,SANDOWN,ROAD,ROAD,Collision,Not Applicable
T20150007853,2015-04-14,17:00:00                      ,Struck Pedestrian,Tuesday,FAR SIDE. PED HIT BY VEHICLE FROM THE LEFT         ,1B,U,6,Dusk/Dawn,1,2,0,01,Pedestrians,N,Other injury,64-69,3136.0,F,MELBOURNE,MELBOURNE_CBD,-37.8127649,144.9720261,3000,Dry,Vehicle entering intersection,Clear,LITTLE COLLINS,MCILWRAITH,STREET,PLACE,Collision,Not Applicable
T20150007988,2015-04-16,09:11:00                      ,Struck Pedestrian,Thursday,ANY MANOEUVRE INVOLVING PED NOT INCLUDED IN DCAs 100-108.  ,1B,R,9,Day,2,2,0,01,Pedestrians,N,Other injury,40-49,3021.0,M,MELBOURNE,MELBOURNE_CBD,-37.81560254,144.9699812,3000,Dry,Not Required,Clear,FLINDERS,OLIVER,LANE,LANE,Collision,Not Applicable
T20150008164,2015-04-17,15:15:00                      ,Struck Pedestrian,Friday,PED NEAR SIDE. PED HIT BY VEHICLE FROM THE RIGHT.      ,2B,B,6,Day,1,2,0,01,Pedestrians,N,Other injury,5-12,3053.0,M,MELBOURNE,MELB_URBAN,-37.79711525,144.9578866,3052,Wet,Vehicle entering intersection,Raining,ROYAL,STORY,PARADE,STREET,Collision,Not Applicable
T20150008238,2015-04-18,22:45:00                      ,Struck Pedestrian,Saturday,PED NEAR SIDE. PED HIT BY VEHICLE FROM THE RIGHT.      ,1A,C,1,Dark Street lights on,1,4,0,03,Pedestrians,N,Other injury,60-64,5167.0,F,MELBOURNE,MELB_URBAN,-37.81246624,144.9539214,3000,Wet,Vehicle within intersection,Raining,KING,LA TROBE,STREET,STREET,Collision,Not Applicable
T20150008359,2015-04-16,14:30:00                      ,Struck Pedestrian,Thursday,PED NEAR SIDE. PED HIT BY VEHICLE FROM THE RIGHT.      ,2B,A,8,Day,2,3,1,01,Pedestrians,Y,Serious injury,40-49,3023.0,F,MELBOURNE,MELB_URBAN,-37.79951799,144.9557403,3000,Dry,Not Required,Clear,GRATTAN,FLEMINGTON REV,STREET,ROAD SERVICE ROAD,Collision,Not Applicable
T20150008376,2014-04-21,14:19:00                      ,Struck Pedestrian,Monday,ANY MANOEUVRE INVOLVING PED NOT INCLUDED IN DCAs 100-108.  ,2B,H,5,Day,1,2,1,01,Pedestrians,Y,Serious injury,22-25,3053.0,F,MELBOURNE,MELB_URBAN,-37.79398958,144.969606,3053,Dry,Not Required,Not known,DRUMMOND,COLGAN,STREET,STREET,Collision,Not Applicable
T20150008560,2015-04-23,12:50:00                      ,Struck Pedestrian,Thursday,PED NEAR SIDE. PED HIT BY VEHICLE FROM THE RIGHT.      ,2F,H,11,Day,1,2,0,01,Pedestrians,N,Other injury,70+,,M,MELBOURNE,MELB_URBAN,-37.82870827,144.9711192,3006,Dry,Vehicle leaving intersection,Clear,COVENTRY,ST KILDA REV,STREET,ROAD SERVICE ROAD,Collision,Not Applicable
T20150008736,2015-04-25,12:15:00                      ,Struck Pedestrian,Saturday,PED NEAR SIDE. PED HIT BY VEHICLE FROM THE RIGHT.      ,1A,A,4,Day,1,2,0,01,Pedestrians,N,Other injury,60-64,5029.0,F,MELBOURNE,MELB_URBAN,-37.81611816,144.952792,3000,Wet,Vehicle within intersection,Clear,SPENCER,LITTLE BOURKE,STREET,STREET,Collision,Not Applicable
T20150009035,2015-04-29,16:00:00                      ,Struck Pedestrian,Wednesday,PED NEAR SIDE. PED HIT BY VEHICLE FROM THE RIGHT.      ,1B,Q,5,Day,1,2,1,01,Pedestrians,Y,Serious injury,26-29,3000.0,F,MELBOURNE,MELBOURNE_CBD,-37.81280765,144.9681028,3000,Dry,Vehicle within intersection,Clear,BOURKE,RUSSELL,STREET,STREET,Collision,Not Applicable
T20150009149,2015-04-30,22:44:00                      ,Struck Pedestrian,Thursday,FAR SIDE. PED HIT BY VEHICLE FROM THE LEFT         ,2A,H,4,Dark Street lights on,1,2,1,01,Pedestrians,Y,Serious injury,17-21,3188.0,F,MELBOURNE,MELB_URBAN,-37.79382864,144.9477217,3051,Dry,Pedestrian stepped off safety zone/tram shelter,Clear,FLEMINGTON,ABBOTSFORD,ROAD,STREET,Collision,Not Applicable
T20150009260,2015-04-30,17:00:00                      ,Struck Pedestrian,Thursday,PED STRUCK WALKING TO/FROM OR BOARDING/ALIGHTING VEHICLE.  ,1A,F,4,Dusk/Dawn,1,2,1,01,Pedestrians,Y,Serious injury,30-39,3181.0,M,MELBOURNE,MELBOURNE_CBD,-37.81514913,144.9579664,3000,Dry,Alighting,Not known,GRICE,WILLIAM,ALLEY,STREET,Collision,Not Applicable
T20150009495,2015-05-05,18:55:00                      ,Struck Pedestrian,Tuesday,FAR SIDE. PED HIT BY VEHICLE FROM THE LEFT         ,1A,A,6,Dark Street lights on,1,2,0,01,Pedestrians, ,Other injury,22-25,3008.0,F,MELBOURNE,MELB_URBAN,-37.81808162,144.9536946,3000,Dry,Vehicle within intersection,Clear,SPENCER,LITTLE COLLINS,STREET,STREET,Collision,Not Applicable
T20150009781,2015-05-09,15:50:00                      ,Struck Pedestrian,Saturday,PED NEAR SIDE. PED HIT BY VEHICLE FROM THE RIGHT.      ,2B,A,8,Day,1,2,0,01,Pedestrians,N,Other injury,30-39,3044.0,F,MELBOURNE,MELB_URBAN,-37.79965241,144.9550344,3000,Dry,Vehicle leaving intersection,Clear,FLEMINGTON,GRATTAN,ROAD,STREET,Collision,Not Applicable
T20150009796,2015-05-09,18:02:00                      ,Struck Pedestrian,Saturday,FAR SIDE. PED HIT BY VEHICLE FROM THE LEFT         ,1B,N,7,Dusk/Dawn,1,3,0,01,Pedestrians,N,Other injury,26-29,3122.0,F,MELBOURNE,MELBOURNE_CBD,-37.81549255,144.9665403,3000,Dry,Vehicle leaving intersection,Clear,COLLINS,SWANSTON,STREET,STREET,Collision,Not Applicable