KEYAccidentNumber,DATAccidentDate_accident,TIMAccidentTime_accident,CATAccidentTypeDesc_accident,CATDayOfWeek_accident,CATDCADesc_accident,CATMelwaysPage_accident,CATMelwaysGridRef_X_accident,CATMelwaysGridRef_Y_accident,CATLightConditionDesc_accident,NUMVehiclesInvolved_accident,NUMPersonsInvolved_accident,NUMPersonsInjured_accident,KEYPersonID_person,CATRoadUserTypeDesc_person,CATTakenHospital_person,CATInjuryLevelDesc_person,CATAgeGroup_person,CATPostcode_person,CATGender_person,CATLGAName_node,CATDEGUrbanName_node,NUMLatitude_node,NUMLongitude_node,CATPostcode_node,CATSurfaceConditionDesc_surface,CATSubDCACodeDesc_subdca,CATAtmosphericConditionDesc_atmosphere,CATRoadName_acclocation,CATRoadNameInt_acclocation,CATRoadType_acclocation,CATRoadTypeInt_acclocation,CATEventTypeDesc_accevent,CATObjectTypeDesc_accevent
T20150009796,2015-05-09,18:02:00                      ,Struck Pedestrian,Saturday,FAR SIDE. PED HIT BY VEHICLE FROM THE LEFT         ,1B,N,7,Dusk/Dawn,1,3,0,02,Pedestrians, ,Not injured,26-29,3067.0,F,MELBOURNE,MELBOURNE_CBD,-37.81549255,144.9665403,3000,Dry,Vehicle leaving intersection,Clear,COLLINS,SWANSTON,STREET,STREET,Collision,Not Applicable
T20150009972,2015-05-12,09:05:00                      ,Struck Pedestrian,Tuesday,PED NEAR SIDE. PED HIT BY VEHICLE FROM THE RIGHT.      ,2E,H,7,Day,1,2,1,01,Pedestrians,Y,Serious injury,70+,,M,MELBOURNE,MELB_URBAN,-37.82048185,144.9492609,3008,Dry,Not Required,Clear,COLLINS,BATMANS HILL,STREET,DRIVE,Collision,Not Applicable
T20150010024,2015-05-13,07:00:00                      ,Struck Pedestrian,Wednesday,PED NEAR SIDE. PED HIT BY VEHICLE FROM THE RIGHT.      ,2L,C,11,Dusk/Dawn,1,2,0,01,Pedestrians,N,Other injury,22-25,3805.0,M,MELBOURNE,MELB_URBAN,-37.85021929,144.9806426,3004,Wet,Vehicle leaving intersection,Raining,ST KILDA,HIGH,ROAD,STREET,Collision,Not Applicable
T20150010055,2015-05-13,09:00:00                      ,Struck Pedestrian,Wednesday,PED NEAR SIDE. PED HIT BY VEHICLE FROM THE RIGHT.      ,1B,T,8,Day,1,2,0,01,Pedestrians, ,Not injured,30-39,,M,MELBOURNE,MELBOURNE_CBD,-37.81502169,144.9719243,3000,Wet,Vehicle entering intersection,Raining,EXHIBITION,FLINDERS,STREET,LANE,Collision,Not Applicable
T20150010151,2015-05-14,06:30:00                      ,Struck Pedestrian,Thursday,PED NEAR SIDE. PED HIT BY VEHICLE FROM THE RIGHT.      ,2A,D,2,Dark Street lights on,1,2,0,01,Pedestrians,N,Other injury,22-25,3051.0,M,MELBOURNE,MELB_URBAN,-37.78917508,144.940026,3051,Dry,Vehicle leaving intersection,Clear,RACECOURSE,BOUNDARY,ROAD,ROAD,Collision,Not Applicable
T20150010235,2015-05-14,15:00:00                      ,Struck Pedestrian,Thursday,PED PLAYING/LYING/WORKING/STANDING ON CARRIAGEWAY.,1A,K,9,Day,1,2,0,01,Pedestrians,N,Other injury,40-49,3000.0,M,MELBOURNE,MELBOURNE_CBD,-37.81788932,144.9643824,3000,Dry,Pedestrian lying,Clear,FLINDERS,FLINDERS,COURT,STREET,Collision,Not Applicable
T20150010445,2015-05-11,20:35:00                      ,Struck Pedestrian,Monday,FAR SIDE. PED HIT BY VEHICLE FROM THE LEFT         ,2E,K,2,Dark Street lights on,1,2,0,01,Pedestrians,N,Other injury,40-49,3003.0,M,MELBOURNE,MELB_URBAN,-37.81139946,144.9534217,3003,Dry,Vehicle leaving intersection,Clear,KING,JEFFCOTT,STREET,STREET,Collision,Not Applicable
T20150010831,2015-05-21,21:47:00                      ,Struck Pedestrian,Thursday,FAR SIDE. PED HIT BY VEHICLE FROM THE LEFT         ,2B,F,10,Dark Street lights on,1,2,1,01,Pedestrians,Y,Serious injury,40-49,5023.0,M,MELBOURNE,MELB_URBAN,-37.80489506,144.9662116,3053,Wet,Vehicle entering intersection,Clear,LYGON,QUEENSBERRY,STREET,STREET,Collision,Not Applicable
T20150010872,2015-05-22,13:20:00                      ,Struck Pedestrian,Friday,ANY MANOEUVRE INVOLVING PED NOT INCLUDED IN DCAs 100-108.  ,2K,K,3,Day,1,2,0,01,Pedestrians, ,Other injury,30-39,3142.0,F,MELBOURNE,MELB_URBAN,-37.83590865,144.9753937,3004,Unknown,Not Required,Not known,ST KILDA,TOORAK,ROAD,ROAD,Collision,Not Applicable
T20150010888,2015-05-03,02:00:00                      ,Struck Pedestrian,Sunday,VEH STRIKES PED ON FOOTPATH/MEDIAN/TRAFFIC ISLAND.,1B,T,3,Dark Street lights on,1,2,1,01,Pedestrians,Y,Other injury,17-21,3122.0,M,MELBOURNE,MELBOURNE_CBD,-37.81006192,144.9698809,3000,Unknown,Vehicle moving foward - under control,Not known,LONSDALE,EXHIBITION,STREET,STREET,Collision,Not Applicable
T20150010971,2015-05-23,22:15:00                      ,Struck Pedestrian,Saturday,PED PLAYING/LYING/WORKING/STANDING ON CARRIAGEWAY.,44,B,9,Dark Street lights on,1,2,0,01,Pedestrians, ,Other injury,22-25,3046.0,M,MELBOURNE,MELB_URBAN,-37.8162634,144.9841304,3002,Dry,Pedestrian standing,Clear,WELLINGTON,POWLETT,PARADE,STREET,Collision,Not Applicable
T20150011036,2015-05-24,22:00:00                      ,Struck Pedestrian,Sunday,FAR SIDE. PED HIT BY VEHICLE FROM THE LEFT         ,1B,L,1,Dark Street lights on,1,2,0,01,Pedestrians, ,Other injury,17-21,3802.0,M,MELBOURNE,MELBOURNE_CBD,-37.81031669,144.9613588,3000,Dry,Vehicle entering intersection,Clear,ELIZABETH,LA TROBE,STREET,STREET,Collision,Not Applicable
T20150011111,2015-05-25,18:38:00                      ,Struck Pedestrian,Monday,FAR SIDE. PED HIT BY VEHICLE FROM THE LEFT         ,2A,C,2,Dark Street lights on,1,2,0,01,Pedestrians,N,Other injury,40-49,,M,MELBOURNE,MELB_URBAN,-37.78875038,144.9360519,3031,Dry,Vehicle leaving intersection,Clear,RACECOURSE,STUBBS,ROAD,STREET,Collision,Not Applicable
T20150011209,2015-05-26,06:20:00                      ,Struck Pedestrian,Tuesday,ANY MANOEUVRE INVOLVING PED NOT INCLUDED IN DCAs 100-108.  ,42,H,8,Dark Street lights unknown,1,2,0,01,Pedestrians,N,Other injury,50-59,3337.0,M,MELBOURNE,MELB_URBAN,-37.81563903,144.9223295,3003,Dry,Not Required,Clear,UNNAMED,APPLETON DOCK,,ROAD,Collision,Not Applicable
T20150011263,2015-05-27,16:50:00                      ,Struck Pedestrian,Wednesday,PED NEAR SIDE. PED HIT BY VEHICLE FROM THE RIGHT.      ,2A,J,6,Dusk/Dawn,1,2,1,01,Pedestrians,Y,Serious injury,30-39,,M,MELBOURNE,MELB_URBAN,-37.79646609,144.9513298,3052,Dry,Vehicle entering intersection,Clear,GATEHOUSE,FLEMINGTON REV,STREET,ROAD SERVICE ROAD,Collision,Not Applicable
T20150011383,2015-05-28,06:15:00                      ,Struck Pedestrian,Thursday,FAR SIDE. PED HIT BY VEHICLE FROM THE LEFT         ,2B,D,12,Dark Street lights on,1,2,1,01,Pedestrians,Y,Serious injury,40-49,,M,MELBOURNE,MELB_URBAN,-37.80818237,144.9603755,3000,Dry,Vehicle leaving intersection,Clear,ELIZABETH,FRANKLIN,STREET,STREET,Collision,Not Applicable
T20150011394,2015-05-22,05:20:00                      ,Struck Pedestrian,Friday,PED NEAR SIDE. PED HIT BY VEHICLE FROM THE RIGHT.      ,1B,Q,3,Unknown,1,2,0,01,Pedestrians,N,Other injury,17-21,3168.0,F,MELBOURNE,MELBOURNE_CBD,-37.81084195,144.967202,3000,Unknown,Vehicle entering intersection,Not known,LONSDALE,RUSSELL,STREET,STREET,Collision,Not Applicable
T20150011499,2015-05-05,10:30:00                      ,Struck Pedestrian,Tuesday,VEH STRIKES PED ON FOOTPATH/MEDIAN/TRAFFIC ISLAND.,29,G,11,Day,1,2,0,01,Pedestrians, ,Other injury,unknown,3052.0,F,MELBOURNE,MELB_URBAN,-37.78066969,144.9598962,3054,Dry,Vehicle moving foward - under control,Clear,ROYAL,IEVERS,PARADE,STREET,Collision,Not Applicable
T20150011565,2015-05-31,11:30:00                      ,Struck Pedestrian,Sunday,FAR SIDE. PED HIT BY VEHICLE FROM THE LEFT         ,2B,B,11,Day,1,2,0,01,Pedestrians, ,Serious injury,17-21,3056.0,M,MELBOURNE,MELB_URBAN,-37.80586818,144.9558931,3003,Dry,Vehicle entering intersection,Not known,PEEL,VICTORIA,STREET,STREET,Collision,Not Applicable
T20150012413,2015-06-12,03:45:00                      ,Struck Pedestrian,Friday,PED PLAYING/LYING/WORKING/STANDING ON CARRIAGEWAY.,1C,J,6,Dark Street lights on,1,2,0,01,Pedestrians,N,Other injury,50-59,3181.0,M,MELBOURNE,MELB_URBAN,-37.82584482,144.9586814,3006,Dry,Pedestrian standing,Clear,CLARKE,HAIG,STREET,STREET,Collision,Not Applicable
T20150012509,2015-06-12,09:45:00                      ,Struck Pedestrian,Friday,FAR SIDE. PED HIT BY VEHICLE FROM THE LEFT         ,1D,N,12,Unknown,1,2,1,01,Pedestrians,Y,Serious injury,5-12,,M,MELBOURNE,MELB_URBAN,-37.82986095,144.9644585,3006,Dry,Not Required,Clear,KINGS,WEST GATE IN-KINGS OF,WAY,RAMP,Collision,Not Applicable
T20150012557,2015-06-13,16:40:00                      ,Struck Pedestrian,Saturday,PED NEAR SIDE. PED HIT BY VEHICLE FROM THE RIGHT.      ,1B,N,2,Dusk/Dawn,1,2,0,01,Pedestrians, ,Other injury,13-15,3185.0,M,MELBOURNE,MELBOURNE_CBD,-37.81057375,144.9642809,3000,Dry,Vehicle leaving intersection,Clear,LITTLE LONSDALE,SWANSTON,STREET,STREET,Collision,Not Applicable
T20150012745,2015-06-16,07:25:00                      ,Struck Pedestrian,Tuesday,FAR SIDE. PED HIT BY VEHICLE FROM THE LEFT         ,1B,Q,5,Dusk/Dawn,1,2,1,01,Pedestrians,Y,Serious injury,40-49,3093.0,F,MELBOURNE,MELBOURNE_CBD,-37.81280765,144.9681028,3000,Wet,Vehicle leaving intersection,Clear,BOURKE,RUSSELL,STREET,STREET,Collision,Not Applicable
T20150012848,2015-04-30,18:15:00                      ,Struck Pedestrian,Thursday,VEH STRIKES PED ON FOOTPATH/MEDIAN/TRAFFIC ISLAND.,2A,E,4,Dusk/Dawn,1,2,1,01,Pedestrians,Y,Serious injury,0-4,,M,MELBOURNE,MELB_URBAN,-37.7929597,144.9421771,3051,Unknown,Vehicle moving foward - under control,Not known,MELROSE,BROUGHAM,STREET,STREET,Collision,Not Applicable
T20150012981,2015-06-19,08:55:00                      ,Struck Pedestrian,Friday,FAR SIDE. PED HIT BY VEHICLE FROM THE LEFT         ,1B,R,5,Dusk/Dawn,1,2,0,01,Pedestrians, ,Other injury,22-25,3030.0,F,MELBOURNE,MELBOURNE_CBD,-37.81259788,144.968819,3000,Dry,Vehicle entering intersection,Clear,BOURKE,BRIEN,STREET,LANE,Collision,Not Applicable
T20150013858,2015-07-01,17:15:00                      ,Struck Pedestrian,Wednesday,PED NEAR SIDE. PED HIT BY VEHICLE FROM THE RIGHT.      ,1A,C,1,Dark Street lights on,1,2,0,01,Pedestrians,N,Other injury,40-49,3033.0,F,MELBOURNE,MELB_URBAN,-37.81246624,144.9539214,3000,Dry,Vehicle leaving intersection,Clear,KING,LA TROBE,STREET,STREET,Collision,Not Applicable
T20150014261,2015-07-07,14:14:00                      ,Struck Pedestrian,Tuesday,PED NEAR SIDE. PED HIT BY VEHICLE FROM THE RIGHT.      ,1D,V,1,Day,1,3,0,01,Pedestrians,N,Other injury,40-49,,F,MELBOURNE,MELB_URBAN,-37.8177804,144.9675886,3000,Dry,Not Required,Clear,SWANSTON,FLINDERS,STREET,STREET,Collision,Not Applicable
T20150014261,2015-07-07,14:14:00                      ,Struck Pedestrian,Tuesday,PED NEAR SIDE. PED HIT BY VEHICLE FROM THE RIGHT.      ,1D,V,1,Day,1,3,0,02,Pedestrians,N,Other injury,5-12,,F,MELBOURNE,MELB_URBAN,-37.8177804,144.9675886,3000,Dry,Not Required,Clear,SWANSTON,FLINDERS,STREET,STREET,Collision,Not Applicable
T20150014306,2015-07-08,14:23:00                      ,Struck Pedestrian,Wednesday,PED ON FOOTHPATH STRUCK BY VEHENTERING/LEAVING DRIVEWAY.  ,1A,B,3,Day,1,5,0,01,Pedestrians,N,Other injury,26-29,3182.0,M,MELBOURNE,MELBOURNE_CBD,-37.81489709,144.9531787,3000,Dry,Paved footpath,Clear,LONSDALE,MERRIMAN,STREET,LANE,Collision,Not Applicable
T20150014431,2015-07-10,09:25:00                      ,Struck Pedestrian,Friday,FAR SIDE. PED HIT BY VEHICLE FROM THE LEFT         ,2B,H,6,Day,1,2,0,01,Pedestrians,N,Other injury,60-64,3053.0,F,MELBOURNE,MELB_URBAN,-37.79748147,144.9704876,3053,Dry,Vehicle leaving intersection,Clear,ELGIN,RATHDOWNE,STREET,STREET,Collision,Not Applicable
T20150014543,2015-07-11,21:30:00                      ,Struck Pedestrian,Saturday,PED WALKING WITH TRAFFIC                  ,1B,L,9,Dark Street lights on,1,2,0,01,Pedestrians,N,Other injury,40-49,3000.0,M,MELBOURNE,MELBOURNE_CBD,-37.81707105,144.9649605,3000,Dry,Not on Footpath,Clear,FLINDERS,ROTHSAY,LANE,LANE,Collision,Not Applicable
T20150014747,2015-07-15,11:35:00                      ,Struck Pedestrian,Wednesday,ANY MANOEUVRE INVOLVING PED NOT INCLUDED IN DCAs 100-108.  ,1B,L,1,Day,1,2,0,01,Pedestrians,N,Other injury,60-64,3040.0,M,MELBOURNE,MELB_URBAN,-37.81031669,144.9613588,3000,Wet,Not Required,Clear,ELIZABETH,LA TROBE,STREET,STREET,Collision,Not Applicable
T20150014774,2015-07-15,18:00:00                      ,Struck Pedestrian,Wednesday,PED NEAR SIDE. PED HIT BY VEHICLE FROM THE RIGHT.      ,2L,B,8,Dark Street lights on,1,2,0,01,Pedestrians,N,Serious injury,22-25,,F,MELBOURNE,MELB_URBAN,-37.84420967,144.9784514,3004,Dry,Not Required,Clear,ST KILDA,HANNA,ROAD,STREET,Collision,Not Applicable
T20150014889,2015-07-17,13:00:00                      ,Struck Pedestrian,Friday,FAR SIDE. PED HIT BY VEHICLE FROM THE LEFT         ,1B,P,10,Day,1,3,0,02,Pedestrians, ,Other injury,30-39,,F,MELBOURNE,MELB_URBAN,-37.81715868,144.9684494,3000,Wet,Pedestrian emerged from behind car etc,Clear,FLINDERS,CHAPTER HOUSE,STREET,LANE,Collision,Not Applicable
T20150015032,2015-07-19,08:50:00                      ,Struck Pedestrian,Sunday,FAR SIDE. PED HIT BY VEHICLE FROM THE LEFT         ,2G,G,2,Dusk/Dawn,1,2,1,01,Pedestrians,Y,Serious injury,26-29,,F,MELBOURNE,MELB_URBAN,-37.81125711,144.991084,3002,Dry,Vehicle leaving intersection,Not known,HODDLE,ALBERT,STREET,STREET,Collision,Not Applicable
T20150015446,2015-07-24,18:49:00                      ,Struck Pedestrian,Friday,PED NEAR SIDE. PED HIT BY VEHICLE FROM THE RIGHT.      ,2A,H,11,Dark Street lights on,1,2,0,01,Pedestrians, ,Other injury,17-21,3018.0,F,MELBOURNE,MELB_URBAN,-37.80550463,144.9486553,3003,Wet,Vehicle leaving intersection,Raining,KING,HAWKE,STREET,STREET,Collision,Not Applicable
T20150015553,2015-07-26,09:35:00                      ,Struck Pedestrian,Sunday,FAR SIDE. PED HIT BY VEHICLE FROM THE LEFT         ,2G,B,9,Day,1,2,1,01,Pedestrians,Y,Serious injury,40-49,,M,MELBOURNE,MELB_URBAN,-37.82329191,144.9784939,3004,Dry,Vehicle entering intersection,Clear,BATMAN,OLYMPIC,AVENUE,BOULEVARD,Collision,Not Applicable
T20150015644,2015-07-27,07:09:00                      ,Struck Pedestrian,Monday,PED ON FOOTHPATH STRUCK BY VEHENTERING/LEAVING DRIVEWAY.  ,28,G,11,Dusk/Dawn,1,2,1,01,Pedestrians,Y,Serious injury,40-49,,F,MELBOURNE,MELB_URBAN,-37.78214093,144.9162184,3031,Dry,Paved footpath,Clear,EPSOM,ASCOT,ROAD,STREET,Collision,Not Applicable
T20150016476,2015-08-07,21:15:00                      ,Struck Pedestrian,Friday,PED NEAR SIDE. PED HIT BY VEHICLE FROM THE RIGHT.      ,2B,G,6,Dark Street lights on,1,3,0,02,Pedestrians, ,Other injury,26-29,2150.0,M,MELBOURNE,MELB_URBAN,-37.79715948,144.9675577,3053,Wet,Vehicle leaving intersection,Raining,ELGIN,LYGON,STREET,STREET,Collision,Not Applicable
T20150016528,2015-08-08,18:40:00                      ,Struck Pedestrian,Saturday,FAR SIDE. PED HIT BY VEHICLE FROM THE LEFT         ,2G,A,8,Dark Street lights on,1,3,0,02,Pedestrians, ,Other injury,unknown,,U,MELBOURNE,MELB_URBAN,-37.82244072,144.9773991,3004,Dry,Not Required,Clear,BATMAN,OLYMPIC,AVENUE,BOULEVARD,Collision,Not Applicable
T20150016745,2015-08-07,22:00:00                      ,Struck Pedestrian,Friday,FAR SIDE. PED HIT BY VEHICLE FROM THE LEFT         ,2G,D,5,Dark Street lights on,1,2,0,01,Pedestrians,N,Other injury,30-39,3182.0,F,MELBOURNE,MELB_URBAN,-37.81609518,144.9826136,3002,Dry,Vehicle leaving intersection,Clear,WELLINGTON,WELLINGTON S,PARADE,PARADE,Collision,Not Applicable
T20150016897,2015-07-13,18:00:00                      ,Struck Pedestrian,Monday,FAR SIDE. PED HIT BY VEHICLE FROM THE LEFT         ,2B,G,6,Dark Street lights unknown,1,2,0,01,Pedestrians, ,Other injury,22-25,3053.0,F,MELBOURNE,MELB_URBAN,-37.79715948,144.9675577,3053,Wet,Vehicle leaving intersection,Raining,ELGIN,LYGON,STREET,STREET,Collision,Not Applicable
T20150016915,2015-08-13,13:47:00                      ,Struck Pedestrian,Thursday,PED EMERGES FROM IN FRONT OF PARKED OR STATIONARY VEHICLE  ,1C,H,8,Day,1,2,0,01,Pedestrians, ,Other injury,17-21,,F,MELBOURNE,MELB_URBAN,-37.82764335,144.9580985,3006,Dry,Vehicle entering intersection,Clear,CLARENDON,CITY,STREET,ROAD,Collision,Not Applicable
T20150017134,2015-08-17,12:09:00                      ,Collision with a fixed object,Monday,PARKED CAR RUN AWAY                     ,1B,T,8,Day,1,1,1,01,Pedestrians,Y,Serious injury,30-39,3031.0,F,MELBOURNE,MELBOURNE_CBD,-37.81494525,144.9721978,3000,Dry,Traffic signs (No parking No standing etc),Clear,FLINDERS,EXHIBITION,LANE,STREET,Ran off carriageway,Not Applicable
T20150017275,2015-08-18,19:30:00                      ,Struck Pedestrian,Tuesday,FAR SIDE. PED HIT BY VEHICLE FROM THE LEFT         ,2A,F,9,Dark Street lights on,1,2,0,01,Pedestrians,N,Other injury,30-39,3169.0,M,MELBOURNE,MELB_URBAN,-37.80238625,144.9436061,3051,Wet,Vehicle leaving intersection,Raining,DRYBURGH,QUEENSBERRY,STREET,STREET,Collision,Not Applicable
T20150017477,2015-08-21,13:02:00                      ,Struck Pedestrian,Friday,PED NEAR SIDE. PED HIT BY VEHICLE FROM THE RIGHT.      ,1B,T,3,Day,1,2,1,01,Pedestrians,Y,Serious injury,30-39,,F,MELBOURNE,MELBOURNE_CBD,-37.81012748,144.9696558,3000,Dry,Not Required,Clear,EXHIBITION,LONSDALE,STREET,STREET,Collision,Not Applicable
T20150017481,2015-08-22,09:30:00                      ,Struck Pedestrian,Saturday,PED NEAR SIDE. PED HIT BY VEHICLE FROM THE RIGHT.      ,2B,C,4,Day,1,2,0,01,Pedestrians, ,Other injury,17-21,3052.0,F,MELBOURNE,MELB_URBAN,-37.79255198,144.9584548,3052,Dry,Vehicle entering intersection,Clear,ROYAL,COLLEGE,PARADE,CRESCENT,Collision,Not Applicable
T20150017485,2015-08-22,11:20:00                      ,Struck Pedestrian,Saturday,PED NEAR SIDE. PED HIT BY VEHICLE FROM THE RIGHT.      ,2B,B,8,Day,1,2,0,01,Pedestrians, ,Other injury,40-49,,M,MELBOURNE,MELB_URBAN,-37.7997167,144.9575562,3000,Unknown,Vehicle leaving intersection,Not known,ELIZABETH,ROYAL,STREET,PARADE,Collision,Not Applicable
T20150017683,2015-08-25,18:30:00                      ,Struck Pedestrian,Tuesday,ANY MANOEUVRE INVOLVING PED NOT INCLUDED IN DCAs 100-108.  ,1B,Q,2,Dark Street lights on,1,3,1,02,Pedestrians,Y,Serious injury,22-25,3122.0,F,MELBOURNE,MELBOURNE_CBD,-37.81053023,144.9670592,3000,Dry,Not Required,Clear,RUSSELL,ARTEMIS,STREET,LANE,Collision,Not Applicable
T20150017882,2015-06-20,02:00:00                      ,Struck Pedestrian,Saturday,PED NEAR SIDE. PED HIT BY VEHICLE FROM THE RIGHT.      ,1B,N,10,Dark Street lights on,1,2,1,01,Pedestrians,Y,Serious injury,30-39,,F,MELBOURNE,MELB_URBAN,-37.81745307,144.967438,3000,Unknown,Vehicle entering intersection,Clear,FLINDERS,SWANSTON,STREET,STREET,Collision,Not Applicable
T20150017901,2015-08-28,10:02:00                      ,Struck Pedestrian,Friday,PED NEAR SIDE. PED HIT BY VEHICLE FROM THE RIGHT.      ,1A,D,10,Day,1,2,0,01,Pedestrians, ,Other injury,13-15,,M,MELBOURNE,MELB_URBAN,-37.82016172,144.9582909,3000,Dry,Vehicle within intersection,Clear,FLINDERS,HIGHLANDER,STREET,LANE,Collision,Not Applicable
T20150017928,2015-08-28,18:45:00                      ,Struck Pedestrian,Friday,FAR SIDE. PED HIT BY VEHICLE FROM THE LEFT         ,1A,C,3,Dark Street lights on,1,5,1,04,Pedestrians,Y,Serious injury,22-25,3109.0,M,MELBOURNE,MELBOURNE_CBD,-37.8144259,144.9548263,3000,Dry,Vehicle entering intersection,Clear,KING,LONSDALE,STREET,STREET,Collision,Not Applicable
T20150018048,2015-08-28,23:13:00                      ,Struck Pedestrian,Friday,FAR SIDE. PED HIT BY VEHICLE FROM THE LEFT         ,2B,F,12,Dark Street lights on,1,2,0,01,Pedestrians, ,Other injury,26-29,,M,MELBOURNE,MELB_URBAN,-37.80697362,144.9658525,3000,Wet,Vehicle leaving intersection,Raining,VICTORIA,LYGON,STREET,STREET,Collision,Not Applicable
T20150018070,2015-08-29,02:00:00                      ,Struck Pedestrian,Saturday,PED NEAR SIDE. PED HIT BY VEHICLE FROM THE RIGHT.      ,1D,V,7,Dark Street lights on,1,2,0,01,Pedestrians,N,Other injury,30-39,,F,MELBOURNE,MELB_URBAN,-37.82337323,144.9699292,3006,Wet,Vehicle leaving intersection,Raining,SOUTHBANK,ST KILDA,BOULEVARD,ROAD,Collision,Not Applicable
T20150018089,2015-08-27,13:50:00                      ,Struck Pedestrian,Thursday,PED NEAR SIDE. PED HIT BY VEHICLE FROM THE RIGHT.      ,2G,F,8,Day,1,2,0,01,Pedestrians, ,Other injury,13-15,3796.0,M,MELBOURNE,MELB_URBAN,-37.82311932,144.989097,3002,Unknown,Vehicle entering intersection,Clear,PUNT,BRUNTON,ROAD,AVENUE,Collision,Not Applicable
T20150018208,2015-09-01,18:09:00                      ,Struck Pedestrian,Tuesday,FAR SIDE. PED HIT BY VEHICLE FROM THE LEFT         ,2L,A,6,Dark Street lights on,1,2,1,01,Pedestrians,Y,Serious injury,22-25,3338.0,F,MELBOURNE,MELB_URBAN,-37.84134322,144.9774063,3004,Dry,Vehicle entering intersection,Clear,ST KILDA,LEOPOLD,ROAD,STREET,Collision,Not Applicable
T20150018753,2015-09-09,12:25:00                      ,Struck Pedestrian,Wednesday,PED NEAR SIDE. PED HIT BY VEHICLE FROM THE RIGHT.      ,58,A,4,Day,1,2,1,01,Pedestrians,Y,Serious injury,70+,3161.0,F,MELBOURNE,MELB_URBAN,-37.84402146,144.9786384,3004,Dry,Not Required,Clear,ST KILDA ROAD SERVICE,COMMERCIAL,ROAD,ROAD,Collision,Not Applicable
T20150019264,2015-09-16,09:05:00                      ,Struck Pedestrian,Wednesday,PED NEAR SIDE. PED HIT BY VEHICLE FROM THE RIGHT.      ,2B,D,11,Day,1,2,1,01,Pedestrians,Y,Serious injury,unknown,3000.0,F,MELBOURNE,MELB_URBAN,-37.80649825,144.9614166,3000,Dry,Vehicle leaving intersection,Clear,VICTORIA,THERRY,STREET,STREET,Collision,Not Applicable
T20150019285,2015-09-16,14:55:00                      ,Struck Pedestrian,Wednesday,ANY MANOEUVRE INVOLVING PED NOT INCLUDED IN DCAs 100-108.  ,2T,J,1,Day,1,2,0,01,Pedestrians, ,Other injury,26-29,,F,MELBOURNE,MELB_URBAN,-37.78801727,144.9281705,3031,Dry,Not Required,Clear,RACECOURSE,BELLAIR,ROAD,STREET,Collision,Not Applicable
T20150019291,2015-09-16,19:10:00                      ,Struck Pedestrian,Wednesday,PED NEAR SIDE. PED HIT BY VEHICLE FROM THE RIGHT.      ,1A,F,5,Dark Street lights on,1,2,0,01,Pedestrians,N,Other injury,30-39,,F,MELBOURNE,MELBOURNE_CBD,-37.815579,144.9585595,3000,Dry,Vehicle entering intersection,Clear,BOURKE,WILLIAM,STREET,STREET,Collision,Not Applicable
T20150019454,2015-09-18,22:33:00                      ,Struck Pedestrian,Friday,FAR SIDE. PED HIT BY VEHICLE FROM THE LEFT         ,1A,A,10,Dark Street lights on,1,2,0,01,Pedestrians,N,Other injury,22-25,3000.0,F,MELBOURNE,MELB_URBAN,-37.82109904,144.955075,3008,Dry,Vehicle leaving intersection,Clear,SPENCER,FLINDERS,STREET,STREET,Collision,Not Applicable
T20150019474,2015-09-19,10:05:00                      ,Struck Pedestrian,Saturday,PED NEAR SIDE. PED HIT BY VEHICLE FROM THE RIGHT.      ,1B,T,5,Day,1,2,0,01,Pedestrians, ,Other injury,22-25,,F,MELBOURNE,MELBOURNE_CBD,-37.81208682,144.9705638,3000,Dry,Vehicle leaving intersection,Clear,BOURKE,EXHIBITION,STREET,STREET,Collision,Not Applicable
T20150019735,2015-09-23,10:20:00                      ,Struck Pedestrian,Wednesday,PED NEAR SIDE. PED HIT BY VEHICLE FROM THE RIGHT.      ,2L,D,2,Day,1,2,0,01,Pedestrians,N,Other injury,13-15,3004.0,F,MELBOURNE,MELB_URBAN,-37.83414554,144.9825237,3004,Dry,Vehicle leaving intersection,Clear,BIRDWOOD,PARK,AVENUE,STREET,Collision,Not Applicable
T20150020326,2015-10-01,19:07:00                      ,Struck Pedestrian,Thursday,PED STRUCK WALKING TO/FROM OR BOARDING/ALIGHTING VEHICLE.  ,2B,G,12,Dark Street lights on,1,2,0,01,Pedestrians,N,Other injury,64-69,3021.0,M,MELBOURNE,MELB_URBAN,-37.8072199,144.9688591,3053,Dry,Boarding,Clear,RATHDOWNE,VICTORIA,STREET,STREET,Collision,Not Applicable
T20150020330,2015-10-01,20:00:00                      ,Struck Pedestrian,Thursday,PED NEAR SIDE. PED HIT BY VEHICLE FROM THE RIGHT.      ,1B,N,7,Dark Street lights on,1,2,0,01,Pedestrians,N,Other injury,50-59,3082.0,M,MELBOURNE,MELBOURNE_CBD,-37.81549255,144.9665403,3000,Dry,Vehicle within intersection,Not known,COLLINS,SWANSTON,STREET,STREET,Collision,Not Applicable