KEYAccidentNumber,DATAccidentDate_accident,TIMAccidentTime_accident,CATAccidentTypeDesc_accident,CATDayOfWeek_accident,CATDCADesc_accident,CATMelwaysPage_accident,CATMelwaysGridRef_X_accident,CATMelwaysGridRef_Y_accident,CATLightConditionDesc_accident,NUMVehiclesInvolved_accident,NUMPersonsInvolved_accident,NUMPersonsInjured_accident,KEYPersonID_person,CATRoadUserTypeDesc_person,CATTakenHospital_person,CATInjuryLevelDesc_person,CATAgeGroup_person,CATPostcode_person,CATGender_person,CATLGAName_node,CATDEGUrbanName_node,NUMLatitude_node,NUMLongitude_node,CATPostcode_node,CATSurfaceConditionDesc_surface,CATSubDCACodeDesc_subdca,CATAtmosphericConditionDesc_atmosphere,CATRoadName_acclocation,CATRoadNameInt_acclocation,CATRoadType_acclocation,CATRoadTypeInt_acclocation,CATEventTypeDesc_accevent,CATObjectTypeDesc_accevent
T20150020335,2015-09-24,11:45:00                      ,Struck Pedestrian,Thursday,FAR SIDE. PED HIT BY VEHICLE FROM THE LEFT         ,1D,N,3,Day,1,2,0,01,Pedestrians,N,Other injury,40-49,3802.0,M,MELBOURNE,MELB_URBAN,-37.82134999,144.9614006,3006,Unknown,Not Required,Not known,QUEENS BRIDGE,BANANA,STREET,ALLEY,Collision,Not Applicable
T20150020505,2015-10-04,00:50:00                      ,Struck Pedestrian,Sunday,PED WALKING AGAINST TRAFFIC.                ,1C,H,5,Dark Street lights on,1,2,1,01,Pedestrians,Y,Serious injury,26-29,3066.0,M,MELBOURNE,MELB_URBAN,-37.82518967,144.9569711,3006,Dry,Not on Footpath,Not known,CLARENDON,NORMANBY,STREET,ROAD,Collision,Not Applicable
T20150020726,2015-10-06,15:10:00                      ,Struck Pedestrian,Tuesday,FAR SIDE. PED HIT BY VEHICLE FROM THE LEFT         ,2L,D,9,Day,1,3,0,01,Pedestrians, ,Serious injury,17-21,3340.0,M,MELBOURNE,MELB_URBAN,-37.84538121,144.9827098,3004,Dry,Not Required,Clear,COMMERCIAL,CENTRE,ROAD,LANE,Collision,Not Applicable
T20150020726,2015-10-06,15:10:00                      ,Struck Pedestrian,Tuesday,FAR SIDE. PED HIT BY VEHICLE FROM THE LEFT         ,2L,D,9,Day,1,3,0,02,Pedestrians, ,Other injury,17-21,3340.0,F,MELBOURNE,MELB_URBAN,-37.84538121,144.9827098,3004,Dry,Not Required,Clear,COMMERCIAL,CENTRE,ROAD,LANE,Collision,Not Applicable
T20150020810,2015-10-08,16:45:00                      ,Struck Pedestrian,Thursday,FAR SIDE. PED HIT BY VEHICLE FROM THE LEFT         ,1A,K,10,Day,1,2,1,01,Pedestrians,Y,Serious injury,30-39,3071.0,F,MELBOURNE,MELB_URBAN,-37.81838968,144.9642199,3000,Dry,Pedestrian stepped off median strip,Clear,FLINDERS,FLINDERS,STREET,COURT,Collision,Not Applicable
T20150021042,2015-10-12,07:22:00                      ,Struck Pedestrian,Monday,PED NEAR SIDE. PED HIT BY VEHICLE FROM THE RIGHT.      ,1C,H,5,Dusk/Dawn,1,2,1,01,Pedestrians,Y,Serious injury,30-39,,F,MELBOURNE,MELB_URBAN,-37.82482889,144.9568038,3006,Wet,Not Required,Raining,CLARENDON,NORMANBY,STREET,ROAD,Collision,Not Applicable
T20150021047,2015-10-12,08:59:00                      ,Struck Pedestrian,Monday,ANY MANOEUVRE INVOLVING PED NOT INCLUDED IN DCAs 100-108.  ,2T,K,5,Day,1,2,0,01,Pedestrians,N,Other injury,40-49,3031.0,M,MELBOURNE,MELB_URBAN,-37.79436116,144.9294698,3031,Dry,Not Required,Clear,MACAULAY,LA NAUZE,ROAD,LANE,Collision,Not Applicable
T20150021228,2015-10-14,09:45:00                      ,Collision with a fixed object,Wednesday,OTHER ACCIDENTS-OFF STRAIGHT NOT INCLUDED IN DCAs 170-175  ,2T,J,1,Day,1,3,0,01,Pedestrians,N,Other injury,0-4,3034.0,F,MELBOURNE,MELB_URBAN,-37.78808936,144.9288402,3031,Dry,Other objects (Telephone/Culvert/RX) Fixed/Not Fixed,Clear,RACECOURSE,BELLAIR,ROAD,STREET,Collision,Other Fixed (railway furniture/culvert/telephone box etc)
T20150021228,2015-10-14,09:45:00                      ,Collision with a fixed object,Wednesday,OTHER ACCIDENTS-OFF STRAIGHT NOT INCLUDED IN DCAs 170-175  ,2T,J,1,Day,1,3,0,02,Pedestrians, ,Not injured,30-39,3031.0,F,MELBOURNE,MELB_URBAN,-37.78808936,144.9288402,3031,Dry,Other objects (Telephone/Culvert/RX) Fixed/Not Fixed,Clear,RACECOURSE,BELLAIR,ROAD,STREET,Collision,Other Fixed (railway furniture/culvert/telephone box etc)
T20150021891,2015-10-22,21:22:00                      ,Struck Pedestrian,Thursday,PED STRUCK WALKING TO/FROM OR BOARDING/ALIGHTING VEHICLE.  ,2B,C,2,Dark Street lights on,1,2,0,01,Pedestrians, ,Other injury,17-21,3052.0,F,MELBOURNE,MELB_URBAN,-37.78987916,144.9587581,3052,Dry,Pedestrian emerged from behindtram,Clear,MACARTHUR,CEMETERY W,ROAD,ROAD,Collision,Not Applicable
T20150022482,2015-09-26,04:00:00                      ,Struck Pedestrian,Saturday,PED NEAR SIDE. PED HIT BY VEHICLE FROM THE RIGHT.      ,1A,A,7,Dark Street lights unknown,1,2,0,01,Pedestrians,N,Other injury,30-39,4508.0,M,MELBOURNE,MELB_URBAN,-37.81906984,144.9541489,3000,Dry,Vehicle leaving intersection,Clear,SPENCER,COLLINS,STREET,STREET,Collision,Not Applicable
T20150022519,2015-10-31,00:05:00                      ,Struck Pedestrian,Saturday,PED NEAR SIDE. PED HIT BY VEHICLE FROM THE RIGHT.      ,1A,H,2,Dark Street lights on,1,2,0,01,Pedestrians, ,Other injury,22-25,3000.0,M,MELBOURNE,MELBOURNE_CBD,-37.81202509,144.9593429,3000,Dry,Vehicle entering intersection,Clear,LITTLE LONSDALE,QUEEN,STREET,STREET,Collision,Not Applicable
T20150022575,2015-10-29,17:00:00                      ,Struck Pedestrian,Thursday,FAR SIDE. PED HIT BY VEHICLE FROM THE LEFT         ,1D,V,1,Dusk/Dawn,1,2,0,01,Pedestrians,N,Other injury,22-25,3006.0,F,MELBOURNE,MELB_URBAN,-37.81782964,144.9676112,3000,Dry,Not Required,Clear,SWANSTON,FLINDERS,STREET,STREET,Collision,Not Applicable
T20150022728,2015-11-02,21:00:00                      ,Struck Pedestrian,Monday,PED NEAR SIDE. PED HIT BY VEHICLE FROM THE RIGHT.      ,2F,K,8,Dark Street lights on,1,2,1,01,Pedestrians,Y,Serious injury,13-15,3029.0,M,MELBOURNE,MELB_URBAN,-37.82177174,144.9742788,3004,Dry,Not Required,Clear,ALEXANDRA,LINLITHGOW,AVENUE,AVENUE,Collision,Not Applicable
T20150022886,2015-11-04,23:06:00                      ,Struck Pedestrian,Wednesday,PED NEAR SIDE. PED HIT BY VEHICLE FROM THE RIGHT.      ,1A,C,10,Dark Street lights on,1,2,0,01,Pedestrians, ,Other injury,26-29,,M,MELBOURNE,MELB_URBAN,-37.82036386,144.9575584,3000,Wet,Vehicle leaving intersection,Clear,KINGS,KING,WAY,STREET,Collision,Not Applicable
T20150023117,2015-11-08,10:15:00                      ,Struck Pedestrian,Sunday,FAR SIDE. PED HIT BY VEHICLE FROM THE LEFT         ,2A,E,1,Day,1,2,0,01,Pedestrians,N,Other injury,30-39,,M,MELBOURNE,MELB_URBAN,-37.78782877,144.9405067,3051,Dry,Vehicle within intersection,Clear,BOUNDARY,FLEMINGTON,ROAD,ROAD,Collision,Not Applicable
T20150023171,2015-11-09,07:10:00                      ,Struck Pedestrian,Monday,PED NEAR SIDE. PED HIT BY VEHICLE FROM THE RIGHT.      ,1B,N,7,Dusk/Dawn,1,2,0,01,Pedestrians,N,Other injury,22-25,,F,MELBOURNE,MELBOURNE_CBD,-37.81549255,144.9665403,3000,Dry,Vehicle leaving intersection,Clear,COLLINS,SWANSTON,STREET,STREET,Collision,Not Applicable
T20150023293,2015-11-10,18:35:00                      ,Struck Pedestrian,Tuesday,PED NEAR SIDE. PED HIT BY VEHICLE FROM THE RIGHT.      ,1D,V,2,Day,1,2,0,02,Pedestrians,N,Other injury,unknown,3128.0,M,MELBOURNE,MELB_URBAN,-37.81873956,144.9680316,3000,Wet,Not Required,Clear,ST KILDA,SWANSTON,ROAD,STREET,Collision,Not Applicable
T20150023369,2015-11-10,20:51:00                      ,Struck Pedestrian,Tuesday,FAR SIDE. PED HIT BY VEHICLE FROM THE LEFT         ,1D,T,5,Dark Street lights on,1,2,1,01,Pedestrians,Y,Serious injury,30-39,3056.0,F,MELBOURNE,MELB_URBAN,-37.82235389,144.9676936,3006,Dry,Vehicle leaving intersection,Clear,STURT,KAVANAGH,STREET,STREET,Collision,Not Applicable
T20150023482,2015-11-09,21:45:00                      ,Struck Pedestrian,Monday,ANY MANOEUVRE INVOLVING PED NOT INCLUDED IN DCAs 100-108.  ,2B,F,9,Dark Street lights on,2,3,0,01,Pedestrians, ,Other injury,unknown,,U,MELBOURNE,MELB_URBAN,-37.8020855,144.9665708,3053,Dry,Not Required,Clear,ARGYLE,LYGON,PLACE,STREET,Collision,Not Applicable
T20150023751,2015-11-14,23:25:00                      ,Struck Pedestrian,Saturday,ANY MANOEUVRE INVOLVING PED NOT INCLUDED IN DCAs 100-108.  ,1A,D,6,Dark Street lights on,1,2,1,01,Pedestrians,Y,Serious injury,40-49,3030.0,F,MELBOURNE,MELBOURNE_CBD,-37.8170415,144.9573107,3000,Dry,Not Required,Clear,LITTLE COLLINS,CHURCH,STREET,STREET,Collision,Not Applicable
T20150023765,2015-11-17,12:40:00                      ,Struck Pedestrian,Tuesday,PED NEAR SIDE. PED HIT BY VEHICLE FROM THE RIGHT.      ,1A,G,10,Day,1,2,1,01,Pedestrians,Y,Serious injury,50-59,3222.0,M,MELBOURNE,MELBOURNE_CBD,-37.81930118,144.9610876,3000,Dry,Vehicle leaving intersection,Clear,FLINDERS,MARKET,STREET,STREET,Collision,Not Applicable
T20150023929,2015-11-19,14:00:00                      ,Struck Pedestrian,Thursday,PED NEAR SIDE. PED HIT BY VEHICLE FROM THE RIGHT.      ,1B,Q,3,Day,1,2,1,01,Pedestrians,Y,Serious injury,70+,3181.0,F,MELBOURNE,MELBOURNE_CBD,-37.81140057,144.967458,3000,Dry,Not Required,Clear,RUSSELL,BELMAN,STREET,PLACE,Collision,Not Applicable
T20150024135,2015-11-22,15:10:00                      ,No collision and no object struck,Sunday,OTHER ACCIDENTS NOT CLASSIFIABLE ELSEWHERE         ,1A,A,9,Day,1,2,1,01,Pedestrians,Y,Serious injury,70+,6210.0,F,MELBOURNE,MELBOURNE_CBD,-37.82006189,144.9547508,3000,Dry,Not Required,Clear,FLINDERS,SPENCER,LANE,STREET,Other,Not Applicable
T20150024304,2015-11-23,19:35:00                      ,Struck Pedestrian,Monday,FAR SIDE. PED HIT BY VEHICLE FROM THE LEFT         ,1B,Q,9,Dusk/Dawn,1,3,1,01,Pedestrians,Y,Serious injury,30-39,2050.0,F,MELBOURNE,MELBOURNE_CBD,-37.81575683,144.9694542,3000,Dry,Vehicle leaving intersection,Clear,FLINDERS,RUSSELL,LANE,STREET,Collision,Not Applicable
T20150024304,2015-11-23,19:35:00                      ,Struck Pedestrian,Monday,FAR SIDE. PED HIT BY VEHICLE FROM THE LEFT         ,1B,Q,9,Dusk/Dawn,1,3,1,02,Pedestrians, ,Other injury,40-49,3141.0,F,MELBOURNE,MELBOURNE_CBD,-37.81575683,144.9694542,3000,Dry,Vehicle leaving intersection,Clear,FLINDERS,RUSSELL,LANE,STREET,Collision,Not Applicable
T20150025418,2015-12-02,09:00:00                      ,Struck Pedestrian,Wednesday,PED NEAR SIDE. PED HIT BY VEHICLE FROM THE RIGHT.      ,1B,L,4,Day,1,2,0,01,Pedestrians, ,Not injured,unknown,,U,MELBOURNE,MELBOURNE_CBD,-37.81326853,144.9627082,3000,Dry,Vehicle entering intersection,Clear,ELIZABETH,LITTLE BOURKE,STREET,STREET,Collision,Not Applicable
T20150025430,2015-12-08,11:36:00                      ,Struck Pedestrian,Tuesday,PED NEAR SIDE. PED HIT BY VEHICLE FROM THE RIGHT.      ,2L,B,8,Day,1,2,0,01,Pedestrians,N,Other injury,30-39,,F,MELBOURNE,MELB_URBAN,-37.84376976,144.978291,3004,Dry,Not Required,Clear,ST KILDA,HANNA,ROAD,STREET,Collision,Not Applicable
T20150025766,2015-12-12,00:05:00                      ,Collision with vehicle,Saturday,CROSS TRAFFIC(INTERSECTIONS ONLY)              ,1D,N,5,Dark Street lights on,2,7,1,05,Pedestrians, ,Other injury,26-29,,M,MELBOURNE,MELB_URBAN,-37.82386043,144.9625447,3006,Dry,Not Required,Clear,CITY ROAD -POWER,CITY,STREET,ROAD,Collision,Not Applicable
T20150025771,2015-12-11,16:20:00                      ,Struck Pedestrian,Friday,PED NEAR SIDE. PED HIT BY VEHICLE FROM THE RIGHT.      ,1B,L,5,Day,1,4,0,01,Pedestrians, ,Other injury,40-49,3173.0,M,MELBOURNE,MELBOURNE_CBD,-37.81424771,144.9631593,3000,Wet,Vehicle entering intersection,Raining,BOURKE,ELIZABETH,STREET,STREET,Collision,Not Applicable
T20150025840,2015-12-11,12:40:00                      ,Struck Pedestrian,Friday,PED ON FOOTHPATH STRUCK BY VEHENTERING/LEAVING DRIVEWAY.  ,1B,S,5,Day,1,2,0,01,Pedestrians, ,Other injury,50-59,3076.0,F,MELBOURNE,MELBOURNE_CBD,-37.81230186,144.9698296,3000,Dry,Paved footpath,Not known,BOURKE,SOUTHERN CROSS,STREET,LANE,Collision,Not Applicable
T20150026113,2015-05-07,20:00:00                      ,Struck Pedestrian,Thursday,PED NEAR SIDE. PED HIT BY VEHICLE FROM THE RIGHT.      ,2T,K,2,Dark Street lights unknown,1,2,0,01,Pedestrians,N,Other injury,40-49,3031.0,M,MELBOURNE,MELB_URBAN,-37.78964648,144.9298255,3031,Unknown,Vehicle entering intersection,Not known,EASTWOOD,PARSONS,STREET,STREET,Collision,Not Applicable
T20150026192,2015-12-17,08:59:00                      ,Struck Pedestrian,Thursday,PED NEAR SIDE. PED HIT BY VEHICLE FROM THE RIGHT.      ,2E,K,2,Day,1,2,0,01,Pedestrians,N,Other injury,30-39,3064.0,F,MELBOURNE,MELB_URBAN,-37.81139946,144.9534217,3003,Dry,Vehicle within intersection,Clear,KING,JEFFCOTT,STREET,STREET,Collision,Not Applicable
T20150026198,2015-12-16,13:50:00                      ,Struck Pedestrian,Wednesday,VEH STRIKES PED ON FOOTPATH/MEDIAN/TRAFFIC ISLAND.,1B,L,1,Day,1,2,0,01,Pedestrians,N,Other injury,64-69,3041.0,F,MELBOURNE,MELB_URBAN,-37.81031669,144.9613588,3000,Dry,Vehicle moving foward - under control,Clear,ELIZABETH,LA TROBE,STREET,STREET,Collision,Not Applicable
T20150026341,2015-12-18,16:52:00                      ,Struck Pedestrian,Friday,PED NEAR SIDE. PED HIT BY VEHICLE FROM THE RIGHT.      ,1A,K,1,Day,1,2,0,01,Pedestrians, ,Other injury,50-59,3018.0,F,MELBOURNE,MELB_URBAN,-37.81043876,144.9609419,3000,Dry,Vehicle going straight through,Clear,LA TROBE,ST BISHOY,STREET,LANE,Collision,Not Applicable
T20150026626,2015-12-22,14:00:00                      ,Struck Pedestrian,Tuesday,PED PLAYING/LYING/WORKING/STANDING ON CARRIAGEWAY.,1B,P,10,Day,2,3,0,01,Pedestrians, ,Other injury,40-49,3805.0,M,MELBOURNE,MELB_URBAN,-37.81722536,144.9682203,3000,Dry,Pedestrian standing,Clear,CHAPTER HOUSE,FLINDERS,LANE,STREET,Collision,Not Applicable
T20150026833,2015-12-25,10:40:00                      ,Struck Pedestrian,Friday,PED NEAR SIDE. PED HIT BY VEHICLE FROM THE RIGHT.      ,2F,J,7,Day,1,2,0,01,Pedestrians, ,Other injury,17-21,,M,MELBOURNE,MELB_URBAN,-37.82121019,144.9721699,3004,Dry,Not Required,Clear,ALEXANDRA,LINLITHGOW,AVENUE,AVENUE,Collision,Not Applicable
T20150027100,2015-12-29,17:05:00                      ,Struck Pedestrian,Tuesday,PED NEAR SIDE. PED HIT BY VEHICLE FROM THE RIGHT.      ,1A,H,10,Day,1,2,1,01,Pedestrians,Y,Serious injury,30-39,3023.0,F,MELBOURNE,MELB_URBAN,-37.81889626,144.9624791,3000,Dry,Vehicle leaving intersection,Clear,FLINDERS,QUEEN,STREET,STREET,Collision,Not Applicable
T20150027104,2015-12-24,22:38:00                      ,Struck Pedestrian,Thursday,PED NEAR SIDE. PED HIT BY VEHICLE FROM THE RIGHT.      ,1B,N,7,Dark Street lights on,1,2,0,01,Pedestrians, ,Other injury,40-49,3058.0,F,MELBOURNE,MELBOURNE_CBD,-37.81549255,144.9665403,3000,Dry,Vehicle entering intersection,Clear,COLLINS,SWANSTON,STREET,STREET,Collision,Not Applicable
T20150027137,2015-12-17,10:00:00                      ,Struck Pedestrian,Thursday,PED NEAR SIDE. PED HIT BY VEHICLE FROM THE RIGHT.      ,2A,J,10,Day,1,2,0,01,Pedestrians, ,Other injury,50-59,3056.0,F,MELBOURNE,MELB_URBAN,-37.80427049,144.9494081,3051,Dry,Vehicle entering intersection,Clear,ERROL,RAGLAN,STREET,STREET,Collision,Not Applicable
T20150027179,2015-12-30,19:00:00                      ,Struck Pedestrian,Wednesday,PED ON FOOTHPATH STRUCK BY VEHENTERING/LEAVING DRIVEWAY.  ,2G,E,9,Dusk/Dawn,1,2,0,01,Pedestrians, ,Other injury,26-29,,F,MELBOURNE,MELB_URBAN,-37.82412426,144.9852692,3004,Unknown,Paved footpath,Clear,OLYMPIC,OLYMPIC,BOULEVARD,BOULEVARD,Collision,Not Applicable
T20160000070,2016-01-01,22:12:00                      ,Struck Pedestrian,Friday,ANY MANOEUVRE INVOLVING PED NOT INCLUDED IN DCAs 100-108.  ,1A,A,1,Dark Street lights on,1,2,0,01,Pedestrians, ,Other injury,40-49,3000.0,M,MELBOURNE,MELB_URBAN,-37.81316686,144.9514354,3000,Dry,Not Required,Clear,SPENCER,LA TROBE,STREET,STREET,Collision,Not Applicable
T20160000299,2016-01-04,16:30:00                      ,Struck Pedestrian,Monday,PED NEAR SIDE. PED HIT BY VEHICLE FROM THE RIGHT.      ,1C,J,7,Day,1,2,0,01,Pedestrians,Y,Other injury,30-39,3023.0,F,MELBOURNE,MELB_URBAN,-37.8267821,144.9591131,3006,Dry,Vehicle within intersection,Clear,CITY,CLARKE,ROAD,STREET,Collision,Not Applicable
T20160000309,2016-01-04,17:50:00                      ,Struck Pedestrian,Monday,PED NEAR SIDE. PED HIT BY VEHICLE FROM THE RIGHT.      ,1A,C,9,Day,1,3,1,02,Pedestrians,Y,Serious injury,40-49,3201.0,F,MELBOURNE,MELBOURNE_CBD,-37.81939013,144.9571063,3000,Dry,Vehicle within intersection,Clear,KING,FLINDERS,STREET,LANE,Collision,Not Applicable
T20160000571,2016-01-09,15:10:00                      ,Struck Pedestrian,Saturday,PED NEAR SIDE. PED HIT BY VEHICLE FROM THE RIGHT.      ,2B,A,8,Day,1,2,1,01,Pedestrians,Y,Serious injury,50-59,3032.0,F,MELBOURNE,MELB_URBAN,-37.79965241,144.9550344,3000,Dry,Vehicle leaving intersection,Clear,FLEMINGTON,GRATTAN,ROAD,STREET,Collision,Not Applicable
T20160000702,2015-11-14,23:00:00                      ,Struck Pedestrian,Saturday,PED NEAR SIDE. PED HIT BY VEHICLE FROM THE RIGHT.      ,2T,J,1,Dark Street lights on,1,2,1,01,Pedestrians,Y,Serious injury,64-69,3031.0,M,MELBOURNE,MELB_URBAN,-37.78804088,144.9283899,3031,Unknown,Not Required,Not known,RACECOURSE,BELLAIR,ROAD,STREET,Collision,Not Applicable
T20160001031,2016-01-15,19:30:00                      ,Struck Pedestrian,Friday,PED NEAR SIDE. PED HIT BY VEHICLE FROM THE RIGHT.      ,2G,F,11,Dusk/Dawn,1,2,0,01,Pedestrians,N,Other injury,60-64,3805.0,M,MELBOURNE,MELB_URBAN,-37.82796527,144.9882446,3004,Dry,Vehicle within intersection,Clear,PUNT,KELSO,ROAD,STREET,Collision,Not Applicable
T20160001226,2016-01-18,19:53:00                      ,Struck Pedestrian,Monday,PED NEAR SIDE. PED HIT BY VEHICLE FROM THE RIGHT.      ,1A,C,4,Dusk/Dawn,1,3,0,01,Pedestrians, ,Other injury,40-49,2101.0,M,MELBOURNE,MELBOURNE_CBD,-37.8154039,144.955278,3000,Dry,Vehicle leaving intersection,Clear,KING,LITTLE BOURKE,STREET,STREET,Collision,Not Applicable
T20160001226,2016-01-18,19:53:00                      ,Struck Pedestrian,Monday,PED NEAR SIDE. PED HIT BY VEHICLE FROM THE RIGHT.      ,1A,C,4,Dusk/Dawn,1,3,0,02,Pedestrians, ,Other injury,40-49,2101.0,F,MELBOURNE,MELBOURNE_CBD,-37.8154039,144.955278,3000,Dry,Vehicle leaving intersection,Clear,KING,LITTLE BOURKE,STREET,STREET,Collision,Not Applicable
T20160001430,2016-01-21,13:15:00                      ,Collision with vehicle,Thursday,REAR END(VEHICLES IN SAME LANE)               ,2G,C,9,Day,2,5,1,02,Pedestrians,Y,Other injury,50-59,3122.0,M,MELBOURNE,MELB_URBAN,-37.82356853,144.9808003,3004,Dry,Mid-block,Clear,SWAN,OLYMPIC,STREET,BOULEVARD,Collision,Not Applicable
T20160001430,2016-01-21,13:15:00                      ,Collision with vehicle,Thursday,REAR END(VEHICLES IN SAME LANE)               ,2G,C,9,Day,2,5,1,03,Pedestrians,Y,Serious injury,50-59,3122.0,F,MELBOURNE,MELB_URBAN,-37.82356853,144.9808003,3004,Dry,Mid-block,Clear,SWAN,OLYMPIC,STREET,BOULEVARD,Collision,Not Applicable
T20160001451,2016-01-21,19:45:00                      ,Struck Pedestrian,Thursday,PED NEAR SIDE. PED HIT BY VEHICLE FROM THE RIGHT.      ,44,A,10,Day,1,2,0,01,Pedestrians, ,Other injury,16-17,3350.0,F,MELBOURNE,MELB_URBAN,-37.82319383,144.977061,3004,Dry,Vehicle going straight through,Clear,OLYMPIC,,BOULEVARD,,Collision,Not Applicable
T20160001607,2016-01-23,17:00:00                      ,Struck Pedestrian,Saturday,FAR SIDE. PED HIT BY VEHICLE FROM THE LEFT         ,2L,B,10,Day,1,2,0,01,Pedestrians,N,Other injury,40-49,,F,MELBOURNE,MELB_URBAN,-37.84772055,144.9797315,3004,Dry,Vehicle entering intersection,Clear,ST KILDA,MOUBRAY,ROAD,STREET,Collision,Not Applicable
T20160001798,2016-01-26,17:45:00                      ,Struck Pedestrian,Tuesday,FAR SIDE. PED HIT BY VEHICLE FROM THE LEFT         ,1B,Q,3,Day,1,2,1,01,Pedestrians,Y,Serious injury,16-17,3427.0,M,MELBOURNE,MELBOURNE_CBD,-37.81098835,144.9666992,3000,Dry,Vehicle entering intersection,Clear,LONSDALE,WARATAH,STREET,PLACE,Collision,Not Applicable
T20160001966,2016-01-15,16:30:00                      ,Struck Pedestrian,Friday,VEH STRIKES PED ON FOOTPATH/MEDIAN/TRAFFIC ISLAND.,1B,L,1,Unknown,1,2,0,01,Pedestrians, ,Other injury,40-49,3006.0,M,MELBOURNE,MELB_URBAN,-37.81031669,144.9613588,3000,Unknown,Vehicle moving foward - out of control,Not known,ELIZABETH,LA TROBE,STREET,STREET,Collision,Not Applicable
T20160001979,2016-01-20,14:30:00                      ,Struck Pedestrian,Wednesday,FAR SIDE. PED HIT BY VEHICLE FROM THE LEFT         ,1B,R,5,Day,1,2,0,01,Pedestrians,N,Other injury,22-25,,M,MELBOURNE,MELBOURNE_CBD,-37.81248038,144.9692202,3000,Dry,Vehicle going straight through,Not known,BOURKE,BRIEN,STREET,LANE,Collision,Not Applicable
T20160002050,2016-01-29,17:00:00                      ,Struck Pedestrian,Friday,FAR SIDE. PED HIT BY VEHICLE FROM THE LEFT         ,2G,A,2,Day,1,2,0,01,Pedestrians, ,Other injury,30-39,3340.0,F,MELBOURNE,MELB_URBAN,-37.81205744,144.9772904,3002,Dry,Vehicle going straight through,Clear,ST ANDREWS,LANSDOWNE,PLACE,STREET,Collision,Not Applicable
T20160002267,2015-10-06,09:05:00                      ,Struck Pedestrian,Tuesday,FAR SIDE. PED HIT BY VEHICLE FROM THE LEFT         ,2A,J,11,Day,1,2,0,01,Pedestrians,N,Other injury,22-25,,F,MELBOURNE,MELB_URBAN,-37.80514744,144.949344,3003,Dry,Vehicle leaving intersection,Clear,ERROL,VICTORIA,STREET,STREET,Collision,Not Applicable
T20160002806,2016-02-08,18:00:00                      ,Struck Pedestrian,Monday,PED NEAR SIDE. PED HIT BY VEHICLE FROM THE RIGHT.      ,1D,M,4,Day,1,2,0,01,Pedestrians,N,Other injury,50-59,3058.0,F,MELBOURNE,MELB_URBAN,-37.82270954,144.9609978,3006,Dry,Vehicle going straight through,Clear,QUEENS BRIDGE,WHITEMAN ALT,STREET,STREET,Collision,Not Applicable
T20160003345,2016-02-01,11:00:00                      ,Struck Pedestrian,Monday,ANY MANOEUVRE INVOLVING PED NOT INCLUDED IN DCAs 100-108.  ,1A,K,5,Day,1,2,0,01,Pedestrians, ,Other injury,50-59,3082.0,F,MELBOURNE,MELBOURNE_CBD,-37.8143288,144.9628794,3000,Dry,Not Required,Not known,BOURKE,ELIZABETH,STREET,STREET,Collision,Not Applicable
T20160003438,2016-02-16,05:25:00                      ,Struck Pedestrian,Tuesday,ANY MANOEUVRE INVOLVING PED NOT INCLUDED IN DCAs 100-108.  ,1A,F,1,Dark Street lights on,1,2,1,01,Pedestrians,Y,Serious injury,40-49,3040.0,M,MELBOURNE,MELBOURNE_CBD,-37.8117548,144.9564464,3000,Dry,Not Required,Not known,LA TROBE,WILLIAM,STREET,STREET,Collision,Not Applicable
T20160003722,2016-02-19,09:10:00                      ,Struck Pedestrian,Friday,PED NEAR SIDE. PED HIT BY VEHICLE FROM THE RIGHT.      ,1B,L,6,Day,1,2,0,01,Pedestrians,N,Other injury,30-39,3000.0,F,MELBOURNE,MELBOURNE_CBD,-37.81522738,144.9636114,3000,Dry,Vehicle entering intersection,Not known,ELIZABETH,LITTLE COLLINS,STREET,STREET,Collision,Not Applicable
T20160003961,2016-02-09,15:45:00                      ,Struck Pedestrian,Tuesday,PED NEAR SIDE. PED HIT BY VEHICLE FROM THE RIGHT.      ,1A,C,9,Day,1,2,0,01,Pedestrians,N,Other injury,30-39,3143.0,F,MELBOURNE,MELBOURNE_CBD,-37.81939013,144.9571063,3000,Dry,Vehicle within intersection,Clear,KING,FLINDERS,STREET,LANE,Collision,Not Applicable
T20160004628,2015-05-18,18:15:00                      ,Struck Pedestrian,Monday,PED NEAR SIDE. PED HIT BY VEHICLE FROM THE RIGHT.      ,2B,F,8,Dusk/Dawn,1,2,0,01,Pedestrians,N,Other injury,22-25,3056.0,F,MELBOURNE,MELB_URBAN,-37.80058525,144.9654536,3053,Wet,Vehicle within intersection,Raining,CARDIGAN,GRATTAN,STREET,STREET,Collision,Not Applicable
T20160004791,2016-03-01,19:30:00                      ,Struck Pedestrian,Tuesday,PED NEAR SIDE. PED HIT BY VEHICLE FROM THE RIGHT.      ,2B,G,4,Day,1,2,0,01,Pedestrians,N,Other injury,26-29,3101.0,F,MELBOURNE,MELB_URBAN,-37.79226018,144.9683897,3053,Dry,Vehicle within intersection,Not known,CEMETERY,PRINCES,ROAD,STREET,Collision,Not Applicable