KEYAccidentNumber,DATAccidentDate_accident,TIMAccidentTime_accident,CATAccidentTypeDesc_accident,CATDayOfWeek_accident,CATDCADesc_accident,CATMelwaysPage_accident,CATMelwaysGridRef_X_accident,CATMelwaysGridRef_Y_accident,CATLightConditionDesc_accident,NUMVehiclesInvolved_accident,NUMPersonsInvolved_accident,NUMPersonsInjured_accident,KEYPersonID_person,CATRoadUserTypeDesc_person,CATTakenHospital_person,CATInjuryLevelDesc_person,CATAgeGroup_person,CATPostcode_person,CATGender_person,CATLGAName_node,CATDEGUrbanName_node,NUMLatitude_node,NUMLongitude_node,CATPostcode_node,CATSurfaceConditionDesc_surface,CATSubDCACodeDesc_subdca,CATAtmosphericConditionDesc_atmosphere,CATRoadName_acclocation,CATRoadNameInt_acclocation,CATRoadType_acclocation,CATRoadTypeInt_acclocation,CATEventTypeDesc_accevent,CATObjectTypeDesc_accevent
T20170001857,2017-01-30,08:25:00                      ,Struck Pedestrian,Monday,PED NEAR SIDE. PED HIT BY VEHICLE FROM THE RIGHT.      , , , ,Day,1,2,1,01,Pedestrians,Y,Serious injury,50-59,3115.0,M,MELBOURNE,MELBOURNE_CBD,-37.81574825,144.9579692,3000,Dry,Vehicle going straight through,Clear,BOURKE,WILLIAM,STREET,STREET,Collision,Not Applicable
T20170002711,2017-02-10,22:08:00                      ,Struck Pedestrian,Friday,VEH STRIKES PED ON FOOTPATH/MEDIAN/TRAFFIC ISLAND., , , ,Dark Street lights on,1,2,0,02,Pedestrians, ,Other injury,30-39,3125.0,F,MELBOURNE,MELB_URBAN,-37.82359023,144.9562292,3006,Dry,Vehicle moving foward - under control,Clear,CLARENDON,CLARENDON,STREET,STREET,Collision,Not Applicable
T20170002904,2016-08-08,15:00:00                      ,Struck Pedestrian,Monday,PED ON FOOTHPATH STRUCK BY VEHENTERING/LEAVING DRIVEWAY.  , , , ,Day,1,2,0,01,Pedestrians, ,Other injury,64-69,3056.0,F,MELBOURNE,MELB_URBAN,-37.80630965,144.9558168,3003,Dry,Paved footpath,Clear,PEEL,VICTORIA,STREET,STREET,Collision,Not Applicable
T20170002967,2017-02-14,16:30:00                      ,Struck Pedestrian,Tuesday,PED NEAR SIDE. PED HIT BY VEHICLE FROM THE RIGHT.      ,1B,N,7,Unknown,1,2,0,01,Pedestrians, ,Not injured,unknown,,U,MELBOURNE,MELBOURNE_CBD,-37.81492993,144.9662803,3000,Unknown,Vehicle going straight through,Not known,SWANSTON,LITTLE COLLINS,STREET,STREET,Collision,Not Applicable
T20170003298,2017-02-18,21:47:00                      ,Struck Pedestrian,Saturday,FAR SIDE. PED HIT BY VEHICLE FROM THE LEFT         ,1A,F,1,Dark Street lights on,1,2,0,01,Pedestrians,Y,Serious injury,22-25,,F,MELBOURNE,MELB_URBAN,-37.8117548,144.9564464,3000,Dry,Vehicle within intersection,Clear,LA TROBE,WILLIAM,STREET,STREET,Collision,Not Applicable
T20170003473,2017-02-21,13:45:00                      ,Struck Pedestrian,Tuesday,PED NEAR SIDE. PED HIT BY VEHICLE FROM THE RIGHT.      ,2K,F,1,Day,1,2,1,01,Pedestrians,Y,Serious injury,22-25,,M,MELBOURNE,MELB_URBAN,-37.83144309,144.9659801,3006,Dry,Vehicle within intersection,Clear,KINGS,DORCAS,WAY,STREET,Collision,Not Applicable
T20170003563,2017-02-22,13:20:00                      ,Struck Pedestrian,Wednesday,PED NEAR SIDE. PED HIT BY VEHICLE FROM THE RIGHT.      ,2A,E,2,Day,1,2,0,01,Pedestrians,N,Other injury,60-64,3032.0,F,MELBOURNE,MELB_URBAN,-37.78940375,144.9421661,3051,Dry,Vehicle within intersection,Clear,RACECOURSE,FLEMINGTON,ROAD,ROAD,Collision,Not Applicable
T20170003646,2017-02-12,12:00:00                      ,Struck Pedestrian,Sunday,PED PLAYING/LYING/WORKING/STANDING ON CARRIAGEWAY., , , ,Day,1,2,0,01,Pedestrians, ,Other injury,17-21,,F,MELBOURNE,MELB_URBAN,-37.79300638,144.9673275,3053,Dry,Pedestrian standing,Clear,CEMETERY ROAD,PRINCES,EAST,STREET,Collision,Not Applicable
T20170003840,2017-02-25,19:45:00                      ,Struck Pedestrian,Saturday,PED NEAR SIDE. PED HIT BY VEHICLE FROM THE RIGHT.      ,2B,G,2,Dusk/Dawn,1,2,0,01,Pedestrians, ,Other injury,60-64,3053.0,M,MELBOURNE,MELB_URBAN,-37.78943894,144.9688688,3054,Dry,Vehicle within intersection,Clear,LYGON,NEWRY,STREET,STREET,Collision,Not Applicable
T20170004362,2017-03-03,13:30:00                      ,Struck Pedestrian,Friday,PED EMERGES FROM IN FRONT OF PARKED OR STATIONARY VEHICLE  , , , ,Day,1,2,0,01,Pedestrians,Y,Fatality,50-59,3046.0,F,MELBOURNE,MELB_URBAN,-37.79953901,144.9552996,3000,Dry,Vehicle going straight through,Clear,GRATTAN,FLEMINGTON REV,STREET,ROAD SERVICE ROAD,Collision,Not Applicable
T20170004637,2017-03-07,13:20:00                      ,Struck Pedestrian,Tuesday,PED NEAR SIDE. PED HIT BY VEHICLE FROM THE RIGHT.      , , , ,Day,1,2,1,02,Pedestrians,Y,Serious injury,30-39,3206.0,F,MELBOURNE,MELB_URBAN,-37.82014261,144.9504212,3008,Dry,Vehicle going straight through,Clear,COLLINS,VILLAGE,STREET,STREET,Collision,Not Applicable
T20170004657,2017-03-07,15:12:00                      ,Struck Pedestrian,Tuesday,PED NEAR SIDE. PED HIT BY VEHICLE FROM THE RIGHT.      ,2A,D,2,Day,1,2,0,01,Pedestrians,N,Other injury,30-39,,F,MELBOURNE,MELB_URBAN,-37.78917508,144.940026,3051,Dry,Vehicle within intersection,Clear,RACECOURSE,BOUNDARY,ROAD,ROAD,Collision,Not Applicable
T20170004738,2017-03-08,17:15:00                      ,Struck Pedestrian,Wednesday,FAR SIDE. PED HIT BY VEHICLE FROM THE LEFT         ,1B,V,3,Day,1,2,0,01,Pedestrians, ,Other injury,17-21,3002.0,F,MELBOURNE,MELB_URBAN,-37.80940402,144.97214,3000,Dry,Vehicle within intersection,Clear,LONSDALE,SPRING,STREET,STREET,Collision,Not Applicable
T20170004797,2017-03-09,07:30:00                      ,Struck Pedestrian,Thursday,FAR SIDE. PED HIT BY VEHICLE FROM THE LEFT         , , , ,Day,1,2,0,01,Pedestrians,N,Other injury,5-12,,M,MELBOURNE,MELB_URBAN,-37.79022976,144.9398279,3051,Dry,Vehicle going straight through,Clear,BOUNDARY,ALFRED,ROAD,STREET,Collision,Not Applicable
T20170004868,2017-03-10,12:59:00                      ,Struck Pedestrian,Friday,PED NEAR SIDE. PED HIT BY VEHICLE FROM THE RIGHT.      ,1D,V,1,Day,1,2,0,01,Pedestrians, ,Other injury,13-15,3165.0,F,MELBOURNE,MELB_URBAN,-37.81787887,144.9676339,3000,Dry,Vehicle going straight through,Clear,SWANSTON,FLINDERS,STREET,STREET,Collision,Not Applicable
T20170005009,2017-03-12,10:57:00                      ,Struck Pedestrian,Sunday,FAR SIDE. PED HIT BY VEHICLE FROM THE LEFT         ,2G,A,8,Day,1,3,0,01,Pedestrians,N,Other injury,0-4,3228.0,F,MELBOURNE,MELB_URBAN,-37.82297462,144.9759734,3004,Dry,Vehicle going straight through,Clear,YARRA BANK,BOATHOUSE,HIGHWAY,DRIVE,Collision,Not Applicable
T20170005009,2017-03-12,10:57:00                      ,Struck Pedestrian,Sunday,FAR SIDE. PED HIT BY VEHICLE FROM THE LEFT         ,2G,A,8,Day,1,3,0,02,Pedestrians, ,Not injured,30-39,3228.0,M,MELBOURNE,MELB_URBAN,-37.82297462,144.9759734,3004,Dry,Vehicle going straight through,Clear,YARRA BANK,BOATHOUSE,HIGHWAY,DRIVE,Collision,Not Applicable
T20170005150,2017-03-14,07:22:00                      ,Struck Pedestrian,Tuesday,PED NEAR SIDE. PED HIT BY VEHICLE FROM THE RIGHT.      ,2A,K,11,Day,1,2,0,01,Pedestrians,N,Other injury,13-15,,M,MELBOURNE,MELB_URBAN,-37.80545849,144.9522032,3003,Dry,Vehicle leaving intersection,Clear,CHETWYND,VICTORIA,STREET,STREET,Collision,Not Applicable
T20170005515,2017-03-19,04:00:00                      ,Struck Pedestrian,Sunday,PED NEAR SIDE. PED HIT BY VEHICLE FROM THE RIGHT.      ,1D,N,5,Dark Street lights on,1,3,1,01,Pedestrians,Y,Serious injury,30-39,3023.0,F,MELBOURNE,MELB_URBAN,-37.82373463,144.9625582,3006,Dry,Vehicle within intersection,Clear,CITY,POWER,ROAD,STREET,Collision,Not Applicable
T20170005655,2017-03-20,22:09:00                      ,Struck Pedestrian,Monday,FAR SIDE. PED HIT BY VEHICLE FROM THE LEFT         , , , ,Dark Street lights on,1,3,1,02,Pedestrians,Y,Serious injury,60-64,3500.0,M,MELBOURNE,MELB_URBAN,-37.81180017,144.9536094,3003,Dry,Vehicle going straight through,Clear,KING,PHOENIX,STREET,LANE,Collision,Not Applicable
T20170005768,2017-03-22,07:40:00                      ,Struck Pedestrian,Wednesday,PED NEAR SIDE. PED HIT BY VEHICLE FROM THE RIGHT.      ,2F,K,1,Dark Street lights off,1,2,0,01,Pedestrians,N,Other injury,17-21,3059.0,F,MELBOURNE,MELB_URBAN,-37.80953754,144.9756514,3002,Wet,Vehicle within intersection,Raining,ALBERT,GISBORNE,STREET,STREET,Collision,Not Applicable
T20170005840,2017-03-23,06:32:00                      ,Struck Pedestrian,Thursday,PED NEAR SIDE. PED HIT BY VEHICLE FROM THE RIGHT.      ,2B,K,5,Dusk/Dawn,1,2,0,01,Pedestrians,Y,Other injury,30-39,3053.0,F,MELBOURNE,MELB_URBAN,-37.79542993,144.9753119,3053,Dry,Vehicle within intersection,Clear,NICHOLSON,KAY,STREET,STREET,Collision,Not Applicable
T20170006562,2017-04-01,12:35:00                      ,Struck Pedestrian,Saturday,PED NEAR SIDE. PED HIT BY VEHICLE FROM THE RIGHT.      ,2B,G,7,Day,1,2,1,01,Pedestrians,Y,Serious injury,64-69,6208.0,U,MELBOURNE,MELB_URBAN,-37.79801173,144.967406,3053,Dry,Vehicle within intersection,Clear,LYGON,TYNE,STREET,STREET,Collision,Not Applicable
T20170006606,2017-02-16,18:20:00                      ,Struck Pedestrian,Thursday,FAR SIDE. PED HIT BY VEHICLE FROM THE LEFT         ,1A,A,5,Day,1,2,1,01,Pedestrians,Y,Serious injury,30-39,3024.0,M,MELBOURNE,MELB_URBAN,-37.81709201,144.9532397,3000,Dry,Vehicle within intersection,Clear,SPENCER,BOURKE,STREET,STREET,Collision,Not Applicable
T20170006837,2017-04-04,19:00:00                      ,Struck Pedestrian,Tuesday,PED NEAR SIDE. PED HIT BY VEHICLE FROM THE RIGHT.      ,2L,F,1,Dark Street lights on,1,2,0,01,Pedestrians,N,Other injury,40-49,3121.0,M,MELBOURNE,MELB_URBAN,-37.83063297,144.9878452,3141,Dry,Vehicle within intersection,Clear,PUNT,ALEXANDRA,ROAD,AVENUE,Collision,Not Applicable
T20170006975,2017-04-07,11:45:00                      ,Struck Pedestrian,Friday,FAR SIDE. PED HIT BY VEHICLE FROM THE LEFT         , , , ,Day,1,2,0,01,Pedestrians,Y,Other injury,22-25,,F,MELBOURNE,MELB_URBAN,-37.82600041,144.9712473,3004,Dry,Vehicle going straight through,Clear,ST KILDA,GOVERNMENT HOUSE,ROAD,DRIVE,Collision,Not Applicable
T20170007044,2017-04-08,01:30:00                      ,Struck Pedestrian,Saturday,PED NEAR SIDE. PED HIT BY VEHICLE FROM THE RIGHT.      , , , ,Dark Street lights on,1,2,0,01,Pedestrians,Y,Other injury,30-39,3639.0,F,MELBOURNE,MELB_URBAN,-37.82488064,144.9568278,3006,Dry,Not Required,Clear,CLARENDON,NORMANBY,STREET,ROAD,Collision,Not Applicable
T20170007171,2017-04-09,17:26:00                      ,Struck Pedestrian,Sunday,PED NEAR SIDE. PED HIT BY VEHICLE FROM THE RIGHT.      ,1A,C,2,Dusk/Dawn,1,3,1,01,Pedestrians,Y,Serious injury,26-29,,F,MELBOURNE,MELBOURNE_CBD,-37.81344691,144.9543742,3000,Wet,Vehicle within intersection,Raining,KING,LITTLE LONSDALE,STREET,STREET,Collision,Not Applicable
T20170007171,2017-04-09,17:26:00                      ,Struck Pedestrian,Sunday,PED NEAR SIDE. PED HIT BY VEHICLE FROM THE RIGHT.      ,1A,C,2,Dusk/Dawn,1,3,1,02,Pedestrians,N,Other injury,30-39,3053.0,M,MELBOURNE,MELBOURNE_CBD,-37.81344691,144.9543742,3000,Wet,Vehicle within intersection,Raining,KING,LITTLE LONSDALE,STREET,STREET,Collision,Not Applicable
T20170007245,2017-04-10,16:50:00                      ,Struck Pedestrian,Monday,FAR SIDE. PED HIT BY VEHICLE FROM THE LEFT         ,1D,R,6,Day,1,2,0,01,Pedestrians, ,Other injury,30-39,3184.0,F,MELBOURNE,MELB_URBAN,-37.82339084,144.966034,3006,Dry,Vehicle within intersection,Clear,MOORE,SOUTHBANK,STREET,BOULEVARD,Collision,Not Applicable
T20170007279,2017-04-10,23:30:00                      ,Struck Pedestrian,Monday,PED NEAR SIDE. PED HIT BY VEHICLE FROM THE RIGHT.      ,1C,H,8,Dark Street lights on,2,5,1,01,Pedestrians,Y,Serious injury,22-25,4655.0,F,MELBOURNE,MELB_URBAN,-37.82764335,144.9580985,3006,Wet,Vehicle within intersection,Raining,CLARENDON,CITY,STREET,ROAD,Collision,Not Applicable
T20170007659,2017-04-16,19:45:00                      ,Struck Pedestrian,Sunday,PED PLAYING/LYING/WORKING/STANDING ON CARRIAGEWAY., , , ,Dark Street lights on,2,6,0,03,Pedestrians, ,Other injury,unknown,,U,MELBOURNE,MELBOURNE_CBD,-37.81035504,144.9650377,3000,Dry,Pedestrian standing,Clear,LITTLE LONSDALE,SWANSTON,STREET,STREET,Collision,Not Applicable
T20170007659,2017-04-16,19:45:00                      ,Struck Pedestrian,Sunday,PED PLAYING/LYING/WORKING/STANDING ON CARRIAGEWAY., , , ,Dark Street lights on,2,6,0,04,Pedestrians, ,Not injured,unknown,,U,MELBOURNE,MELBOURNE_CBD,-37.81035504,144.9650377,3000,Dry,Pedestrian standing,Clear,LITTLE LONSDALE,SWANSTON,STREET,STREET,Collision,Not Applicable
T20170007890,2017-04-20,14:10:00                      ,Struck Pedestrian,Thursday,FAR SIDE. PED HIT BY VEHICLE FROM THE LEFT         ,2B,G,4,Day,1,3,1,01,Pedestrians,Y,Serious injury,26-29,3205.0,F,MELBOURNE,MELB_URBAN,-37.79276968,144.9677496,3053,Dry,Vehicle going straight through,Clear,CEMETERY,PRINCES,ROAD,STREET,Collision,Not Applicable
T20170007890,2017-04-20,14:10:00                      ,Struck Pedestrian,Thursday,FAR SIDE. PED HIT BY VEHICLE FROM THE LEFT         ,2B,G,4,Day,1,3,1,02,Pedestrians, ,Other injury,26-29,3000.0,M,MELBOURNE,MELB_URBAN,-37.79276968,144.9677496,3053,Dry,Vehicle going straight through,Clear,CEMETERY,PRINCES,ROAD,STREET,Collision,Not Applicable
T20170008052,2017-02-28,10:30:00                      ,Struck Pedestrian,Tuesday,PED STRUCK WALKING TO/FROM OR BOARDING/ALIGHTING VEHICLE.  ,43,F,4,Unknown,1,2,0,02,Pedestrians, ,Other injury,40-49,3051.0,F,MELBOURNE,MELB_URBAN,-37.79966705,144.953969,3051,Unknown,Boarding,Not known,HIGH,VALE,STREET,STREET,Collision,Not Applicable
T20170008217,2017-04-24,11:30:00                      ,Struck Pedestrian,Monday,FAR SIDE. PED HIT BY VEHICLE FROM THE LEFT         ,1B,Q,3,Unknown,1,2,0,01,Pedestrians,N,Other injury,22-25,3054.0,M,MELBOURNE,MELBOURNE_CBD,-37.81084195,144.967202,3000,Wet,Vehicle within intersection,Raining,LONSDALE,RUSSELL,STREET,STREET,Collision,Not Applicable
T20170008321,2017-04-26,18:00:00                      ,Struck Pedestrian,Wednesday,FAR SIDE. PED HIT BY VEHICLE FROM THE LEFT         ,2B,G,6,Dark Street lights on,1,5,0,02,Pedestrians,N,Other injury,22-25,3065.0,F,MELBOURNE,MELB_URBAN,-37.79715948,144.9675577,3053,Wet,Vehicle within intersection,Raining,ELGIN,LYGON,STREET,STREET,Collision,Not Applicable
T20170008321,2017-04-26,18:00:00                      ,Struck Pedestrian,Wednesday,FAR SIDE. PED HIT BY VEHICLE FROM THE LEFT         ,2B,G,6,Dark Street lights on,1,5,0,04,Pedestrians, ,Other injury,22-25,3163.0,F,MELBOURNE,MELB_URBAN,-37.79715948,144.9675577,3053,Wet,Vehicle within intersection,Raining,ELGIN,LYGON,STREET,STREET,Collision,Not Applicable
T20170008321,2017-04-26,18:00:00                      ,Struck Pedestrian,Wednesday,FAR SIDE. PED HIT BY VEHICLE FROM THE LEFT         ,2B,G,6,Dark Street lights on,1,5,0,05,Pedestrians, ,Other injury,40-49,3051.0,F,MELBOURNE,MELB_URBAN,-37.79715948,144.9675577,3053,Wet,Vehicle within intersection,Raining,ELGIN,LYGON,STREET,STREET,Collision,Not Applicable
T20170008334,2017-04-27,00:15:00                      ,Struck Pedestrian,Thursday,PED NEAR SIDE. PED HIT BY VEHICLE FROM THE RIGHT.      ,1B,L,3,Dark Street lights on,1,2,0,01,Pedestrians,N,Other injury,22-25,3000.0,F,MELBOURNE,MELBOURNE_CBD,-37.81228152,144.9622574,3000,Wet,Vehicle within intersection,Raining,ELIZABETH,LONSDALE,STREET,STREET,Collision,Not Applicable
T20170008526,2017-04-24,23:10:00                      ,Struck Pedestrian,Monday,FAR SIDE. PED HIT BY VEHICLE FROM THE LEFT         ,2G,B,1,Dark Street lights unknown,1,2,0,01,Pedestrians, ,Other injury,50-59,3752.0,M,MELBOURNE,MELB_URBAN,-37.8098303,144.9783323,3002,Wet,Vehicle within intersection,Raining,LANSDOWNE,ALBERT,STREET,STREET,Collision,Not Applicable
T20170008744,2017-05-02,16:35:00                      ,Struck Pedestrian,Tuesday,PED NEAR SIDE. PED HIT BY VEHICLE FROM THE RIGHT.      ,2G,G,1,Day,1,2,0,01,Pedestrians,N,Other injury,13-15,,F,MELBOURNE,MELB_URBAN,-37.80990802,144.9913204,3002,Wet,Vehicle within intersection,Raining,HODDLE,VICTORIA,STREET,PARADE,Collision,Not Applicable
T20170008783,2017-05-03,19:40:00                      ,Struck Pedestrian,Wednesday,FAR SIDE. PED HIT BY VEHICLE FROM THE LEFT         ,2L,C,11,Dusk/Dawn,1,2,0,01,Pedestrians, ,Other injury,30-39,3004.0,F,MELBOURNE,MELB_URBAN,-37.85021929,144.9806426,3004,Dry,Vehicle entering intersection,Not known,HIGH,ST KILDA,STREET,ROAD,Collision,Not Applicable
T20170009163,2017-05-09,15:10:00                      ,Struck Pedestrian,Tuesday,PED NEAR SIDE. PED HIT BY VEHICLE FROM THE RIGHT.      ,2K,K,3,Day,1,2,0,01,Pedestrians,N,Other injury,22-25,,F,MELBOURNE,MELB_URBAN,-37.83440915,144.9743116,3004,Dry,Vehicle going straight through,Clear,ST KILDA,BOWEN,ROAD,CRESCENT,Collision,Not Applicable
T20170009196,2017-05-09,10:30:00                      ,Struck Pedestrian,Tuesday,FAR SIDE. PED HIT BY VEHICLE FROM THE LEFT         , , , ,Day,1,2,0,01,Pedestrians,N,Other injury,60-64,3000.0,F,MELBOURNE,MELBOURNE_CBD,-37.81285747,144.9602788,3000,Dry,Vehicle reversing,Clear,LONSDALE,GOLDIE,STREET,PLACE,Collision,Not Applicable
T20170009378,2017-05-12,18:45:00                      ,Struck Pedestrian,Friday,FAR SIDE. PED HIT BY VEHICLE FROM THE LEFT         ,1A,C,2,Dark Street lights on,1,2,1,01,Pedestrians,Y,Serious injury,50-59,,F,MELBOURNE,MELBOURNE_CBD,-37.81344691,144.9543742,3000,Dry,Vehicle within intersection,Clear,KING,LITTLE LONSDALE,STREET,STREET,Collision,Not Applicable
T20170009711,2017-05-17,23:15:00                      ,Struck Pedestrian,Wednesday,PED NEAR SIDE. PED HIT BY VEHICLE FROM THE RIGHT.      ,2B,B,8,Dark Street lights on,1,2,0,01,Pedestrians,N,Other injury,60-64,3101.0,F,MELBOURNE,MELB_URBAN,-37.7997167,144.9575562,3000,Dry,Vehicle within intersection,Clear,ELIZABETH,ROYAL,STREET,PARADE,Collision,Not Applicable
T20170009757,2017-05-05,22:00:00                      ,Struck Pedestrian,Friday,PED NEAR SIDE. PED HIT BY VEHICLE FROM THE RIGHT.      , , , ,Dark Street lights unknown,1,2,0,01,Pedestrians,N,Other injury,22-25,3013.0,M,MELBOURNE,MELBOURNE_CBD,-37.81214606,144.9665482,3000,Unknown,Not Required,Not known,LITTLE BOURKE,LATROBE,STREET,PLACE,Collision,Not Applicable
T20170009778,2017-05-19,03:20:00                      ,Struck Pedestrian,Friday,FAR SIDE. PED HIT BY VEHICLE FROM THE LEFT         ,1A,C,8,Dark Street lights on,1,2,1,01,Pedestrians,Y,Serious injury,26-29,3076.0,M,MELBOURNE,MELBOURNE_CBD,-37.81892905,144.9568932,3000,Dry,Vehicle going straight through,Clear,KING,FLINDERS,STREET,LANE,Collision,Not Applicable
T20170010230,2017-05-25,18:07:00                      ,Struck Pedestrian,Thursday,PED EMERGES FROM IN FRONT OF PARKED OR STATIONARY VEHICLE  , , , ,Dark Street lights on,1,2,0,01,Pedestrians,Y,Other injury,22-25,,M,MELBOURNE,MELB_URBAN,-37.84144889,144.9774448,3004,Dry,Vehicle going straight through,Clear,ST KILDA,LEOPOLD,ROAD,STREET,Collision,Not Applicable
T20170010257,2017-05-26,11:05:00                      ,Struck Pedestrian,Friday,PED STRUCK WALKING TO/FROM OR BOARDING/ALIGHTING VEHICLE.  ,2B,B,8,Day,1,3,0,01,Pedestrians,Y,Other injury,26-29,,F,MELBOURNE,MELB_URBAN,-37.7997167,144.9575562,3000,Dry,Pedestrian emerged from behindtram,Clear,ELIZABETH,ROYAL,STREET,PARADE,Collision,Not Applicable
T20170010443,2017-05-28,18:16:00                      ,Struck Pedestrian,Sunday,FAR SIDE. PED HIT BY VEHICLE FROM THE LEFT         ,1A,A,1,Dark Street lights on,1,2,0,01,Pedestrians, ,Other injury,60-64,3078.0,M,MELBOURNE,MELB_URBAN,-37.81316686,144.9514354,3000,Dry,Vehicle within intersection,Clear,SPENCER,LA TROBE,STREET,STREET,Collision,Not Applicable
T20170010568,2017-05-30,13:37:00                      ,Struck Pedestrian,Tuesday,PED NEAR SIDE. PED HIT BY VEHICLE FROM THE RIGHT.      ,2B,B,11,Day,1,2,1,01,Pedestrians,Y,Serious injury,30-39,3051.0,F,MELBOURNE,MELB_URBAN,-37.80586818,144.9558931,3003,Dry,Vehicle within intersection,Clear,PEEL,VICTORIA,STREET,STREET,Collision,Not Applicable
T20170010819,2017-06-03,07:30:00                      ,Struck Pedestrian,Saturday,PED NEAR SIDE. PED HIT BY VEHICLE FROM THE RIGHT.      ,2L,B,10,Day,1,2,1,01,Pedestrians,Y,Serious injury,22-25,3000.0,F,MELBOURNE,MELB_URBAN,-37.84772055,144.9797315,3004,Dry,Vehicle within intersection,Clear,ST KILDA,MOUBRAY,ROAD,STREET,Collision,Not Applicable
T20170010837,2017-06-02,22:40:00                      ,Struck Pedestrian,Friday,PED NEAR SIDE. PED HIT BY VEHICLE FROM THE RIGHT.      ,1A,F,6,Dark Street lights on,1,3,0,01,Pedestrians,N,Other injury,30-39,3067.0,F,MELBOURNE,MELBOURNE_CBD,-37.81665699,144.9586567,3000,Unknown,Vehicle within intersection,Not known,LITTLE COLLINS,WILLIAM,STREET,STREET,Collision,Not Applicable
T20170010952,2017-05-20,22:30:00                      ,Struck Pedestrian,Saturday,PED STRUCK WALKING TO/FROM OR BOARDING/ALIGHTING VEHICLE.  ,1A,C,6,Dark Street lights on,1,2,0,01,Pedestrians,N,Serious injury,17-21,3011.0,F,MELBOURNE,MELBOURNE_CBD,-37.81757523,144.9554618,3000,Unknown,Alighting,Not known,LITTLE COLLINS,KING,STREET,STREET,Collision,Not Applicable
T20170011099,2017-06-07,01:40:00                      ,Struck Pedestrian,Wednesday,PED NEAR SIDE. PED HIT BY VEHICLE FROM THE RIGHT.      ,1A,A,7,Dark Street lights on,2,5,4,05,Pedestrians,Y,Serious injury,40-49,3000.0,M,MELBOURNE,MELBOURNE_CBD,-37.81839591,144.9538801,3000,Dry,Vehicle entering intersection,Not known,SPENCER,,STREET,,Collision,Not Applicable
T20170011169,2017-06-07,18:22:00                      ,Struck Pedestrian,Wednesday,PED NEAR SIDE. PED HIT BY VEHICLE FROM THE RIGHT.      ,1B,T,2,Dark Street lights on,1,2,1,01,Pedestrians,Y,Serious injury,40-49,3052.0,F,MELBOURNE,MELBOURNE_CBD,-37.80913558,144.9691961,3000,Dry,Vehicle within intersection,Clear,EXHIBITION,LITTLE LONSDALE,STREET,STREET,Collision,Not Applicable
T20170011457,2017-06-12,00:58:00                      ,Struck Pedestrian,Monday,FAR SIDE. PED HIT BY VEHICLE FROM THE LEFT         ,1C,K,5,Dark Street lights on,1,2,0,01,Pedestrians, ,Other injury,30-39,,M,MELBOURNE,MELB_URBAN,-37.82413977,144.9588069,3006,Dry,Vehicle within intersection,Clear,WHITEMAN,KINGS,STREET,WAY,Collision,Not Applicable
T20170011638,2017-06-14,09:07:00                      ,Struck Pedestrian,Wednesday,FAR SIDE. PED HIT BY VEHICLE FROM THE LEFT         ,1B,N,7,Day,1,2,0,01,Pedestrians,N,Other injury,60-64,3143.0,M,MELBOURNE,MELBOURNE_CBD,-37.81549255,144.9665403,3000,Dry,Vehicle within intersection,Clear,COLLINS,SWANSTON,STREET,STREET,Collision,Not Applicable
T20170011811,2017-06-16,17:55:00                      ,Struck Pedestrian,Friday,FAR SIDE. PED HIT BY VEHICLE FROM THE LEFT         ,1B,L,5,Dark Street lights on,1,2,0,01,Pedestrians,N,Other injury,13-15,3912.0,F,MELBOURNE,MELBOURNE_CBD,-37.81424771,144.9631593,3000,Dry,Vehicle within intersection,Clear,BOURKE,ELIZABETH,STREET,STREET,Collision,Not Applicable
T20170012317,2017-06-23,18:28:00                      ,Struck Pedestrian,Friday,PED NEAR SIDE. PED HIT BY VEHICLE FROM THE RIGHT.      ,1B,V,5,Dark Street lights on,1,4,1,02,Pedestrians,Y,Serious injury,60-64,,M,MELBOURNE,MELB_URBAN,-37.81135968,144.9730462,3000,Dry,Vehicle within intersection,Clear,SPRING,BOURKE,STREET,STREET,Collision,Not Applicable
T20170012317,2017-06-23,18:28:00                      ,Struck Pedestrian,Friday,PED NEAR SIDE. PED HIT BY VEHICLE FROM THE RIGHT.      ,1B,V,5,Dark Street lights on,1,4,1,03,Pedestrians, ,Not injured,unknown,,F,MELBOURNE,MELB_URBAN,-37.81135968,144.9730462,3000,Dry,Vehicle within intersection,Clear,SPRING,BOURKE,STREET,STREET,Collision,Not Applicable
T20170012382,2017-06-24,20:40:00                      ,Struck Pedestrian,Saturday,PED NEAR SIDE. PED HIT BY VEHICLE FROM THE RIGHT.      ,1B,L,6,Dark Street lights on,1,3,1,01,Pedestrians,Y,Serious injury,30-39,3172.0,M,MELBOURNE,MELBOURNE_CBD,-37.81522738,144.9636114,3000,Dry,Vehicle within intersection,Clear,ELIZABETH,LITTLE COLLINS,STREET,STREET,Collision,Not Applicable