KEYAccidentNumber,DATAccidentDate_accident,TIMAccidentTime_accident,CATAccidentTypeDesc_accident,CATDayOfWeek_accident,CATDCADesc_accident,CATMelwaysPage_accident,CATMelwaysGridRef_X_accident,CATMelwaysGridRef_Y_accident,CATLightConditionDesc_accident,NUMVehiclesInvolved_accident,NUMPersonsInvolved_accident,NUMPersonsInjured_accident,KEYPersonID_person,CATRoadUserTypeDesc_person,CATTakenHospital_person,CATInjuryLevelDesc_person,CATAgeGroup_person,CATPostcode_person,CATGender_person,CATLGAName_node,CATDEGUrbanName_node,NUMLatitude_node,NUMLongitude_node,CATPostcode_node,CATSurfaceConditionDesc_surface,CATSubDCACodeDesc_subdca,CATAtmosphericConditionDesc_atmosphere,CATRoadName_acclocation,CATRoadNameInt_acclocation,CATRoadType_acclocation,CATRoadTypeInt_acclocation,CATEventTypeDesc_accevent,CATObjectTypeDesc_accevent
T20170012382,2017-06-24,20:40:00                      ,Struck Pedestrian,Saturday,PED NEAR SIDE. PED HIT BY VEHICLE FROM THE RIGHT.      ,1B,L,6,Dark Street lights on,1,3,1,02,Pedestrians, ,Not injured,22-25,3172.0,F,MELBOURNE,MELBOURNE_CBD,-37.81522738,144.9636114,3000,Dry,Vehicle within intersection,Clear,ELIZABETH,LITTLE COLLINS,STREET,STREET,Collision,Not Applicable
T20170012571,2017-06-27,14:04:00                      ,Struck Pedestrian,Tuesday,PED EMERGES FROM IN FRONT OF PARKED OR STATIONARY VEHICLE  , , , ,Day,1,2,1,01,Pedestrians,Y,Serious injury,30-39,3083.0,M,MELBOURNE,MELBOURNE_CBD,-37.81204179,144.9630808,3000,Dry,Pedestrian emerged from behind car etc,Clear,LONSDALE,ELIZABETH,STREET,STREET,Collision,Not Applicable
T20170013068,2017-07-05,07:46:00                      ,Struck Pedestrian,Wednesday,PED NEAR SIDE. PED HIT BY VEHICLE FROM THE RIGHT.      , , , ,Day,1,2,0,01,Pedestrians,N,Serious injury,40-49,3756.0,F,MELBOURNE,MELBOURNE_CBD,-37.81889367,144.9547617,3000,Dry,Vehicle going straight through,Clear,COLLINS,SPENCER,STREET,STREET,Collision,Not Applicable
T20170013075,2017-07-05,07:33:00                      ,Struck Pedestrian,Wednesday,FAR SIDE. PED HIT BY VEHICLE FROM THE LEFT         ,1B,N,1,Day,1,2,0,01,Pedestrians,N,Other injury,40-49,,F,MELBOURNE,MELB_URBAN,-37.80959426,144.9638262,3000,Dry,Vehicle within intersection,Clear,LA TROBE,SWANSTON,STREET,STREET,Collision,Not Applicable
T20170013203,2017-07-06,19:04:00                      ,Struck Pedestrian,Thursday,PED NEAR SIDE. PED HIT BY VEHICLE FROM THE RIGHT.      , , , ,Dark Street lights on,1,3,1,01,Pedestrians,N,Other injury,60-64,3337.0,M,MELBOURNE,MELB_URBAN,-37.82469897,144.9567435,3006,Dry,Vehicle going straight through,Clear,CLARENDON,NORMANBY,STREET,ROAD,Collision,Not Applicable
T20170013203,2017-07-06,19:04:00                      ,Struck Pedestrian,Thursday,PED NEAR SIDE. PED HIT BY VEHICLE FROM THE RIGHT.      , , , ,Dark Street lights on,1,3,1,02,Pedestrians,Y,Serious injury,50-59,3337.0,F,MELBOURNE,MELB_URBAN,-37.82469897,144.9567435,3006,Dry,Vehicle going straight through,Clear,CLARENDON,NORMANBY,STREET,ROAD,Collision,Not Applicable
T20170013281,2017-07-06,08:30:00                      ,Struck Pedestrian,Thursday,FAR SIDE. PED HIT BY VEHICLE FROM THE LEFT         ,2B,E,9,Day,1,2,0,01,Pedestrians, ,Other injury,26-29,3053.0,F,MELBOURNE,MELB_URBAN,-37.80249904,144.9636183,3053,Dry,Vehicle entering intersection,Clear,PELHAM,SWANSTON,STREET,STREET,Collision,Not Applicable
T20170013340,2017-07-09,02:48:00                      ,Struck Pedestrian,Sunday,ANY MANOEUVRE INVOLVING PED NOT INCLUDED IN DCAs 100-108.  ,1A,J,4,Dark Street lights on,1,2,1,01,Pedestrians,Y,Serious injury,50-59,3630.0,F,MELBOURNE,MELBOURNE_CBD,-37.81369212,144.9612589,3000,Wet,Not Required,Clear,HARDWARE,LITTLE BOURKE,LANE,STREET,Collision,Not Applicable
T20170013537,2017-06-06,11:00:00                      ,Struck Pedestrian,Tuesday,PED EMERGES FROM IN FRONT OF PARKED OR STATIONARY VEHICLE  ,2L,A,5,Unknown,1,2,0,01,Pedestrians,N,Other injury,17-21,3182.0,M,MELBOURNE,MELB_URBAN,-37.83968924,144.9768033,3004,Unknown,Pedestrian emerged from behind car etc,Not known,ST KILDA,SLATER,ROAD,STREET,Collision,Not Applicable
T20170013761,2017-07-14,14:40:00                      ,Struck Pedestrian,Friday,PED NEAR SIDE. PED HIT BY VEHICLE FROM THE RIGHT.      , , , ,Day,1,2,0,01,Pedestrians, ,Other injury,60-64,3107.0,M,MELBOURNE,MELB_URBAN,-37.80755031,144.9657528,3000,Dry,Not Required,Clear,RUSSELL,MACKENZIE,STREET,STREET,Collision,Not Applicable
T20170014070,2017-07-19,18:55:00                      ,Struck Pedestrian,Wednesday,PED NEAR SIDE. PED HIT BY VEHICLE FROM THE RIGHT.      ,2L,B,8,Dark Street lights on,1,2,0,01,Pedestrians,N,Other injury,30-39,,F,MELBOURNE,MELB_URBAN,-37.84488725,144.9789573,3004,Unknown,Vehicle entering intersection,Not known,COMMERCIAL,ST KILDA FWD,ROAD,ROAD SERVICE ROAD,Collision,Not Applicable
T20170014183,2017-07-21,23:00:00                      ,Struck Pedestrian,Friday,PED NEAR SIDE. PED HIT BY VEHICLE FROM THE RIGHT.      , , , ,Dark Street lights on,1,2,0,01,Pedestrians,N,Other injury,30-39,3122.0,F,MELBOURNE,MELBOURNE_CBD,-37.81508009,144.9663497,3000,Dry,Not Required,Clear,SWANSTON,COLLINS,STREET,STREET,Collision,Not Applicable
T20170014436,2017-07-25,20:40:00                      ,Struck Pedestrian,Tuesday,ANY MANOEUVRE INVOLVING PED NOT INCLUDED IN DCAs 100-108.  , , , ,Dark Street lights on,1,3,1,02,Pedestrians,Y,Serious injury,22-25,3802.0,M,MELBOURNE,MELB_URBAN,-37.8209403,144.9677602,3006,Wet,Not Required,Clear,YARRA BANK,SOUTHGATE,HIGHWAY,AVENUE,Collision,Not Applicable
T20170014469,2017-07-26,12:05:00                      ,Struck Pedestrian,Wednesday,PED EMERGES FROM IN FRONT OF PARKED OR STATIONARY VEHICLE  ,2B,B,8,Day,1,3,1,01,Pedestrians,Y,Serious injury,16-17,3977.0,F,MELBOURNE,MELB_URBAN,-37.79953989,144.9575786,3052,Dry,Pedestrian emerged from behindtram,Clear,ROYAL,ELIZABETH,PARADE,STREET,Collision,Not Applicable
T20170014469,2017-07-26,12:05:00                      ,Struck Pedestrian,Wednesday,PED EMERGES FROM IN FRONT OF PARKED OR STATIONARY VEHICLE  ,2B,B,8,Day,1,3,1,02,Pedestrians, ,Not injured,40-49,3910.0,M,MELBOURNE,MELB_URBAN,-37.79953989,144.9575786,3052,Dry,Pedestrian emerged from behindtram,Clear,ROYAL,ELIZABETH,PARADE,STREET,Collision,Not Applicable
T20170014490,2017-07-26,17:44:00                      ,Struck Pedestrian,Wednesday,PED NEAR SIDE. PED HIT BY VEHICLE FROM THE RIGHT.      ,2L,C,11,Dark Street lights on,1,2,1,02,Pedestrians,Y,Serious injury,50-59,3149.0,M,MELBOURNE,MELB_URBAN,-37.85021929,144.9806426,3004,Wet,Vehicle within intersection,Not known,HIGH,ST KILDA,STREET,ROAD,Collision,Not Applicable
T20170014681,2017-07-29,11:12:00                      ,Struck Pedestrian,Saturday,FAR SIDE. PED HIT BY VEHICLE FROM THE LEFT         ,2B,A,8,Day,1,2,1,01,Pedestrians,Y,Serious injury,70+,,U,MELBOURNE,MELB_URBAN,-37.79951799,144.9557403,3000,Dry,Vehicle going straight through,Clear,GRATTAN,FLEMINGTON REV,STREET,ROAD SERVICE ROAD,Collision,Not Applicable
T20170014769,2017-07-30,18:51:00                      ,Struck Pedestrian,Sunday,PED NEAR SIDE. PED HIT BY VEHICLE FROM THE RIGHT.      ,2A,J,6,Dark Street lights on,1,3,1,02,Pedestrians,Y,Serious injury,40-49,3056.0,M,MELBOURNE,MELB_URBAN,-37.79659639,144.9511968,3051,Dry,Vehicle within intersection,Clear,HARKER,FLEMINGTON,STREET,ROAD,Collision,Not Applicable
T20170014890,2017-08-01,16:30:00                      ,Struck Pedestrian,Tuesday,PED NEAR SIDE. PED HIT BY VEHICLE FROM THE RIGHT.      , , , ,Day,2,3,0,02,Pedestrians,N,Other injury,30-39,3066.0,M,MELBOURNE,MELB_URBAN,-37.78942021,144.968872,3054,Dry,Pedestrian stepped off safety zone/tram shelter,Clear,LYGON,NEWRY,STREET,STREET,Collision,Not Applicable
T20170014938,2017-08-02,14:30:00                      ,Collision with vehicle,Wednesday,REAR END(VEHICLES IN SAME LANE)               ,1A,B,5,Day,2,5,1,01,Pedestrians,Y,Serious injury,26-29,3000.0,F,MELBOURNE,MELBOURNE_CBD,-37.81684786,144.954099,3000,Dry,Mid-block,Clear,BOURKE,GODFREY,STREET,STREET,Collision,Not Applicable
T20170014938,2017-08-02,14:30:00                      ,Collision with vehicle,Wednesday,REAR END(VEHICLES IN SAME LANE)               ,1A,B,5,Day,2,5,1,02,Pedestrians,N,Other injury,0-4,3000.0,F,MELBOURNE,MELBOURNE_CBD,-37.81684786,144.954099,3000,Dry,Mid-block,Clear,BOURKE,GODFREY,STREET,STREET,Collision,Not Applicable
T20170014938,2017-08-02,14:30:00                      ,Collision with vehicle,Wednesday,REAR END(VEHICLES IN SAME LANE)               ,1A,B,5,Day,2,5,1,03,Pedestrians,N,Other injury,30-39,3000.0,M,MELBOURNE,MELBOURNE_CBD,-37.81684786,144.954099,3000,Dry,Mid-block,Clear,BOURKE,GODFREY,STREET,STREET,Collision,Not Applicable
T20170014982,2017-07-28,19:57:00                      ,Struck Pedestrian,Friday,PED NEAR SIDE. PED HIT BY VEHICLE FROM THE RIGHT.      ,2G,F,5,Dark Street lights on,1,2,1,01,Pedestrians,Y,Serious injury,70+,3123.0,M,MELBOURNE,MELB_URBAN,-37.81675989,144.9877722,3002,Dry,Vehicle within intersection,Clear,WELLINGTON,VALE,PARADE,STREET,Collision,Not Applicable
T20170015014,2017-08-03,18:18:00                      ,Struck Pedestrian,Thursday,PED NEAR SIDE. PED HIT BY VEHICLE FROM THE RIGHT.      ,1B,N,10,Dark Street lights on,2,3,1,01,Pedestrians,Y,Serious injury,40-49,3141.0,M,MELBOURNE,MELB_URBAN,-37.81745307,144.967438,3000,Wet,Vehicle within intersection,Raining,FLINDERS,SWANSTON,STREET,STREET,Collision,Not Applicable
T20170015040,2017-08-03,18:00:00                      ,Struck Pedestrian,Thursday,FAR SIDE. PED HIT BY VEHICLE FROM THE LEFT         ,1B,L,3,Unknown,1,2,1,01,Pedestrians,Y,Serious injury,16-17,,F,MELBOURNE,MELBOURNE_CBD,-37.81228152,144.9622574,3000,Unknown,Vehicle within intersection,Not known,ELIZABETH,LONSDALE,STREET,STREET,Collision,Not Applicable
T20170015121,2017-08-04,09:30:00                      ,Struck Pedestrian,Friday,PED NEAR SIDE. PED HIT BY VEHICLE FROM THE RIGHT.      , , , ,Day,1,2,1,01,Pedestrians,Y,Serious injury,50-59,3040.0,F,MELBOURNE,MELBOURNE_CBD,-37.81743981,144.9559399,3000,Dry,Vehicle reversing,Clear,LITTLE COLLINS,KING,STREET,STREET,Collision,Not Applicable
T20170015127,2017-08-05,03:30:00                      ,Struck Pedestrian,Saturday,ANY MANOEUVRE INVOLVING PED NOT INCLUDED IN DCAs 100-108.  ,1A,H,6,Unknown,1,2,0,01,Pedestrians, ,Other injury,17-21,3074.0,M,MELBOURNE,MELBOURNE_CBD,-37.81594418,144.9611309,3000,Dry,Not Required,Not known,LITTLE COLLINS,QUEEN,STREET,STREET,Collision,Not Applicable
T20170015310,2017-08-07,20:54:00                      ,Struck Pedestrian,Monday,PED NEAR SIDE. PED HIT BY VEHICLE FROM THE RIGHT.      ,2T,K,1,Dark Street lights on,1,2,0,01,Pedestrians,N,Other injury,40-49,3031.0,F,MELBOURNE,MELB_URBAN,-37.78815849,144.9294826,3031,Wet,Vehicle within intersection,Clear,RACECOURSE,EASTWOOD,ROAD,STREET,Collision,Not Applicable
T20170015315,2017-08-07,22:50:00                      ,Struck Pedestrian,Monday,PED NEAR SIDE. PED HIT BY VEHICLE FROM THE RIGHT.      ,2E,K,1,Dark Street lights on,1,5,0,02,Pedestrians,N,Other injury,22-25,,F,MELBOURNE,MELB_URBAN,-37.80923867,144.9523651,3003,Dry,Vehicle within intersection,Clear,DUDLEY,KING,STREET,STREET,Collision,Not Applicable
T20170015315,2017-08-07,22:50:00                      ,Struck Pedestrian,Monday,PED NEAR SIDE. PED HIT BY VEHICLE FROM THE RIGHT.      ,2E,K,1,Dark Street lights on,1,5,0,03,Pedestrians, ,Not injured,22-25,,U,MELBOURNE,MELB_URBAN,-37.80923867,144.9523651,3003,Dry,Vehicle within intersection,Clear,DUDLEY,KING,STREET,STREET,Collision,Not Applicable
T20170015315,2017-08-07,22:50:00                      ,Struck Pedestrian,Monday,PED NEAR SIDE. PED HIT BY VEHICLE FROM THE RIGHT.      ,2E,K,1,Dark Street lights on,1,5,0,04,Pedestrians, ,Not injured,22-25,,M,MELBOURNE,MELB_URBAN,-37.80923867,144.9523651,3003,Dry,Vehicle within intersection,Clear,DUDLEY,KING,STREET,STREET,Collision,Not Applicable
T20170015369,2017-08-02,09:45:00                      ,Struck Pedestrian,Wednesday,ANY MANOEUVRE INVOLVING PED NOT INCLUDED IN DCAs 100-108.  ,1A,F,1,Day,1,2,0,01,Pedestrians, ,Other injury,50-59,3166.0,M,MELBOURNE,MELBOURNE_CBD,-37.8117548,144.9564464,3000,Unknown,Not Required,Not known,LA TROBE,WILLIAM,STREET,STREET,Collision,Not Applicable
T20170015401,2017-08-09,12:00:00                      ,Struck Pedestrian,Wednesday,PED ON FOOTHPATH STRUCK BY VEHENTERING/LEAVING DRIVEWAY.  ,2L,B,10,Day,1,3,0,02,Pedestrians,N,Other injury,70+,3004.0,M,MELBOURNE,MELB_URBAN,-37.84747689,144.9798984,3004,Dry,Paved footpath,Clear,,,,,Collision,Not Applicable
T20170015449,2017-08-09,08:00:00                      ,Struck Pedestrian,Wednesday,PED NEAR SIDE. PED HIT BY VEHICLE FROM THE RIGHT.      , , , ,Day,1,2,1,01,Pedestrians,Y,Serious injury,22-25,3800.0,F,MELBOURNE,MELB_URBAN,-37.79650025,144.938662,3051,Dry,Vehicle going straight through,Clear,BOUNDARY,STEEL,ROAD,STREET,Collision,Not Applicable
T20170015471,2017-08-09,21:40:00                      ,Struck Pedestrian,Wednesday,FAR SIDE. PED HIT BY VEHICLE FROM THE LEFT         ,1A,C,10,Dark Street lights on,1,2,1,01,Pedestrians,Y,Serious injury,22-25,,F,MELBOURNE,MELB_URBAN,-37.82061011,144.9567524,3000,Dry,Vehicle entering intersection,Clear,FLINDERS,GEM,STREET,PLACE,Collision,Not Applicable
T20170015731,2017-08-14,10:15:00                      ,Struck Pedestrian,Monday,PED NEAR SIDE. PED HIT BY VEHICLE FROM THE RIGHT.      ,1A,A,10,Day,1,2,1,01,Pedestrians,Y,Serious injury,22-25,3000.0,M,MELBOURNE,MELB_URBAN,-37.82117423,144.9551104,3008,Dry,Vehicle within intersection,Not known,SPENCER,FLINDERS,STREET,STREET,Collision,Not Applicable
T20170015882,2017-08-16,16:00:00                      ,Collision with a fixed object,Wednesday,PARKED CAR RUN AWAY                     ,2B,J,7,Day,1,1,1,02,Pedestrians,Y,Serious injury,60-64,3048.0,F,MELBOURNE,MELB_URBAN,-37.79894071,144.9731665,3053,Dry,Not Required,Clear,BARKLY,FARADAY,STREET,STREET,Ran off carriageway,Not Applicable
T20170015935,2017-08-17,10:30:00                      ,Struck Pedestrian,Thursday,PED NEAR SIDE. PED HIT BY VEHICLE FROM THE RIGHT.      ,2A,D,2,Day,1,2,1,01,Pedestrians,Y,Serious injury,26-29,,F,MELBOURNE,MELB_URBAN,-37.78917508,144.940026,3051,Dry,Vehicle within intersection,Clear,RACECOURSE,BOUNDARY,ROAD,ROAD,Collision,Not Applicable
T20170016154,2017-08-18,22:00:00                      ,Struck Pedestrian,Friday,FAR SIDE. PED HIT BY VEHICLE FROM THE LEFT         ,2L,F,1,Dark Street lights on,1,2,0,01,Pedestrians,N,Other injury,26-29,3182.0,M,MELBOURNE,MELB_URBAN,-37.83191031,144.9878224,3141,Wet,Vehicle going straight through,Raining,PUNT,DOBSON,ROAD,STREET,Collision,Not Applicable
T20170016156,2017-08-21,06:30:00                      ,Struck Pedestrian,Monday,FAR SIDE. PED HIT BY VEHICLE FROM THE LEFT         ,1A,C,1,Dark Street lights on,1,3,0,01,Pedestrians,N,Serious injury,30-39,3130.0,U,MELBOURNE,MELBOURNE_CBD,-37.81246624,144.9539214,3000,Dry,Vehicle entering intersection,Clear,KING,LA TROBE,STREET,STREET,Collision,Not Applicable
T20170016423,2017-08-24,18:54:00                      ,Struck Pedestrian,Thursday,ANY MANOEUVRE INVOLVING PED NOT INCLUDED IN DCAs 100-108.  ,1B,N,10,Dark Street lights on,1,2,0,02,Pedestrians,N,Other injury,40-49,2546.0,M,MELBOURNE,MELB_URBAN,-37.81745307,144.967438,3000,Dry,Not Required,Clear,FLINDERS,SWANSTON,STREET,STREET,Collision,Not Applicable
T20170016486,2017-08-25,22:25:00                      ,Struck Pedestrian,Friday,ANY MANOEUVRE INVOLVING PED NOT INCLUDED IN DCAs 100-108.  ,1B,P,4,Dark Street lights on,1,2,0,01,Pedestrians, ,Other injury,30-39,3141.0,F,MELBOURNE,MELBOURNE_CBD,-37.81221919,144.9662981,3000,Dry,Not Required,Clear,LITTLE BOURKE,LATROBE,STREET,PLACE,Collision,Not Applicable
T20170016998,2017-09-03,15:21:00                      ,Struck Pedestrian,Sunday,PED EMERGES FROM IN FRONT OF PARKED OR STATIONARY VEHICLE  ,2F,B,2,Day,1,2,0,01,Pedestrians,N,Other injury,unknown,3000.0,F,MELBOURNE,MELB_URBAN,-37.81054873,144.9563794,3000,Dry,Pedestrian emerged from behind car etc,Clear,ABECKETT,WILLIAM,STREET,STREET,Collision,Not Applicable
T20170017292,2017-09-08,07:00:00                      ,Struck Pedestrian,Friday,FAR SIDE. PED HIT BY VEHICLE FROM THE LEFT         ,2L,A,6,Day,1,2,0,01,Pedestrians,N,Other injury,30-39,3977.0,F,MELBOURNE,MELB_URBAN,-37.84134322,144.9774063,3004,Dry,Vehicle leaving intersection,Clear,ST KILDA,LEOPOLD,ROAD,STREET,Collision,Not Applicable
T20170017392,2017-09-09,14:33:00                      ,Struck Pedestrian,Saturday,PARKED CAR RUN AWAY                     ,1B,M,1,Day,1,1,0,01,Pedestrians,N,Other injury,22-25,3030.0,F,MELBOURNE,MELBOURNE_CBD,-37.81058707,144.9635823,3000,Dry,Not Required,Clear,KNOX,KNOX,LANE,PLACE,Collision,Not Applicable
T20170017887,2017-09-17,15:10:00                      ,Struck Pedestrian,Sunday,PED NEAR SIDE. PED HIT BY VEHICLE FROM THE RIGHT.      ,29,G,11,Day,1,2,0,01,Pedestrians,N,Other injury,5-12,3061.0,F,MELBOURNE,MELB_URBAN,-37.78291773,144.959809,3054,Dry,Vehicle going straight through,Clear,ROYAL,,PARADE,,Collision,Not Applicable
T20170018159,2017-09-21,21:31:00                      ,Struck Pedestrian,Thursday,PED NEAR SIDE. PED HIT BY VEHICLE FROM THE RIGHT.      ,43,E,8,Dark Street lights on,1,2,1,01,Pedestrians,Y,Serious injury,17-21,3084.0,M,MELBOURNE,MELB_URBAN,-37.81306636,144.9513879,3003,Dry,Not Required,Clear,SPENCER,LA TROBE,STREET,STREET,Collision,Not Applicable
T20170018469,2017-09-27,09:15:00                      ,Struck Pedestrian,Wednesday,PED NEAR SIDE. PED HIT BY VEHICLE FROM THE RIGHT.      ,43,G,5,Day,1,2,1,01,Pedestrians,Y,Serious injury,17-21,3051.0,F,MELBOURNE,MELB_URBAN,-37.80411095,144.9585017,3000,Dry,Vehicle leaving intersection,Clear,ELIZABETH,QUEENSBERRY,STREET,STREET,Collision,Not Applicable
T20170018652,2017-09-30,01:35:00                      ,Struck Pedestrian,Saturday,PED EMERGES FROM IN FRONT OF PARKED OR STATIONARY VEHICLE  ,1B,N,3,Dark Street lights on,1,2,1,01,Pedestrians,Y,Serious injury,26-29,,M,MELBOURNE,MELBOURNE_CBD,-37.81167837,144.9643292,3000,Dry,Vehicle going straight through,Clear,LONSDALE,CALEDONIAN,STREET,LANE,Collision,Not Applicable
T20170018693,2017-09-30,22:45:00                      ,Struck Pedestrian,Saturday,PED NEAR SIDE. PED HIT BY VEHICLE FROM THE RIGHT.      ,2G,B,9,Dark Street lights unknown,1,2,0,02,Pedestrians,N,Other injury,13-15,,F,MELBOURNE,MELB_URBAN,-37.82350072,144.9802799,3004,Dry,Vehicle going straight through,Clear,SWAN,OLYMPIC,STREET,BOULEVARD,Collision,Not Applicable
T20170018902,2017-10-04,11:18:00                      ,Struck Pedestrian,Wednesday,PED NEAR SIDE. PED HIT BY VEHICLE FROM THE RIGHT.      ,1B,L,4,Day,1,2,0,01,Pedestrians,Y,Other injury,30-39,3000.0,F,MELBOURNE,MELBOURNE_CBD,-37.81326853,144.9627082,3000,Dry,Vehicle leaving intersection,Clear,ELIZABETH,LITTLE BOURKE,STREET,STREET,Collision,Not Applicable
T20170018936,2017-10-04,23:35:00                      ,Struck Pedestrian,Wednesday,FAR SIDE. PED HIT BY VEHICLE FROM THE LEFT         ,2B,F,12,Dark Street lights on,1,2,1,01,Pedestrians,Y,Serious injury,22-25,,U,MELBOURNE,MELB_URBAN,-37.80697362,144.9658525,3000,Dry,Vehicle within intersection,Clear,VICTORIA,LYGON,STREET,STREET,Collision,Not Applicable
T20170019633,2017-10-14,22:43:00                      ,Struck Pedestrian,Saturday,PED NEAR SIDE. PED HIT BY VEHICLE FROM THE RIGHT.      ,2A,H,12,Dark Street lights unknown,1,2,0,01,Pedestrians,N,Other injury,30-39,3198.0,M,MELBOURNE,MELB_URBAN,-37.80772633,144.9478961,3003,Dry,Vehicle entering intersection,Clear,SPENCER,RODEN,STREET,STREET,Collision,Not Applicable
T20170019881,2017-10-18,16:48:00                      ,Struck Pedestrian,Wednesday,PED EMERGES FROM IN FRONT OF PARKED OR STATIONARY VEHICLE  ,1A,H,4,Day,1,2,0,01,Pedestrians, ,Fatality,70+,3104.0,M,MELBOURNE,MELBOURNE_CBD,-37.8144213,144.9604355,3000,Dry,Pedestrian stepped off median strip,Clear,QUEEN,LITTLE BOURKE,STREET,STREET,Collision,Not Applicable
T20170019917,2017-10-19,11:45:00                      ,Struck Pedestrian,Thursday,PED ON FOOTHPATH STRUCK BY VEHENTERING/LEAVING DRIVEWAY.  ,2A,E,3,Day,1,2,0,01,Pedestrians,N,Other injury,64-69,,M,MELBOURNE,MELB_URBAN,-37.7912495,144.9424551,3051,Dry,Paved footpath,Clear,MELROSE,LITTLE CURRAN,STREET,STREET,Collision,Not Applicable
T20170019940,2017-10-07,16:15:00                      ,Struck Pedestrian,Saturday,FAR SIDE. PED HIT BY VEHICLE FROM THE LEFT         ,2B,H,6,Day,1,3,0,02,Pedestrians,N,Other injury,22-25,3066.0,F,MELBOURNE,MELB_URBAN,-37.79748147,144.9704876,3053,Dry,Vehicle within intersection,Clear,ELGIN,RATHDOWNE,STREET,STREET,Collision,Not Applicable
T20170019984,2017-10-20,09:30:00                      ,Struck Pedestrian,Friday,PED NEAR SIDE. PED HIT BY VEHICLE FROM THE RIGHT.      ,1A,F,10,Day,1,2,2,01,Pedestrians,Y,Serious injury,26-29,3058.0,F,MELBOURNE,MELBOURNE_CBD,-37.8196135,144.9600172,3000,Dry,Vehicle entering intersection,Clear,FLINDERS,WILLIAM,STREET,STREET,Collision,Not Applicable
T20170020030,2017-10-20,18:00:00                      ,Struck Pedestrian,Friday,FAR SIDE. PED HIT BY VEHICLE FROM THE LEFT         ,1D,V,1,Day,1,2,1,01,Pedestrians,Y,Serious injury,30-39,3012.0,F,MELBOURNE,MELB_URBAN,-37.81802912,144.967703,3000,Dry,Vehicle going straight through,Clear,SWANSTON,FLINDERS,STREET,STREET,Collision,Not Applicable
T20170020172,2017-10-22,18:10:00                      ,Struck Pedestrian,Sunday,PED EMERGES FROM IN FRONT OF PARKED OR STATIONARY VEHICLE  ,2B,B,9,Day,1,2,1,01,Pedestrians,Y,Serious injury,17-21,3820.0,M,MELBOURNE,MELB_URBAN,-37.80171887,144.9574033,3000,Dry,Vehicle going straight through,Clear,ELIZABETH,ELIZABETH REV,STREET,STREET SERVICE ROAD,Collision,Not Applicable
T20170020211,2017-10-23,09:54:00                      ,Struck Pedestrian,Monday,FAR SIDE. PED HIT BY VEHICLE FROM THE LEFT         ,2L,A,5,Day,1,2,0,01,Pedestrians,N,Other injury,22-25,,F,MELBOURNE,MELB_URBAN,-37.83907987,144.9765811,3004,Dry,Vehicle entering intersection,Clear,ST KILDA,SLATER,ROAD,STREET,Collision,Not Applicable
T20170020317,2017-10-24,19:25:00                      ,Struck Pedestrian,Tuesday,PED NEAR SIDE. PED HIT BY VEHICLE FROM THE RIGHT.      ,1B,L,8,Dusk/Dawn,1,2,0,01,Pedestrians,N,Serious injury,40-49,3207.0,F,MELBOURNE,MELBOURNE_CBD,-37.81667956,144.9642815,3000,Wet,Vehicle reversing,Raining,ELIZABETH,COLLINS,STREET,STREET,Collision,Not Applicable
T20170020558,2017-10-28,02:20:00                      ,Struck Pedestrian,Saturday,PED NEAR SIDE. PED HIT BY VEHICLE FROM THE RIGHT.      ,1A,G,1,Dark Street lights on,1,3,1,02,Pedestrians,Y,Serious injury,30-39,3000.0,F,MELBOURNE,MELB_URBAN,-37.81139703,144.9576686,3000,Dry,Vehicle going straight through,Clear,LA TROBE,WILLS,STREET,STREET,Collision,Not Applicable
T20170020595,2017-10-28,14:25:00                      ,Struck Pedestrian,Saturday,FAR SIDE. PED HIT BY VEHICLE FROM THE LEFT         ,2A,D,2,Day,1,2,1,01,Pedestrians,Y,Serious injury,17-21,,F,MELBOURNE,MELB_URBAN,-37.78917508,144.940026,3051,Dry,Vehicle entering intersection,Clear,RACECOURSE,BOUNDARY,ROAD,ROAD,Collision,Not Applicable
T20170020609,2017-10-29,01:20:00                      ,Struck Pedestrian,Sunday,FAR SIDE. PED HIT BY VEHICLE FROM THE LEFT         ,1A,C,6,Dark Street lights on,1,2,0,01,Pedestrians,Y,Serious injury,30-39,3021.0,M,MELBOURNE,MELBOURNE_CBD,-37.81736977,144.9561775,3000,Dry,Vehicle leaving intersection,Clear,KING,LITTLE COLLINS,STREET,STREET,Collision,Not Applicable