KEYAccidentNumber,DATAccidentDate_accident,TIMAccidentTime_accident,CATAccidentTypeDesc_accident,CATDayOfWeek_accident,CATDCADesc_accident,CATMelwaysPage_accident,CATMelwaysGridRef_X_accident,CATMelwaysGridRef_Y_accident,CATLightConditionDesc_accident,NUMVehiclesInvolved_accident,NUMPersonsInvolved_accident,NUMPersonsInjured_accident,KEYPersonID_person,CATRoadUserTypeDesc_person,CATTakenHospital_person,CATInjuryLevelDesc_person,CATAgeGroup_person,CATPostcode_person,CATGender_person,CATLGAName_node,CATDEGUrbanName_node,NUMLatitude_node,NUMLongitude_node,CATPostcode_node,CATSurfaceConditionDesc_surface,CATSubDCACodeDesc_subdca,CATAtmosphericConditionDesc_atmosphere,CATRoadName_acclocation,CATRoadNameInt_acclocation,CATRoadType_acclocation,CATRoadTypeInt_acclocation,CATEventTypeDesc_accevent,CATObjectTypeDesc_accevent
T20170020889,2017-10-31,22:13:00                      ,Struck Pedestrian,Tuesday,PED NEAR SIDE. PED HIT BY VEHICLE FROM THE RIGHT.      ,2G,G,5,Dark Street lights on,1,2,1,01,Pedestrians,Y,Serious injury,26-29,3121.0,F,MELBOURNE,MELB_URBAN,-37.81687563,144.9900946,3002,Wet,Vehicle within intersection,Clear,HODDLE,WELLINGTON,STREET,PARADE,Collision,Not Applicable
T20170021012,2017-10-30,17:40:00                      ,Vehicle overturned (no collision),Monday,OUT OF CONTROL ON CARRIAGEWAY (ON STRAIGHT)         ,1A,D,9,Day,1,2,0,01,Pedestrians, ,Not injured,unknown,,U,MELBOURNE,MELBOURNE_CBD,-37.8191838,144.957815,3000,Wet,Not Required,Raining,FLINDERS,HIGHLANDER,LANE,LANE,Rollover on/off carriageway,Not Applicable
T20170021082,2017-11-04,21:40:00                      ,Struck Pedestrian,Saturday,FAR SIDE. PED HIT BY VEHICLE FROM THE LEFT         ,2G,F,8,Dark Street lights on,1,2,1,01,Pedestrians,Y,Serious injury,30-39,3004.0,M,MELBOURNE,MELB_URBAN,-37.82291022,144.9891321,3002,Dry,Vehicle going straight through,Clear,PUNT,TANNER,ROAD,STREET,Collision,Not Applicable
T20170021094,2017-11-05,12:05:00                      ,Struck Pedestrian,Sunday,PED EMERGES FROM IN FRONT OF PARKED OR STATIONARY VEHICLE  ,2E,K,1,Day,1,3,1,02,Pedestrians,Y,Serious injury,60-64,,M,MELBOURNE,MELB_URBAN,-37.80903124,144.9530906,3003,Dry,Vehicle going straight through,Clear,DUDLEY,KING,STREET,STREET,Collision,Not Applicable
T20170021191,2017-11-06,22:52:00                      ,Struck Pedestrian,Monday,FAR SIDE. PED HIT BY VEHICLE FROM THE LEFT         ,2E,K,1,Dark Street lights on,1,2,0,01,Pedestrians,N,Other injury,50-59,,F,MELBOURNE,MELB_URBAN,-37.80923867,144.9523651,3003,Dry,Vehicle within intersection,Clear,DUDLEY,KING,STREET,STREET,Collision,Not Applicable
T20170021206,2017-11-07,08:12:00                      ,Struck Pedestrian,Tuesday,VEH STRIKES PED ON FOOTPATH/MEDIAN/TRAFFIC ISLAND.,1C,G,6,Day,1,3,0,01,Pedestrians, ,Other injury,70+,2806.0,U,MELBOURNE,MELB_URBAN,-37.82618026,144.9562803,3006,Dry,Vehicle moving foward - under control,Clear,WHITEMAN,CLARENDON,STREET,STREET,Collision,Not Applicable
T20170021467,2017-11-08,22:30:00                      ,Struck Pedestrian,Wednesday,ANY MANOEUVRE INVOLVING PED NOT INCLUDED IN DCAs 100-108.  ,1B,P,10,Dark Street lights on,1,2,0,01,Pedestrians, ,Other injury,70+,3000.0,F,MELBOURNE,MELB_URBAN,-37.81710026,144.9686501,3000,Dry,Not Required,Not known,FLINDERS,CHAPTER HOUSE,STREET,LANE,Collision,Not Applicable
T20170021576,2017-11-12,18:59:00                      ,Struck Pedestrian,Sunday,PED NEAR SIDE. PED HIT BY VEHICLE FROM THE RIGHT.      ,2B,G,6,Day,1,2,1,01,Pedestrians,Y,Serious injury,50-59,3073.0,M,MELBOURNE,MELB_URBAN,-37.79715948,144.9675577,3053,Dry,Vehicle within intersection,Clear,ELGIN,LYGON,STREET,STREET,Collision,Not Applicable
T20170021637,2017-11-12,21:00:00                      ,Struck Pedestrian,Sunday,PED NEAR SIDE. PED HIT BY VEHICLE FROM THE RIGHT.      ,1B,Q,1,Dark Street lights on,1,2,0,01,Pedestrians,N,Other injury,22-25,3000.0,F,MELBOURNE,MELB_URBAN,-37.80888168,144.9663039,3000,Dry,Vehicle within intersection,Clear,LA TROBE,RUSSELL,STREET,STREET,Collision,Not Applicable
T20170021663,2017-11-14,08:15:00                      ,Struck Pedestrian,Tuesday,PED NEAR SIDE. PED HIT BY VEHICLE FROM THE RIGHT.      ,1B,L,3,Unknown,1,2,0,01,Pedestrians, ,Not injured,unknown,,U,MELBOURNE,MELBOURNE_CBD,-37.81228152,144.9622574,3000,Dry,Vehicle entering intersection,Not known,ELIZABETH,LONSDALE,STREET,STREET,Collision,Not Applicable
T20170022285,2017-11-22,11:55:00                      ,Struck Pedestrian,Wednesday,PED NEAR SIDE. PED HIT BY VEHICLE FROM THE RIGHT.      ,2E,C,2,Day,1,2,1,01,Pedestrians,Y,Serious injury,50-59,,F,MELBOURNE,MELB_URBAN,-37.81152971,144.9380701,3008,Dry,Vehicle going straight through,Clear,OBSERVATION,WATERFRONT,DRIVE,WAY,Collision,Not Applicable
T20170022769,2017-11-28,16:40:00                      ,Struck Pedestrian,Tuesday,PED NEAR SIDE. PED HIT BY VEHICLE FROM THE RIGHT.      ,1B,L,1,Day,1,2,0,01,Pedestrians,N,Other injury,17-21,,M,MELBOURNE,MELBOURNE_CBD,-37.81031669,144.9613588,3000,Dry,Vehicle within intersection,Clear,ELIZABETH,LA TROBE,STREET,STREET,Collision,Not Applicable
T20170022874,2017-11-29,12:40:00                      ,Struck Pedestrian,Wednesday,PED NEAR SIDE. PED HIT BY VEHICLE FROM THE RIGHT.      ,2A,E,9,Day,1,2,0,01,Pedestrians, ,Other injury,26-29,3051.0,F,MELBOURNE,MELB_URBAN,-37.80226557,144.9424921,3051,Dry,Vehicle entering intersection,Clear,MUNSTER,QUEENSBERRY,TERRACE,STREET,Collision,Not Applicable
T20170023033,2017-12-02,00:58:00                      ,Struck Pedestrian,Saturday,PED NEAR SIDE. PED HIT BY VEHICLE FROM THE RIGHT.      ,1C,H,8,Dark Street lights on,1,2,0,01,Pedestrians,N,Other injury,40-49,3121.0,M,MELBOURNE,MELB_URBAN,-37.82764335,144.9580985,3006,Dry,Vehicle within intersection,Raining,CLARENDON,CITY,STREET,ROAD,Collision,Not Applicable
T20170023084,2017-12-02,22:50:00                      ,Struck Pedestrian,Saturday,PED NEAR SIDE. PED HIT BY VEHICLE FROM THE RIGHT.      ,1B,P,3,Dark Street lights on,1,3,1,02,Pedestrians,Y,Serious injury,22-25,,F,MELBOURNE,MELBOURNE_CBD,-37.81118656,144.9660184,3000,Wet,Vehicle going straight through,Raining,LONSDALE,CONSTANCE STONE,STREET,LANE,Collision,Not Applicable
T20170023101,2017-11-30,15:19:00                      ,Struck Pedestrian,Thursday,FAR SIDE. PED HIT BY VEHICLE FROM THE LEFT         ,1A,D,3,Day,1,2,0,01,Pedestrians,N,Other injury,17-21,3037.0,M,MELBOURNE,MELBOURNE_CBD,-37.81414053,144.955824,3000,Dry,Vehicle within intersection,Clear,CROMBIE,LONSDALE,LANE,STREET,Collision,Not Applicable
T20170023145,2017-12-04,00:40:00                      ,Struck Pedestrian,Monday,FAR SIDE. PED HIT BY VEHICLE FROM THE LEFT         ,28,G,11,Dark Street lights on,1,2,0,01,Pedestrians,N,Other injury,26-29,,U,MELBOURNE,MELB_URBAN,-37.78188934,144.9159811,3031,Dry,Vehicle entering intersection,Clear,EPSOM,ASCOT,ROAD,STREET,Collision,Not Applicable
T20170023574,2017-12-07,19:45:00                      ,Struck Pedestrian,Thursday,PED NEAR SIDE. PED HIT BY VEHICLE FROM THE RIGHT.      ,2A,H,11,Dark Street lights unknown,1,2,0,01,Pedestrians, ,Other injury,22-25,,F,MELBOURNE,MELB_URBAN,-37.80498418,144.9477745,3003,Wet,Vehicle within intersection,Raining,CURZON,KING,STREET,STREET,Collision,Not Applicable
T20170024590,2017-12-23,11:05:00                      ,Struck Pedestrian,Saturday,PED NEAR SIDE. PED HIT BY VEHICLE FROM THE RIGHT.      ,1A,H,6,Unknown,1,3,0,02,Pedestrians, ,Other injury,26-29,3170.0,F,MELBOURNE,MELBOURNE_CBD,-37.81537916,144.9608729,3000,Unknown,Vehicle going straight through,Clear,QUEEN,BOURKE,STREET,STREET,Collision,Not Applicable
T20180000097,2018-01-02,15:23:00                      ,Struck Pedestrian,Tuesday,FAR SIDE. PED HIT BY VEHICLE FROM THE LEFT         ,1C,J,7,Day,1,2,1,01,Pedestrians,Y,Serious injury,60-64,,F,MELBOURNE,MELB_URBAN,-37.8267821,144.9591131,3006,Dry,Vehicle entering intersection,Clear,CITY,CLARKE,ROAD,STREET,Collision,Not Applicable
T20180000292,2018-01-05,17:05:00                      ,Struck Pedestrian,Friday,PED STRUCK WALKING TO/FROM OR BOARDING/ALIGHTING VEHICLE.  ,2B,B,5,Day,1,4,0,02,Pedestrians, ,Not injured,40-49,3052.0,M,MELBOURNE,MELB_URBAN,-37.79576031,144.958044,3052,Dry,Pedestrian emerged from behindtram,Clear,ROYAL,MORRAH,PARADE,STREET,Collision,Not Applicable
T20180000292,2018-01-05,17:05:00                      ,Struck Pedestrian,Friday,PED STRUCK WALKING TO/FROM OR BOARDING/ALIGHTING VEHICLE.  ,2B,B,5,Day,1,4,0,03,Pedestrians, ,Other injury,26-29,3051.0,F,MELBOURNE,MELB_URBAN,-37.79576031,144.958044,3052,Dry,Pedestrian emerged from behindtram,Clear,ROYAL,MORRAH,PARADE,STREET,Collision,Not Applicable
T20180000572,2018-01-10,19:49:00                      ,Struck Pedestrian,Wednesday,FAR SIDE. PED HIT BY VEHICLE FROM THE LEFT         ,1B,L,9,Dusk/Dawn,1,2,1,01,Pedestrians,Y,Serious injury,50-59,3037.0,F,MELBOURNE,MELBOURNE_CBD,-37.81719807,144.9645208,3000,Dry,Vehicle within intersection,Not known,ELIZABETH,FLINDERS,STREET,LANE,Collision,Not Applicable
T20180000630,2018-01-11,16:10:00                      ,Struck Pedestrian,Thursday,FAR SIDE. PED HIT BY VEHICLE FROM THE LEFT         ,1C,K,4,Day,1,3,0,01,Pedestrians, ,Other injury,40-49,2199.0,F,MELBOURNE,MELB_URBAN,-37.8240259,144.9587223,3006,Dry,Vehicle within intersection,Clear,WHITEMAN,KINGS,STREET,WAY,Collision,Not Applicable
T20180000630,2018-01-11,16:10:00                      ,Struck Pedestrian,Thursday,FAR SIDE. PED HIT BY VEHICLE FROM THE LEFT         ,1C,K,4,Day,1,3,0,02,Pedestrians, ,Other injury,17-21,2199.0,F,MELBOURNE,MELB_URBAN,-37.8240259,144.9587223,3006,Dry,Vehicle within intersection,Clear,WHITEMAN,KINGS,STREET,WAY,Collision,Not Applicable
T20180000644,2018-01-11,07:10:00                      ,Struck Pedestrian,Thursday,PED EMERGES FROM IN FRONT OF PARKED OR STATIONARY VEHICLE  ,1B,M,10,Day,1,2,0,01,Pedestrians,N,Other injury,50-59,3083.0,M,MELBOURNE,MELBOURNE_CBD,-37.81786173,144.9660339,3000,Dry,Vehicle within intersection,Clear,DEGRAVES,FLINDERS,STREET,STREET,Collision,Not Applicable
T20180000678,2018-01-12,11:41:00                      ,Struck Pedestrian,Friday,PED NEAR SIDE. PED HIT BY VEHICLE FROM THE RIGHT.      ,1B,N,10,Day,1,2,0,01,Pedestrians,Y,Other injury,70+,,F,MELBOURNE,MELB_URBAN,-37.81757161,144.9670307,3000,Dry,Vehicle going straight through,Clear,FLINDERS,SWANSTON,STREET,STREET,Collision,Not Applicable
T20180000710,2018-01-12,16:45:00                      ,Struck Pedestrian,Friday,PED NEAR SIDE. PED HIT BY VEHICLE FROM THE RIGHT.      ,2B,C,12,Day,1,2,0,02,Pedestrians,N,Other injury,26-29,,F,MELBOURNE,MELB_URBAN,-37.80711332,144.9598837,3000,Wet,Vehicle entering intersection,Raining,ELIZABETH,THERRY,STREET,STREET,Collision,Not Applicable
T20180000780,2018-01-13,19:00:00                      ,Fall from or in moving vehicle,Saturday,FELL IN/FROM VEHICLE                    ,1B,N,5,Day,1,2,0,03,Pedestrians,N,Other injury,70+,3170.0,M,MELBOURNE,MELBOURNE_CBD,-37.81330944,144.9655319,3000,Wet,Fell from vehicle,Raining,SWANSTON,TURNER,STREET,ALLEY,Fell from vehicle,Not Applicable
T20180000785,2018-01-13,22:45:00                      ,Struck Pedestrian,Saturday,PED NEAR SIDE. PED HIT BY VEHICLE FROM THE RIGHT.      ,2B,K,7,Dark Street lights on,1,2,0,01,Pedestrians, ,Other injury,30-39,3065.0,M,MELBOURNE,MELB_URBAN,-37.79795209,144.9748771,3053,Wet,Vehicle within intersection,Raining,NICHOLSON,JOHNSTON,STREET,STREET,Collision,Not Applicable
T20180001466,2018-01-16,15:50:00                      ,Struck Pedestrian,Tuesday,PED NEAR SIDE. PED HIT BY VEHICLE FROM THE RIGHT.      ,1A,H,6,Day,1,2,0,01,Pedestrians, ,Other injury,70+,3102.0,F,MELBOURNE,MELBOURNE_CBD,-37.81598952,144.9611516,3000,Dry,Vehicle within intersection,Clear,QUEEN,LITTLE COLLINS,STREET,STREET,Collision,Not Applicable
T20180001646,2018-01-27,08:41:00                      ,Struck Pedestrian,Saturday,PED NEAR SIDE. PED HIT BY VEHICLE FROM THE RIGHT.      ,2B,A,7,Day,1,2,0,01,Pedestrians, ,Other injury,17-21,3033.0,M,MELBOURNE,MELB_URBAN,-37.79945022,144.9545297,3051,Dry,Not Required,Clear,FLEMINGTON ROAD SERVICE,HIGH,ROAD,STREET,Collision,Not Applicable
T20180001773,2018-01-29,09:45:00                      ,Struck Pedestrian,Monday,FAR SIDE. PED HIT BY VEHICLE FROM THE LEFT         ,2A,H,5,Day,1,2,0,01,Pedestrians,N,Other injury,0-4,,F,MELBOURNE,MELB_URBAN,-37.79506399,144.9492728,3051,Dry,Pedestrian stepped off safety zone/tram shelter,Clear,FLEMINGTON,FLEMINGTON,ROAD,ROAD,Collision,Not Applicable
T20180001909,2018-01-31,10:00:00                      ,Struck Pedestrian,Wednesday,PED ON FOOTHPATH STRUCK BY VEHENTERING/LEAVING DRIVEWAY.  ,1B,L,3,Unknown,1,2,0,01,Pedestrians, ,Other injury,22-25,3083.0,M,MELBOURNE,MELBOURNE_CBD,-37.81200369,144.9632117,3000,Unknown,Not on Footpath,Not known,LONSDALE,ELIZABETH,STREET,STREET,Collision,Not Applicable
T20180001987,2018-02-01,19:00:00                      ,Struck Pedestrian,Thursday,PED NEAR SIDE. PED HIT BY VEHICLE FROM THE RIGHT.      ,1A,F,1,Day,1,2,0,01,Pedestrians, ,Other injury,17-21,3337.0,F,MELBOURNE,MELB_URBAN,-37.8117548,144.9564464,3000,Dry,Vehicle leaving intersection,Clear,LA TROBE,WILLIAM,STREET,STREET,Collision,Not Applicable
T20180002386,2018-02-08,01:10:00                      ,Struck Pedestrian,Thursday,PED PLAYING/LYING/WORKING/STANDING ON CARRIAGEWAY.,1A,H,9,Dark Street lights on,1,2,1,01,Pedestrians,Y,Serious injury,50-59,3142.0,M,MELBOURNE,MELBOURNE_CBD,-37.8184393,144.9616124,3000,Dry,Pedestrian activity not known,Clear,TAVISTOCK,FLINDERS,PLACE,LANE,Collision,Not Applicable
T20180002443,2018-02-08,16:50:00                      ,Struck Pedestrian,Thursday,FAR SIDE. PED HIT BY VEHICLE FROM THE LEFT         ,1D,V,9,Day,1,2,1,01,Pedestrians,Y,Serious injury,50-59,3006.0,F,MELBOURNE,MELB_URBAN,-37.8253005,144.9708182,3006,Dry,Pedestrian stepped off median strip,Clear,ST KILDA ROAD SERVICE,GRANT,ROAD,STREET,Collision,Not Applicable
T20180002686,2018-02-06,16:30:00                      ,Struck Pedestrian,Tuesday,ANY MANOEUVRE INVOLVING PED NOT INCLUDED IN DCAs 100-108.  ,2L,A,4,Day,1,2,1,01,Pedestrians,Y,Serious injury,70+,3141.0,M,MELBOURNE,MELB_URBAN,-37.8366348,144.9763273,3004,Dry,Not Required,Clear,TOORAK,ARNOLD,ROAD,STREET,Collision,Not Applicable
T20180002691,2018-02-12,12:40:00                      ,Struck Pedestrian,Monday,PED NEAR SIDE. PED HIT BY VEHICLE FROM THE RIGHT.      ,2B,B,10,Day,1,2,0,01,Pedestrians,N,Other injury,64-69,3052.0,M,MELBOURNE,MELB_URBAN,-37.80395056,144.9576799,3000,Dry,Vehicle going straight through,Clear,QUEENSBERRY,OCONNELL,STREET,STREET,Collision,Not Applicable
T20180002896,2018-02-15,07:20:00                      ,Struck Pedestrian,Thursday,FAR SIDE. PED HIT BY VEHICLE FROM THE LEFT         ,29,G,11,Day,1,2,0,01,Pedestrians,Y,Other injury,26-29,3058.0,F,MELBOURNE,MELB_URBAN,-37.78172598,144.9595845,3052,Dry,Vehicle leaving intersection,Clear,IEVERS,ROYAL FWD,STREET,PARADE SERVICE ROAD,Collision,Not Applicable
T20180003101,2018-02-18,04:03:00                      ,Struck Pedestrian,Sunday,PED NEAR SIDE. PED HIT BY VEHICLE FROM THE RIGHT.      ,2A,F,11,Dark Street lights on,1,2,1,01,Pedestrians,Y,Serious injury,17-21,3011.0,M,MELBOURNE,MELB_URBAN,-37.80544062,144.9430526,3003,Dry,Vehicle leaving intersection,Clear,DYNON,SPENCER,ROAD,STREET,Collision,Not Applicable
T20180003115,2018-02-18,08:15:00                      ,Struck Pedestrian,Sunday,ANY MANOEUVRE INVOLVING PED NOT INCLUDED IN DCAs 100-108.  ,2T,K,2,Day,2,3,0,01,Pedestrians, ,Other injury,22-25,3027.0,M,MELBOURNE,MELB_URBAN,-37.78964648,144.9298255,3031,Dry,Not Required,Clear,EASTWOOD,PARSONS,STREET,STREET,Collision,Not Applicable
T20180003183,2018-02-19,09:15:00                      ,Struck Pedestrian,Monday,PED NEAR SIDE. PED HIT BY VEHICLE FROM THE RIGHT.      ,2E,K,6,Day,1,2,0,01,Pedestrians,Y,Other injury,40-49,3144.0,M,MELBOURNE,MELB_URBAN,-37.81957024,144.9524218,3008,Dry,Vehicle leaving intersection,Clear,COLLINS,,,,Collision,Not Applicable
T20180003418,2018-02-22,08:54:00                      ,Struck Pedestrian,Thursday,PED STRUCK WALKING TO/FROM OR BOARDING/ALIGHTING VEHICLE.  ,2B,B,6,Day,1,2,0,01,Pedestrians,N,Other injury,17-21,,F,MELBOURNE,MELB_URBAN,-37.79581713,144.958037,3052,Dry,Pedestrian emerged from behindtram,Clear,ROYAL,MORRAH,PARADE,STREET,Collision,Not Applicable
T20180003493,2018-02-23,11:00:00                      ,Struck Pedestrian,Friday,ANY MANOEUVRE INVOLVING PED NOT INCLUDED IN DCAs 100-108.  ,1A,J,1,Day,1,2,0,01,Pedestrians,N,Other injury,13-15,3088.0,M,MELBOURNE,MELBOURNE_CBD,-37.81156091,144.9598804,3000,Dry,Not Required,Clear,MCLEAN,FLANIGAN,ALLEY,LANE,Collision,Not Applicable
T20180003526,2018-02-23,15:38:00                      ,Struck Pedestrian,Friday,PED EMERGES FROM IN FRONT OF PARKED OR STATIONARY VEHICLE  ,1D,M,6,Day,1,2,0,01,Pedestrians,N,Other injury,26-29,3150.0,F,MELBOURNE,MELB_URBAN,-37.82454222,144.961743,3006,Dry,Not Required,Clear,CITY,BALSTON,ROAD,STREET,Collision,Not Applicable
T20180003591,2018-02-24,14:30:00                      ,Struck Pedestrian,Saturday,PED EMERGES FROM IN FRONT OF PARKED OR STATIONARY VEHICLE  ,2T,J,1,Day,1,2,0,01,Pedestrians,N,Other injury,70+,3031.0,M,MELBOURNE,MELB_URBAN,-37.78801075,144.9281099,3031,Dry,Pedestrian stepped off median strip,Clear,RACECOURSE,CALWELL,ROAD,STREET,Collision,Not Applicable
T20180003956,2018-03-01,18:20:00                      ,Struck Pedestrian,Thursday,VEH STRIKES PED ON FOOTPATH/MEDIAN/TRAFFIC ISLAND.,1D,N,5,Dusk/Dawn,1,3,0,01,Pedestrians, ,Other injury,unknown,3687.0,M,MELBOURNE,MELB_URBAN,-37.82380599,144.9626607,3006,Dry,Vehicle moving foward - under control,Clear,CITY ROAD -POWER,POWER,STREET,STREET,Collision,Not Applicable
T20180003956,2018-03-01,18:20:00                      ,Struck Pedestrian,Thursday,VEH STRIKES PED ON FOOTPATH/MEDIAN/TRAFFIC ISLAND.,1D,N,5,Dusk/Dawn,1,3,0,02,Pedestrians, ,Not injured,26-29,3677.0,M,MELBOURNE,MELB_URBAN,-37.82380599,144.9626607,3006,Dry,Vehicle moving foward - under control,Clear,CITY ROAD -POWER,POWER,STREET,STREET,Collision,Not Applicable
T20180004051,2017-11-30,11:57:00                      ,Struck Pedestrian,Thursday,FAR SIDE. PED HIT BY VEHICLE FROM THE LEFT         ,2L,A,5,Day,1,3,0,01,Pedestrians,N,Other injury,30-39,3095.0,F,MELBOURNE,MELB_URBAN,-37.83893074,144.9765268,3004,Dry,Not Required,Clear,ST KILDA,SLATER,ROAD,STREET,Collision,Not Applicable
T20180004139,2018-03-03,12:30:00                      ,Struck Pedestrian,Saturday,PED NEAR SIDE. PED HIT BY VEHICLE FROM THE RIGHT.      ,2G,G,3,Day,1,2,0,01,Pedestrians, ,Other injury,26-29,,F,MELBOURNE,MELB_URBAN,-37.81377501,144.9906406,3002,Unknown,Vehicle entering intersection,Clear,HODDLE,EGAN,STREET,STREET,Collision,Not Applicable
T20180004284,2018-03-06,08:30:00                      ,Struck Pedestrian,Tuesday,PED STRUCK WALKING TO/FROM OR BOARDING/ALIGHTING VEHICLE.  ,2K,K,3,Day,2,3,0,01,Pedestrians, ,Other injury,40-49,2227.0,F,MELBOURNE,MELB_URBAN,-37.83540988,144.9751003,3004,Dry,Pedestrian emerged from behind car etc,Clear,ST KILDA,BROMBY,ROAD,STREET,Collision,Not Applicable
T20180004318,2018-03-06,17:15:00                      ,Struck Pedestrian,Tuesday,PED NEAR SIDE. PED HIT BY VEHICLE FROM THE RIGHT.      ,1B,V,3,Day,1,2,0,01,Pedestrians, ,Other injury,40-49,3163.0,M,MELBOURNE,MELB_URBAN,-37.80940402,144.97214,3000,Unknown,Vehicle leaving intersection,Not known,LONSDALE,SPRING,STREET,STREET,Collision,Not Applicable
T20180004492,2018-03-08,19:30:00                      ,Struck Pedestrian,Thursday,PED PLAYING/LYING/WORKING/STANDING ON CARRIAGEWAY.,2A,A,2,Dusk/Dawn,1,2,0,01,Pedestrians, ,Other injury,unknown,,U,MELBOURNE,MELB_URBAN,-37.78864033,144.9320327,3031,Dry,Pedestrian standing,Clear,RANKINS,RACECOURSE,ROAD,ROAD,Collision,Not Applicable
T20180004877,2018-03-14,08:53:00                      ,Struck Pedestrian,Wednesday,PED NEAR SIDE. PED HIT BY VEHICLE FROM THE RIGHT.      ,1D,M,7,Day,1,2,1,01,Pedestrians,Y,Serious injury,30-39,,F,MELBOURNE,MELB_URBAN,-37.82538839,144.9613819,3006,Dry,Not Required,Clear,BALSTON,CITY,STREET,ROAD,Collision,Not Applicable
T20180005008,2018-03-15,22:06:00                      ,Struck Pedestrian,Thursday,ANY MANOEUVRE INVOLVING PED NOT INCLUDED IN DCAs 100-108.  ,1B,S,7,Dark Street lights on,1,2,1,01,Pedestrians,Y,Serious injury,30-39,,M,MELBOURNE,MELBOURNE_CBD,-37.81437568,144.970348,3000,Dry,Not Required,Clear,COLLINS,ALFRED,STREET,PLACE,Collision,Not Applicable
T20180005797,2018-03-27,09:20:00                      ,Struck Pedestrian,Tuesday,PED NEAR SIDE. PED HIT BY VEHICLE FROM THE RIGHT.      ,2E,J,3,Day,1,2,0,01,Pedestrians, ,Other injury,17-21,3003.0,F,MELBOURNE,MELB_URBAN,-37.8128366,144.9512792,3003,Dry,Vehicle within intersection,Clear,SPENCER,WEST END,STREET,LANE,Collision,Not Applicable
T20180006372,2017-11-03,21:30:00                      ,Struck Pedestrian,Friday,PED PLAYING/LYING/WORKING/STANDING ON CARRIAGEWAY.,1A,C,4,Unknown,1,2,0,01,Pedestrians, ,Other injury,40-49,,M,MELBOURNE,MELBOURNE_CBD,-37.81512081,144.9551472,3000,Dry,Pedestrian standing,Clear,KING,LITTLE BOURKE,STREET,STREET,Collision,Not Applicable
T20180006418,2018-04-04,16:30:00                      ,Struck Pedestrian,Wednesday,PED NEAR SIDE. PED HIT BY VEHICLE FROM THE RIGHT.      ,2B,C,4,Day,1,2,0,01,Pedestrians, ,Other injury,30-39,3071.0,F,MELBOURNE,MELB_URBAN,-37.79254974,144.9582861,3052,Dry,Vehicle within intersection,Clear,GATEHOUSE,ROYAL FWD,STREET,PARADE SERVICE ROAD,Collision,Not Applicable
T20180007044,2018-04-14,13:20:00                      ,Struck Pedestrian,Saturday,PED NEAR SIDE. PED HIT BY VEHICLE FROM THE RIGHT.      ,2E,G,4,Day,1,2,0,01,Pedestrians, ,Other injury,17-21,3008.0,M,MELBOURNE,MELB_URBAN,-37.81448924,144.9467797,3008,Wet,Not Required,Raining,LA TROBE,DIGITAL,STREET,DRIVE,Collision,Not Applicable
T20180007252,2018-04-17,14:50:00                      ,Struck Pedestrian,Tuesday,PED PLAYING/LYING/WORKING/STANDING ON CARRIAGEWAY.,1B,V,3,Day,1,2,0,01,Pedestrians, ,Other injury,26-29,3070.0,M,MELBOURNE,MELB_URBAN,-37.80947864,144.9721746,3000,Dry,Pedestrian activity not known,Clear,SPRING,LONSDALE,STREET,STREET,Collision,Not Applicable
T20180007654,2018-04-23,14:24:00                      ,Struck Pedestrian,Monday,FAR SIDE. PED HIT BY VEHICLE FROM THE LEFT         ,2E,J,7,Day,1,2,0,01,Pedestrians,Y,Other injury,40-49,3140.0,F,MELBOURNE,MELB_URBAN,-37.82030447,144.9498574,3008,Dry,Not Required,Clear,COLLINS,VILLAGE,STREET,STREET,Collision,Not Applicable
T20180007671,2018-04-23,18:15:00                      ,Struck Pedestrian,Monday,PED NEAR SIDE. PED HIT BY VEHICLE FROM THE RIGHT.      ,2B,B,9,Dark Street lights on,1,2,1,01,Pedestrians,Y,Serious injury,22-25,,F,MELBOURNE,MELB_URBAN,-37.80185873,144.9578347,3000,Dry,Not Required,Clear,PELHAM,,STREET,,Collision,Not Applicable
T20180008029,2018-04-28,21:40:00                      ,Struck Pedestrian,Saturday,PED NEAR SIDE. PED HIT BY VEHICLE FROM THE RIGHT.      ,1D,M,6,Dark Street lights on,1,2,0,01,Pedestrians, ,Other injury,26-29,3006.0,F,MELBOURNE,MELB_URBAN,-37.82456083,144.9617211,3006,Dry,Not Required,Clear,CITY,BALSTON,ROAD,STREET,Collision,Not Applicable
T20180008088,2018-04-24,08:20:00                      ,Struck Pedestrian,Tuesday,PED PLAYING/LYING/WORKING/STANDING ON CARRIAGEWAY.,1A,E,9,Day,1,2,0,01,Pedestrians,N,Other injury,50-59,3150.0,M,MELBOURNE,MELBOURNE_CBD,-37.81883265,144.9590212,3000,Dry,Pedestrian activity not known,Clear,FLINDERS,CUSTOM HOUSE,LANE,LANE,Collision,Not Applicable
T20180008128,2018-04-22,21:15:00                      ,Struck Pedestrian,Sunday,ANY MANOEUVRE INVOLVING PED NOT INCLUDED IN DCAs 100-108.  ,1A,C,5,Dark Street lights unknown,1,3,0,01,Pedestrians,N,Other injury,64-69,3148.0,F,MELBOURNE,MELBOURNE_CBD,-37.81655188,144.9551408,3000,Dry,Not Required,Not known,BOURKE,COSGRAVE,STREET,LANE,Collision,Not Applicable