KEYAccidentNumber,DATAccidentDate_accident,TIMAccidentTime_accident,CATAccidentTypeDesc_accident,CATDayOfWeek_accident,CATDCADesc_accident,CATMelwaysPage_accident,CATMelwaysGridRef_X_accident,CATMelwaysGridRef_Y_accident,CATLightConditionDesc_accident,NUMVehiclesInvolved_accident,NUMPersonsInvolved_accident,NUMPersonsInjured_accident,KEYPersonID_person,CATRoadUserTypeDesc_person,CATTakenHospital_person,CATInjuryLevelDesc_person,CATAgeGroup_person,CATPostcode_person,CATGender_person,CATLGAName_node,CATDEGUrbanName_node,NUMLatitude_node,NUMLongitude_node,CATPostcode_node,CATSurfaceConditionDesc_surface,CATSubDCACodeDesc_subdca,CATAtmosphericConditionDesc_atmosphere,CATRoadName_acclocation,CATRoadNameInt_acclocation,CATRoadType_acclocation,CATRoadTypeInt_acclocation,CATEventTypeDesc_accevent,CATObjectTypeDesc_accevent
T20180008128,2018-04-22,21:15:00                      ,Struck Pedestrian,Sunday,ANY MANOEUVRE INVOLVING PED NOT INCLUDED IN DCAs 100-108.  ,1A,C,5,Dark Street lights unknown,1,3,0,02,Pedestrians, ,Other injury,70+,3148.0,M,MELBOURNE,MELBOURNE_CBD,-37.81655188,144.9551408,3000,Dry,Not Required,Not known,BOURKE,COSGRAVE,STREET,LANE,Collision,Not Applicable
T20180009134,2018-05-14,20:48:00                      ,Struck Pedestrian,Monday,ANY MANOEUVRE INVOLVING PED NOT INCLUDED IN DCAs 100-108.  ,1B,N,8,Dark Street lights on,1,2,0,01,Pedestrians,Y,Other injury,30-39,3083.0,M,MELBOURNE,MELBOURNE_CBD,-37.81615956,144.9668415,3000,Dry,Not Required,Clear,SWANSTON,FLINDERS,STREET,LANE,Collision,Not Applicable
T20180009144,2018-05-11,06:45:00                      ,Struck Pedestrian,Friday,FAR SIDE. PED HIT BY VEHICLE FROM THE LEFT         ,1A,H,3,Dusk/Dawn,1,2,0,02,Pedestrians,N,Other injury,22-25,3190.0,F,MELBOURNE,MELBOURNE_CBD,-37.8130044,144.9597887,3000,Wet,Vehicle within intersection,Raining,LONSDALE,QUEEN,STREET,STREET,Collision,Not Applicable
T20180009313,2018-05-17,12:05:00                      ,Struck Pedestrian,Thursday,PED EMERGES FROM IN FRONT OF PARKED OR STATIONARY VEHICLE  ,1B,L,9,Day,1,4,1,01,Pedestrians,Y,Serious injury,40-49,2291.0,M,MELBOURNE,MELBOURNE_CBD,-37.81719807,144.9645208,3000,Dry,Vehicle leaving intersection,Clear,ELIZABETH,FLINDERS,STREET,LANE,Collision,Not Applicable
T20180009735,2018-05-23,09:28:00                      ,Struck Pedestrian,Wednesday,FAR SIDE. PED HIT BY VEHICLE FROM THE LEFT         ,1D,N,5,Day,1,3,1,02,Pedestrians,Y,Serious injury,30-39,3177.0,M,MELBOURNE,MELB_URBAN,-37.82386043,144.9625447,3006,Wet,Vehicle entering intersection,Raining,CITY ROAD -POWER,CITY,STREET,ROAD,Collision,Not Applicable
T20180009776,2018-05-24,09:16:00                      ,Struck Pedestrian,Thursday,FAR SIDE. PED HIT BY VEHICLE FROM THE LEFT         ,2B,H,6,Day,1,2,1,01,Pedestrians,Y,Serious injury,40-49,3018.0,F,MELBOURNE,MELB_URBAN,-37.79748147,144.9704876,3053,Dry,Vehicle entering intersection,Clear,ELGIN,RATHDOWNE,STREET,STREET,Collision,Not Applicable
T20180009803,2018-05-24,08:10:00                      ,Struck Pedestrian,Thursday,FAR SIDE. PED HIT BY VEHICLE FROM THE LEFT         ,2G,G,4,Day,1,2,0,01,Pedestrians,N,Other injury,17-21,3121.0,F,MELBOURNE,MELB_URBAN,-37.81533116,144.9903666,3002,Dry,Vehicle entering intersection,Clear,HODDLE,FREEMAN,STREET,STREET,Collision,Not Applicable
T20180009966,2018-05-26,15:30:00                      ,Struck Pedestrian,Saturday,PED PLAYING/LYING/WORKING/STANDING ON CARRIAGEWAY.,2T,K,1,Day,1,2,0,01,Pedestrians, ,Other injury,30-39,3750.0,M,MELBOURNE,MELB_URBAN,-37.78815849,144.9294826,3031,Dry,Pedestrian standing,Clear,RACECOURSE,EASTWOOD,ROAD,STREET,Collision,Not Applicable
T20180009978,2018-05-26,15:56:00                      ,Collision with vehicle,Saturday,RIGHT THROUGH                        ,1D,P,7,Day,2,5,1,02,Pedestrians, ,Not injured,26-29,2533.0,M,MELBOURNE,MELB_URBAN,-37.82457916,144.9637496,3006,Dry,Not Required,Clear,POWER,KAVANAGH,STREET,STREET,Collision,Not Applicable
T20180009978,2018-05-26,15:56:00                      ,Collision with vehicle,Saturday,RIGHT THROUGH                        ,1D,P,7,Day,2,5,1,03,Pedestrians, ,Not injured,22-25,2533.0,M,MELBOURNE,MELB_URBAN,-37.82457916,144.9637496,3006,Dry,Not Required,Clear,POWER,KAVANAGH,STREET,STREET,Collision,Not Applicable
T20180010166,2018-05-30,10:53:00                      ,Struck Pedestrian,Wednesday,FAR SIDE. PED HIT BY VEHICLE FROM THE LEFT         ,2A,K,12,Day,1,2,1,01,Pedestrians,Y,Serious injury,26-29,3123.0,F,MELBOURNE,MELB_URBAN,-37.80818034,144.9535202,3003,Dry,Vehicle leaving intersection,Fog,WALSH,MILTON,STREET,STREET,Collision,Not Applicable
T20180010414,2018-06-03,00:34:00                      ,Struck Pedestrian,Sunday,PED NEAR SIDE. PED HIT BY VEHICLE FROM THE RIGHT.      ,1B,Q,10,Dark Street lights on,1,2,1,01,Pedestrians,Y,Serious injury,22-25,,F,MELBOURNE,MELBOURNE_CBD,-37.81673563,144.9699027,3000,Dry,Vehicle within intersection,Clear,FLINDERS,RUSSELL EXT,STREET,STREET,Collision,Not Applicable
T20180010466,2018-06-03,15:45:00                      ,Collision with vehicle,Sunday,RIGHT TURN SIDESWIPE                    ,1A,F,1,Day,3,12,4,04,Pedestrians,Y,Serious injury,30-39,,M,MELBOURNE,MELB_URBAN,-37.8117548,144.9564464,3000,Dry,Intersection,Clear,LA TROBE,WILLIAM,STREET,STREET,Collision,Not Applicable
T20180010466,2018-06-03,15:45:00                      ,Collision with vehicle,Sunday,RIGHT TURN SIDESWIPE                    ,1A,F,1,Day,3,12,4,05,Pedestrians,Y,Serious injury,30-39,3978.0,F,MELBOURNE,MELB_URBAN,-37.8117548,144.9564464,3000,Dry,Intersection,Clear,LA TROBE,WILLIAM,STREET,STREET,Collision,Not Applicable
T20180010466,2018-06-03,15:45:00                      ,Collision with vehicle,Sunday,RIGHT TURN SIDESWIPE                    ,1A,F,1,Day,3,12,4,06,Pedestrians,Y,Serious injury,30-39,3030.0,F,MELBOURNE,MELB_URBAN,-37.8117548,144.9564464,3000,Dry,Intersection,Clear,LA TROBE,WILLIAM,STREET,STREET,Collision,Not Applicable
T20180010466,2018-06-03,15:45:00                      ,Collision with vehicle,Sunday,RIGHT TURN SIDESWIPE                    ,1A,F,1,Day,3,12,4,07,Pedestrians,N,Other injury,5-12,,F,MELBOURNE,MELB_URBAN,-37.8117548,144.9564464,3000,Dry,Intersection,Clear,LA TROBE,WILLIAM,STREET,STREET,Collision,Not Applicable
T20180010466,2018-06-03,15:45:00                      ,Collision with vehicle,Sunday,RIGHT TURN SIDESWIPE                    ,1A,F,1,Day,3,12,4,08,Pedestrians,Y,Serious injury,0-4,,F,MELBOURNE,MELB_URBAN,-37.8117548,144.9564464,3000,Dry,Intersection,Clear,LA TROBE,WILLIAM,STREET,STREET,Collision,Not Applicable
T20180010466,2018-06-03,15:45:00                      ,Collision with vehicle,Sunday,RIGHT TURN SIDESWIPE                    ,1A,F,1,Day,3,12,4,09,Pedestrians, ,Other injury,30-39,3978.0,M,MELBOURNE,MELB_URBAN,-37.8117548,144.9564464,3000,Dry,Intersection,Clear,LA TROBE,WILLIAM,STREET,STREET,Collision,Not Applicable
T20180010599,2018-06-05,14:30:00                      ,Struck Pedestrian,Tuesday,PED NEAR SIDE. PED HIT BY VEHICLE FROM THE RIGHT.      ,1A,G,6,Day,1,2,0,01,Pedestrians,Y,Other injury,13-15,,F,MELBOURNE,MELBOURNE_CBD,-37.81624592,144.9600866,3000,Dry,Vehicle within intersection,Clear,NEW CHANCERY,LITTLE COLLINS,LANE,STREET,Collision,Not Applicable
T20180010793,2018-06-08,14:05:00                      ,Struck Pedestrian,Friday,FAR SIDE. PED HIT BY VEHICLE FROM THE LEFT         ,1B,L,1,Day,1,2,0,01,Pedestrians,N,Other injury,40-49,3003.0,M,MELBOURNE,MELB_URBAN,-37.81031669,144.9613588,3000,Wet,Vehicle entering intersection,Raining,ELIZABETH,LA TROBE,STREET,STREET,Collision,Not Applicable
T20180010853,2018-06-08,17:45:00                      ,Struck Pedestrian,Friday,PED STRUCK WALKING TO/FROM OR BOARDING/ALIGHTING VEHICLE.  ,1A,G,9,Dusk/Dawn,1,2,0,01,Pedestrians, ,Other injury,50-59,3206.0,F,MELBOURNE,MELBOURNE_CBD,-37.81830781,144.9606331,3000,Dry,Pedestrian emerged from behindtram,Clear,FLINDERS,MARKET,LANE,STREET,Collision,Not Applicable
T20180011108,2018-06-13,17:45:00                      ,Struck Pedestrian,Wednesday,FAR SIDE. PED HIT BY VEHICLE FROM THE LEFT         ,2E,J,2,Dark Street lights on,1,2,0,01,Pedestrians,Y,Other injury,30-39,3183.0,M,MELBOURNE,MELB_URBAN,-37.81210344,144.9509325,3003,Wet,Vehicle within intersection,Not known,SPENCER,JEFFCOTT,STREET,STREET,Collision,Not Applicable
T20180011186,2018-06-14,18:16:00                      ,Struck Pedestrian,Thursday,FAR SIDE. PED HIT BY VEHICLE FROM THE LEFT         ,2L,B,8,Dark Street lights on,1,2,1,01,Pedestrians,Y,Serious injury,26-29,,F,MELBOURNE,MELB_URBAN,-37.84406067,144.9783971,3004,Dry,Vehicle entering intersection,Clear,ST KILDA,HANNA,ROAD,STREET,Collision,Not Applicable
T20180011520,2018-06-19,08:40:00                      ,Struck Pedestrian,Tuesday,PED PLAYING/LYING/WORKING/STANDING ON CARRIAGEWAY.,2A,E,1,Day,1,3,0,02,Pedestrians,N,Other injury,40-49,3037.0,M,MELBOURNE,MELB_URBAN,-37.78835883,144.9411385,3052,Dry,Pedestrian working/pushing or working on vehicle,Clear,CHURCH,FLEMINGTON,STREET,ROAD,Collision,Not Applicable
T20180011799,2018-06-23,22:30:00                      ,Struck Pedestrian,Saturday,PED NEAR SIDE. PED HIT BY VEHICLE FROM THE RIGHT.      ,1A,C,10,Dark Street lights on,1,2,1,01,Pedestrians,Y,Serious injury,17-21,3458.0,M,MELBOURNE,MELB_URBAN,-37.82036386,144.9575584,3000,Dry,Vehicle within intersection,Clear,KINGS,KING,WAY,STREET,Collision,Not Applicable
T20180012001,2018-06-26,05:00:00                      ,Collision with a fixed object,Tuesday,VEH STRIKES PED ON FOOTPATH/MEDIAN/TRAFFIC ISLAND.,2B,D,12,Dark Street lights unknown,1,2,0,01,Pedestrians,N,Other injury,30-39,3065.0,M,MELBOURNE,MELB_URBAN,-37.80818237,144.9603755,3000,Dry,Vehicle moving foward - under control,Clear,ELIZABETH,FRANKLIN,STREET,STREET,Collision,Other Fixed (railway furniture/culvert/telephone box etc)
T20180012019,2018-06-26,17:17:00                      ,Collision with vehicle,Tuesday,VEHICLE COLLIDES WITH VEHICLE PARKED ON LEFT OF ROAD    ,2F,C,1,Day,3,3,1,01,Pedestrians,Y,Serious injury,30-39,3030.0,M,MELBOURNE,MELB_URBAN,-37.80996352,144.958399,3000,Dry,Kerb parking - parallel,Clear,ABECKETT,QUEEN,STREET,STREET,Collision,Not Applicable
T20180012399,2018-06-30,21:45:00                      ,Struck Pedestrian,Saturday,PED PLAYING/LYING/WORKING/STANDING ON CARRIAGEWAY.,1A,A,7,Dark Street lights on,1,2,0,01,Pedestrians, ,Other injury,40-49,3810.0,M,MELBOURNE,MELB_URBAN,-37.81911279,144.9540013,3008,Dry,Pedestrian standing,Clear,COLLINS,SPENCER,STREET,STREET,Collision,Not Applicable
T20180012548,2018-07-04,16:18:00                      ,Struck Pedestrian,Wednesday,PED NEAR SIDE. PED HIT BY VEHICLE FROM THE RIGHT.      ,2L,A,6,Day,1,2,0,01,Pedestrians,Y,Other injury,30-39,,F,MELBOURNE,MELB_URBAN,-37.84134322,144.9774063,3004,Dry,Vehicle within intersection,Clear,ST KILDA,LEOPOLD,ROAD,STREET,Collision,Not Applicable
T20180013037,2018-07-12,09:40:00                      ,Struck Pedestrian,Thursday,FAR SIDE. PED HIT BY VEHICLE FROM THE LEFT         ,2L,B,10,Day,1,3,1,02,Pedestrians,Y,Serious injury,17-21,3029.0,M,MELBOURNE,MELB_URBAN,-37.84772055,144.9797315,3004,Dry,Vehicle leaving intersection,Clear,ST KILDA,MOUBRAY,ROAD,STREET,Collision,Not Applicable
T20180013231,2018-07-14,19:20:00                      ,Struck Pedestrian,Saturday,PED NEAR SIDE. PED HIT BY VEHICLE FROM THE RIGHT.      ,2B,G,6,Dark Street lights on,1,2,0,01,Pedestrians,Y,Other injury,70+,,F,MELBOURNE,MELB_URBAN,-37.79763636,144.9674728,3053,Dry,Vehicle leaving intersection,Clear,LITTLE ELGIN,LYGON,STREET,STREET,Collision,Not Applicable
T20180013583,2018-07-19,18:15:00                      ,Struck Pedestrian,Thursday,FAR SIDE. PED HIT BY VEHICLE FROM THE LEFT         ,2E,J,6,Dark Street lights on,1,2,1,01,Pedestrians,Y,Serious injury,22-25,3337.0,F,MELBOURNE,MELB_URBAN,-37.81839055,144.9495089,3008,Wet,Pedestrian emerged from behind car etc,Raining,AURORA,BOURKE,LANE,STREET,Collision,Not Applicable
T20180013665,2018-07-20,20:50:00                      ,Struck Pedestrian,Friday,PED NEAR SIDE. PED HIT BY VEHICLE FROM THE RIGHT.      ,2L,B,8,Dark Street lights on,1,2,1,01,Pedestrians,Y,Serious injury,30-39,3146.0,F,MELBOURNE,MELB_URBAN,-37.84488725,144.9789573,3004,Dry,Vehicle leaving intersection,Clear,COMMERCIAL,ST KILDA FWD,ROAD,ROAD SERVICE ROAD,Collision,Not Applicable
T20180013711,2018-07-21,15:20:00                      ,Other accident,Saturday,ANY MANOEUVRE INVOLVING PED NOT INCLUDED IN DCAs 100-108.  ,2B,B,11,Day,1,4,3,01,Pedestrians,Y,Serious injury,26-29,3031.0,F,MELBOURNE,MELB_URBAN,-37.80586818,144.9558931,3003,Dry,Not Required,Clear,PEEL,VICTORIA,STREET,STREET,Other,Not Applicable
T20180013711,2018-07-21,15:20:00                      ,Other accident,Saturday,ANY MANOEUVRE INVOLVING PED NOT INCLUDED IN DCAs 100-108.  ,2B,B,11,Day,1,4,3,02,Pedestrians,Y,Serious injury,0-4,,M,MELBOURNE,MELB_URBAN,-37.80586818,144.9558931,3003,Dry,Not Required,Clear,PEEL,VICTORIA,STREET,STREET,Other,Not Applicable
T20180013711,2018-07-21,15:20:00                      ,Other accident,Saturday,ANY MANOEUVRE INVOLVING PED NOT INCLUDED IN DCAs 100-108.  ,2B,B,11,Day,1,4,3,03,Pedestrians,Y,Serious injury,60-64,,F,MELBOURNE,MELB_URBAN,-37.80586818,144.9558931,3003,Dry,Not Required,Clear,PEEL,VICTORIA,STREET,STREET,Other,Not Applicable
T20180014193,2018-07-28,23:20:00                      ,Struck Pedestrian,Saturday,PED NEAR SIDE. PED HIT BY VEHICLE FROM THE RIGHT.      ,1B,Q,10,Dark Street lights on,1,2,1,01,Pedestrians,Y,Serious injury,17-21,3121.0,F,MELBOURNE,MELB_URBAN,-37.81673563,144.9699027,3000,Wet,Vehicle entering intersection,Raining,FLINDERS,RUSSELL EXT,STREET,STREET,Collision,Not Applicable
T20180014284,2018-07-30,11:55:00                      ,Struck Pedestrian,Monday,PED NEAR SIDE. PED HIT BY VEHICLE FROM THE RIGHT.      ,1B,T,6,Day,1,2,1,01,Pedestrians,Y,Serious injury,40-49,3136.0,F,MELBOURNE,MELBOURNE_CBD,-37.81305815,144.971014,3000,Dry,Vehicle leaving intersection,Clear,EXHIBITION,LITTLE COLLINS,STREET,STREET,Collision,Not Applicable
T20180014342,2018-07-29,03:00:00                      ,Struck Pedestrian,Sunday,ANY MANOEUVRE INVOLVING PED NOT INCLUDED IN DCAs 100-108.  ,1C,H,4,Unknown,1,2,1,01,Pedestrians,Y,Serious injury,30-39,3174.0,M,MELBOURNE,MELB_URBAN,-37.8246208,144.9567073,3006,Unknown,Not Required,Not known,CLARENDON,NORMANBY,STREET,ROAD,Collision,Not Applicable
T20180014373,2018-07-31,15:45:00                      ,Struck Pedestrian,Tuesday,PED NEAR SIDE. PED HIT BY VEHICLE FROM THE RIGHT.      ,1B,T,3,Day,1,2,0,01,Pedestrians,Y,Other injury,50-59,3083.0,F,MELBOURNE,MELBOURNE_CBD,-37.81012748,144.9696558,3000,Dry,Vehicle within intersection,Clear,EXHIBITION,LONSDALE,STREET,STREET,Collision,Not Applicable
T20180014471,2018-08-01,22:25:00                      ,No collision and no object struck,Wednesday,OUT OF CONTROL ON CARRIAGEWAY (ON STRAIGHT)         ,2B,C,12,Dark Street lights on,1,2,1,01,Pedestrians, ,Not injured,17-21,3032.0,F,MELBOURNE,MELB_URBAN,-37.80711332,144.9598837,3000,Dry,Not Required,Clear,ELIZABETH,THERRY,STREET,STREET,Rollover on/off carriageway,Not Applicable
T20180014529,2018-08-02,12:20:00                      ,Struck Pedestrian,Thursday,PED ON FOOTHPATH STRUCK BY VEHENTERING/LEAVING DRIVEWAY.  ,1D,L,4,Day,1,2,0,01,Pedestrians,N,Other injury,50-59,3178.0,M,MELBOURNE,MELB_URBAN,-37.82333979,144.9595792,3006,Dry,Paved footpath,Clear,WHITEMAN,,STREET,,Collision,Not Applicable
T20180014886,2018-08-08,00:24:00                      ,Struck Pedestrian,Wednesday,FAR SIDE. PED HIT BY VEHICLE FROM THE LEFT         ,2G,G,4,Dark Street lights on,1,2,0,01,Pedestrians,Y,Other injury,40-49,3145.0,M,MELBOURNE,MELB_URBAN,-37.81579621,144.9902847,3002,Wet,Vehicle leaving intersection,Raining,HODDLE,GEORGE,STREET,STREET,Collision,Not Applicable
T20180014925,2018-08-08,13:41:00                      ,Struck Pedestrian,Wednesday,PED NEAR SIDE. PED HIT BY VEHICLE FROM THE RIGHT.      ,2E,J,8,Day,1,2,0,01,Pedestrians,Y,Other injury,30-39,3101.0,M,MELBOURNE,MELB_URBAN,-37.82256597,144.9501547,3008,Wet,Vehicle within intersection,Clear,WURUNDJERI,BATMANS HILL,WAY,DRIVE,Collision,Not Applicable
T20180015111,2018-08-10,20:00:00                      ,Struck Pedestrian,Friday,FAR SIDE. PED HIT BY VEHICLE FROM THE LEFT         ,2B,G,4,Dark Street lights on,1,2,1,01,Pedestrians,Y,Serious injury,70+,3053.0,M,MELBOURNE,MELB_URBAN,-37.79226018,144.9683897,3053,Dry,Vehicle within intersection,Clear,CEMETERY,PRINCES,ROAD,STREET,Collision,Not Applicable
T20180015179,2018-08-11,23:50:00                      ,Struck Pedestrian,Saturday,PED NEAR SIDE. PED HIT BY VEHICLE FROM THE RIGHT.      ,1C,K,7,Dark Street lights on,1,2,1,01,Pedestrians,Y,Serious injury,22-25,,F,MELBOURNE,MELB_URBAN,-37.82576085,144.9599725,3006,Dry,Vehicle entering intersection,Not known,QUEENS BRIDGE,KINGS,STREET,WAY,Collision,Not Applicable
T20180015257,2018-08-13,06:15:00                      ,Struck Pedestrian,Monday,PED NEAR SIDE. PED HIT BY VEHICLE FROM THE RIGHT.      ,43,G,7,Dusk/Dawn,1,2,1,01,Pedestrians,Y,Serious injury,22-25,3000.0,M,MELBOURNE,MELB_URBAN,-37.81017939,144.9612953,3000,Dry,Not Required,Not known,ELIZABETH,LA TROBE,STREET,STREET,Collision,Not Applicable
T20180015264,2018-08-13,09:45:00                      ,Struck Pedestrian,Monday,PED NEAR SIDE. PED HIT BY VEHICLE FROM THE RIGHT.      ,2B,J,12,Day,1,2,0,01,Pedestrians,N,Other injury,50-59,3121.0,M,MELBOURNE,MELB_URBAN,-37.80766974,144.97261,3053,Dry,Vehicle entering intersection,Clear,VICTORIA,VICTORIA,STREET,PARADE,Collision,Not Applicable
T20180015981,2018-08-24,12:40:00                      ,Struck Pedestrian,Friday,PED EMERGES FROM IN FRONT OF PARKED OR STATIONARY VEHICLE  ,1B,V,5,Day,1,2,0,01,Pedestrians,N,Other injury,22-25,3000.0,F,MELBOURNE,MELB_URBAN,-37.81135968,144.9730462,3000,Dry,Vehicle entering intersection,Clear,SPRING,BOURKE,STREET,STREET,Collision,Not Applicable
T20180016274,2018-08-29,08:15:00                      ,Struck Pedestrian,Wednesday,PED NEAR SIDE. PED HIT BY VEHICLE FROM THE RIGHT.      ,1B,N,2,Day,1,2,0,01,Pedestrians, ,Other injury,26-29,3163.0,M,MELBOURNE,MELBOURNE_CBD,-37.81057375,144.9642809,3000,Dry,Vehicle leaving intersection,Clear,LITTLE LONSDALE,SWANSTON,STREET,STREET,Collision,Not Applicable
T20180016606,2018-08-29,19:00:00                      ,Struck Pedestrian,Wednesday,FAR SIDE. PED HIT BY VEHICLE FROM THE LEFT         ,1D,N,5,Dark Street lights on,1,2,0,01,Pedestrians,N,Other injury,22-25,3083.0,F,MELBOURNE,MELB_URBAN,-37.82386043,144.9625447,3006,Unknown,Vehicle entering intersection,Not known,CITY ROAD -POWER,CITY,STREET,ROAD,Collision,Not Applicable
T20180016658,2018-09-03,15:05:00                      ,Struck Pedestrian,Monday,PED PLAYING/LYING/WORKING/STANDING ON CARRIAGEWAY.,2E,J,7,Day,1,2,0,01,Pedestrians, ,Other injury,unknown,,U,MELBOURNE,MELB_URBAN,-37.82031873,144.9498094,3008,Dry,Pedestrian standing,Clear,COLLINS,VILLAGE,STREET,STREET,Collision,Not Applicable
T20180016811,2018-09-05,17:00:00                      ,Struck Pedestrian,Wednesday,FAR SIDE. PED HIT BY VEHICLE FROM THE LEFT         ,1A,F,10,Day,1,2,0,01,Pedestrians,Y,Serious injury,50-59,3073.0,F,MELBOURNE,MELB_URBAN,-37.8196135,144.9600172,3000,Dry,Vehicle going straight through,Clear,FLINDERS,WILLIAM,STREET,STREET,Collision,Not Applicable
T20180016937,2018-09-07,06:30:00                      ,Struck Pedestrian,Friday,FAR SIDE. PED HIT BY VEHICLE FROM THE LEFT         ,2E,D,3,Dusk/Dawn,1,2,0,01,Pedestrians,N,Other injury,26-29,3008.0,M,MELBOURNE,MELB_URBAN,-37.81407233,144.9396644,3008,Dry,Vehicle within intersection,Clear,WATERFRONT,DOEPEL,WAY,WAY,Collision,Not Applicable
T20180017258,2018-09-13,08:37:00                      ,Struck Pedestrian,Thursday,PED NEAR SIDE. PED HIT BY VEHICLE FROM THE RIGHT.      ,2A,A,10,Day,1,2,0,01,Pedestrians,N,Other injury,22-25,3031.0,M,MELBOURNE,MELB_URBAN,-37.80371321,144.9322174,3003,Dry,Vehicle within intersection,Clear,DYNON,RADCLIFFE,ROAD,STREET,Collision,Not Applicable
T20180018486,2018-05-24,13:00:00                      ,Struck Pedestrian,Thursday,PED NEAR SIDE. PED HIT BY VEHICLE FROM THE RIGHT.      ,1B,V,1,Day,1,2,0,01,Pedestrians, ,Other injury,50-59,3041.0,M,MELBOURNE,MELB_URBAN,-37.80756365,144.9714109,3053,Dry,Vehicle entering intersection,Clear,VICTORIA PARADE -VICTORIA,SPRING,STREET,STREET,Collision,Not Applicable
T20180018627,2018-10-04,13:55:00                      ,Struck Pedestrian,Thursday,FAR SIDE. PED HIT BY VEHICLE FROM THE LEFT         ,1B,M,7,Day,1,2,0,01,Pedestrians, ,Other injury,17-21,3000.0,F,MELBOURNE,MELBOURNE_CBD,-37.81568486,144.9658847,3000,Dry,Pedestrian stepped off safety zone/tram shelter,Clear,COLLINS,SPORTSGIRL,STREET,COURT,Collision,Not Applicable
T20180018661,2018-10-04,17:35:00                      ,Struck Pedestrian,Thursday,PED PLAYING/LYING/WORKING/STANDING ON CARRIAGEWAY.,1A,E,1,Day,1,2,0,01,Pedestrians,N,Other injury,30-39,,U,MELBOURNE,MELB_URBAN,-37.81212625,144.9551283,3000,Dry,Pedestrian standing,Clear,LA TROBE,PARK,STREET,STREET,Collision,Not Applicable
T20180018727,2018-10-05,13:30:00                      ,Struck Pedestrian,Friday,PED NEAR SIDE. PED HIT BY VEHICLE FROM THE RIGHT.      ,2B,H,5,Day,1,2,0,01,Pedestrians, ,Other injury,70+,3053.0,F,MELBOURNE,MELB_URBAN,-37.79563282,144.9708254,3053,Unknown,Vehicle leaving intersection,Not known,PITT,RATHDOWNE,STREET,STREET,Collision,Not Applicable
T20180018965,2018-10-09,16:30:00                      ,Struck Pedestrian,Tuesday,PED NEAR SIDE. PED HIT BY VEHICLE FROM THE RIGHT.      ,2K,K,4,Day,1,2,1,01,Pedestrians,Y,Serious injury,70+,3004.0,M,MELBOURNE,MELB_URBAN,-37.83621774,144.9755378,3004,Wet,Vehicle leaving intersection,Clear,TOORAK,KINGS,ROAD,WAY,Collision,Not Applicable
T20180019110,2018-10-11,19:25:00                      ,Struck Pedestrian,Thursday,ANY MANOEUVRE INVOLVING PED NOT INCLUDED IN DCAs 100-108.  ,1C,H,1,Dark Street lights on,1,2,0,01,Pedestrians,N,Other injury,22-25,3065.0,F,MELBOURNE,MELB_URBAN,-37.82174973,144.9553809,3000,Dry,Not Required,Not known,SPENCER,SIDDELEY,STREET,STREET,Collision,Not Applicable
T20180019139,2018-10-12,12:44:00                      ,Struck Pedestrian,Friday,ANY MANOEUVRE INVOLVING PED NOT INCLUDED IN DCAs 100-108.  ,1B,U,6,Day,1,2,0,01,Pedestrians,N,Other injury,60-64,3122.0,M,MELBOURNE,MELBOURNE_CBD,-37.81272642,144.9721583,3000,Dry,Not Required,Clear,LITTLE COLLINS,RIDGWAY,STREET,PLACE,Collision,Not Applicable
T20180019269,2018-10-14,07:00:00                      ,Struck Pedestrian,Sunday,PED NEAR SIDE. PED HIT BY VEHICLE FROM THE RIGHT.      ,2G,F,5,Day,1,2,1,01,Pedestrians,Y,Serious injury,30-39,3066.0,M,MELBOURNE,MELB_URBAN,-37.81683785,144.9879814,3002,Dry,Vehicle leaving intersection,Clear,WELLINGTON,VALE,PARADE,STREET,Collision,Not Applicable
T20180019570,2018-10-18,11:09:00                      ,Struck Pedestrian,Thursday,PED WALKING WITH TRAFFIC                  ,1D,P,4,Day,1,2,0,01,Pedestrians, ,Other injury,40-49,3006.0,M,MELBOURNE,MELB_URBAN,-37.82236998,144.96318,3006,Dry,Not on Footpath,Not known,WATERFALL,SOUTHBANK,LANE,BOULEVARD,Collision,Not Applicable
T20180019995,2018-10-22,16:30:00                      ,Struck Pedestrian,Monday,FAR SIDE. PED HIT BY VEHICLE FROM THE LEFT         ,2B,B,8,Day,1,2,0,01,Pedestrians, ,Other injury,40-49,3084.0,M,MELBOURNE,MELB_URBAN,-37.79973881,144.9577512,3000,Dry,Vehicle leaving intersection,Clear,GRATTAN,ROYAL REV,STREET,PARADE SERVICE ROAD,Collision,Not Applicable
T20180020138,2018-10-26,23:15:00                      ,Struck Pedestrian,Friday,PED STRUCK WALKING TO/FROM OR BOARDING/ALIGHTING VEHICLE.  ,2T,B,9,Dark Street lights on,1,2,1,01,Pedestrians,Y,Serious injury,30-39,3216.0,F,MELBOURNE,MELB_URBAN,-37.80135542,144.9134008,3003,Dry,Pedestrian emerged from behind car etc,Clear,DYNON,SIMS,ROAD,STREET,Collision,Not Applicable