KEYAccidentNumber,DATAccidentDate_accident,TIMAccidentTime_accident,CATAccidentTypeDesc_accident,CATDayOfWeek_accident,CATDCADesc_accident,CATMelwaysPage_accident,CATMelwaysGridRef_X_accident,CATMelwaysGridRef_Y_accident,CATLightConditionDesc_accident,NUMVehiclesInvolved_accident,NUMPersonsInvolved_accident,NUMPersonsInjured_accident,KEYPersonID_person,CATRoadUserTypeDesc_person,CATTakenHospital_person,CATInjuryLevelDesc_person,CATAgeGroup_person,CATPostcode_person,CATGender_person,CATLGAName_node,CATDEGUrbanName_node,NUMLatitude_node,NUMLongitude_node,CATPostcode_node,CATSurfaceConditionDesc_surface,CATSubDCACodeDesc_subdca,CATAtmosphericConditionDesc_atmosphere,CATRoadName_acclocation,CATRoadNameInt_acclocation,CATRoadType_acclocation,CATRoadTypeInt_acclocation,CATEventTypeDesc_accevent,CATObjectTypeDesc_accevent
T20180020148,2018-10-27,08:50:00                      ,Struck Pedestrian,Saturday,PED STRUCK WALKING TO/FROM OR BOARDING/ALIGHTING VEHICLE.  ,2B,B,8,Day,1,2,0,01,Pedestrians,N,Other injury,26-29,3056.0,F,MELBOURNE,MELB_URBAN,-37.79961987,144.9575685,3052,Dry,Alighting,Not known,ROYAL,ELIZABETH,PARADE,STREET,Collision,Not Applicable
T20180020204,2018-10-28,01:12:00                      ,Struck Pedestrian,Sunday,FAR SIDE. PED HIT BY VEHICLE FROM THE LEFT         ,1B,N,7,Dark Street lights on,1,3,0,02,Pedestrians, ,Not injured,unknown,,M,MELBOURNE,MELBOURNE_CBD,-37.81549255,144.9665403,3000,Dry,Vehicle leaving intersection,Clear,COLLINS,SWANSTON,STREET,STREET,Collision,Not Applicable
T20180020324,2018-10-29,14:53:00                      ,Struck Pedestrian,Monday,PED NEAR SIDE. PED HIT BY VEHICLE FROM THE RIGHT.      ,1B,N,4,Day,1,2,0,01,Pedestrians, ,Other injury,40-49,3030.0,F,MELBOURNE,MELBOURNE_CBD,-37.81254531,144.9651824,3000,Dry,Vehicle within intersection,Clear,LITTLE BOURKE,SWANSTON,STREET,STREET,Collision,Not Applicable
T20180020434,2018-10-31,11:45:00                      ,Struck Pedestrian,Wednesday,PED NEAR SIDE. PED HIT BY VEHICLE FROM THE RIGHT.      ,1B,U,5,Day,1,2,0,01,Pedestrians,N,Other injury,60-64,3066.0,M,MELBOURNE,MELBOURNE_CBD,-37.81175106,144.9717105,3000,Dry,Vehicle within intersection,Clear,BOURKE,LIVERPOOL,STREET,STREET,Collision,Not Applicable
T20180020714,2018-10-22,10:30:00                      ,Struck Pedestrian,Monday,PED NEAR SIDE. PED HIT BY VEHICLE FROM THE RIGHT.      ,2B,B,5,Unknown,1,2,0,01,Pedestrians,Y,Other injury,17-21,3073.0,F,MELBOURNE,MELB_URBAN,-37.79450613,144.9580341,3052,Unknown,Vehicle leaving intersection,Clear,BAYLES,ROYAL FWD,STREET,PARADE SERVICE ROAD,Collision,Not Applicable
T20180020824,2018-11-06,19:10:00                      ,Struck Pedestrian,Tuesday,FAR SIDE. PED HIT BY VEHICLE FROM THE LEFT         ,2A,F,2,Day,1,2,0,01,Pedestrians,N,Other injury,50-59,3051.0,M,MELBOURNE,MELB_URBAN,-37.79030825,144.9433022,3051,Dry,Vehicle entering intersection,Not known,FLEMINGTON,MELROSE,ROAD,STREET,Collision,Not Applicable
T20180021049,2018-11-10,00:45:00                      ,Struck Pedestrian,Saturday,PED EMERGES FROM IN FRONT OF PARKED OR STATIONARY VEHICLE  ,1A,J,3,Dark Street lights on,1,2,0,01,Pedestrians,N,Other injury,30-39,3177.0,M,MELBOURNE,MELBOURNE_CBD,-37.81262375,144.9610817,3000,Dry,Pedestrian emerged from behind car etc,Clear,LONSDALE,NIAGARA,STREET,LANE,Collision,Not Applicable
T20180021085,2018-11-08,19:45:00                      ,Struck Pedestrian,Thursday,ANY MANOEUVRE INVOLVING PED NOT INCLUDED IN DCAs 100-108.  ,2E,G,1,Day,1,2,1,01,Pedestrians,N,Other injury,40-49,3003.0,M,MELBOURNE,MELB_URBAN,-37.80904638,144.9461374,3003,Dry,Not Required,Not known,ADDERLEY,RODEN,STREET,STREET,Collision,Not Applicable
T20180021531,2018-11-17,08:00:00                      ,Struck Pedestrian,Saturday,PED NEAR SIDE. PED HIT BY VEHICLE FROM THE RIGHT.      ,2A,J,10,Day,1,2,0,02,Pedestrians, ,Other injury,30-39,3016.0,M,MELBOURNE,MELB_URBAN,-37.803217,144.9510995,3051,Dry,Vehicle leaving intersection,Not known,LEVESON,QUEENSBERRY,STREET,STREET,Collision,Not Applicable
T20180021570,2018-11-18,01:00:00                      ,Struck Pedestrian,Sunday,FAR SIDE. PED HIT BY VEHICLE FROM THE LEFT         ,1A,C,6,Dark Street lights on,1,2,0,01,Pedestrians,N,Other injury,17-21,,F,MELBOURNE,MELBOURNE_CBD,-37.81755638,144.9555284,3000,Dry,Not Required,Clear,LITTLE COLLINS,KING,STREET,STREET,Collision,Not Applicable
T20180021695,2018-11-17,03:00:00                      ,Struck Pedestrian,Saturday,PED NEAR SIDE. PED HIT BY VEHICLE FROM THE RIGHT.      ,1D,M,4,Dark Street lights on,1,2,0,01,Pedestrians, ,Other injury,26-29,3121.0,F,MELBOURNE,MELB_URBAN,-37.82302903,144.9606589,3006,Unknown,Not Required,Not known,WHITEMAN,,STREET,,Collision,Not Applicable
T20180021917,2018-10-08,07:30:00                      ,Struck Pedestrian,Monday,PED NEAR SIDE. PED HIT BY VEHICLE FROM THE RIGHT.      ,2L,C,11,Day,1,2,0,01,Pedestrians,Y,Other injury,50-59,3006.0,F,MELBOURNE,MELB_URBAN,-37.85021929,144.9806426,3004,Dry,Vehicle within intersection,Clear,HIGH,ST KILDA,STREET,ROAD,Collision,Not Applicable
T20180022008,2018-11-23,15:00:00                      ,Struck Pedestrian,Friday,FAR SIDE. PED HIT BY VEHICLE FROM THE LEFT         ,29,G,11,Day,1,2,1,01,Pedestrians,Y,Serious injury,13-15,,M,MELBOURNE,MELB_URBAN,-37.78173973,144.9597585,3052,Wet,Vehicle within intersection,Raining,ROYAL,IEVERS,PARADE,STREET,Collision,Not Applicable
T20180022310,2018-11-28,10:20:00                      ,Collision with vehicle,Wednesday,LEFT REAR                          ,2A,C,2,Day,2,3,0,01,Pedestrians,N,Other injury,60-64,,M,MELBOURNE,MELB_URBAN,-37.78875038,144.9360519,3031,Dry,Vehicle within intersection,Clear,RACECOURSE,STUBBS,ROAD,STREET,Collision,Not Applicable
T20180022849,2018-12-06,01:45:00                      ,Struck Pedestrian,Thursday,PED NEAR SIDE. PED HIT BY VEHICLE FROM THE RIGHT.      ,2G,G,4,Dark Street lights on,1,2,1,01,Pedestrians,Y,Serious injury,17-21,,M,MELBOURNE,MELB_URBAN,-37.81481961,144.9904567,3002,Dry,Vehicle entering intersection,Clear,HODDLE,JIKA,STREET,PLACE,Collision,Not Applicable
T20180022943,2018-12-07,09:50:00                      ,Struck Pedestrian,Friday,PED NEAR SIDE. PED HIT BY VEHICLE FROM THE RIGHT.      ,2G,G,6,Day,1,2,0,01,Pedestrians,N,Other injury,70+,3121.0,F,MELBOURNE,MELB_URBAN,-37.81789974,144.9899738,3002,Dry,Vehicle leaving intersection,Clear,PUNT,NAPIER ALT,ROAD,LANE,Collision,Not Applicable
T20180023147,2018-12-08,19:47:00                      ,Struck Pedestrian,Saturday,ANY MANOEUVRE INVOLVING PED NOT INCLUDED IN DCAs 100-108.  ,1B,L,10,Dark Street lights on,1,2,0,01,Pedestrians,N,Other injury,40-49,3056.0,M,MELBOURNE,MELB_URBAN,-37.81803522,144.9654378,3000,Dry,Not Required,Clear,FLINDERS,ELIZABETH,STREET,STREET,Collision,Not Applicable
T20180023149,2018-12-10,08:52:00                      ,Struck Pedestrian,Monday,FAR SIDE. PED HIT BY VEHICLE FROM THE LEFT         ,1D,R,5,Day,1,2,1,01,Pedestrians,Y,Serious injury,50-59,,M,MELBOURNE,MELB_URBAN,-37.82234642,144.9647875,3006,Dry,Vehicle turning right,Clear,CITY,SOUTHBANK ALT,ROAD,BOULEVARD,Collision,Not Applicable
T20180023157,2018-12-10,12:50:00                      ,Struck Pedestrian,Monday,FAR SIDE. PED HIT BY VEHICLE FROM THE LEFT         ,1B,P,4,Day,1,2,0,01,Pedestrians,N,Other injury,30-39,3161.0,F,MELBOURNE,MELBOURNE_CBD,-37.81209631,144.9667183,3000,Dry,Not Required,Clear,LITTLE BOURKE,HEFFERNAN,STREET,LANE,Collision,Not Applicable
T20180023200,2018-12-10,18:30:00                      ,Struck Pedestrian,Monday,PED EMERGES FROM IN FRONT OF PARKED OR STATIONARY VEHICLE  ,2E,J,7,Dusk/Dawn,1,2,1,01,Pedestrians,Y,Serious injury,40-49,3058.0,M,MELBOURNE,MELB_URBAN,-37.82012002,144.9505,3008,Dry,Vehicle going straight through,Clear,COLLINS,VILLAGE,STREET,STREET,Collision,Not Applicable
T20180023533,2018-12-14,15:57:00                      ,Struck Pedestrian,Friday,PED ON FOOTHPATH STRUCK BY VEHENTERING/LEAVING DRIVEWAY.  ,43,H,9,Day,1,2,1,02,Pedestrians,Y,Serious injury,30-39,3000.0,M,MELBOURNE,MELBOURNE_CBD,-37.8170308,144.9640428,3000,Wet,Vehicle foward departing,Clear,STAUGHTON,FLINDERS,ALLEY,LANE,Collision,Not Applicable
T20180023648,2018-12-14,17:15:00                      ,Struck Pedestrian,Friday,PED NEAR SIDE. PED HIT BY VEHICLE FROM THE RIGHT.      ,43,G,5,Dark Street lights unknown,1,2,1,01,Pedestrians,Y,Serious injury,26-29,3000.0,F,MELBOURNE,MELB_URBAN,-37.80269875,144.9620831,3053,Wet,Not Required,Raining,BOUVERIE,LINCOLN S,STREET,SQUARE,Collision,Not Applicable
T20180024373,2018-12-27,14:40:00                      ,Struck Pedestrian,Thursday,PED NEAR SIDE. PED HIT BY VEHICLE FROM THE RIGHT.      ,1C,H,6,Day,1,2,0,01,Pedestrians, ,Other injury,40-49,3802.0,M,MELBOURNE,MELB_URBAN,-37.82549712,144.9571132,3006,Dry,Vehicle entering intersection,Clear,CLARENDON,WHITEMAN,STREET,STREET,Collision,Not Applicable
T20180024395,2018-12-27,22:05:00                      ,Struck Pedestrian,Thursday,PED NEAR SIDE. PED HIT BY VEHICLE FROM THE RIGHT.      ,2B,G,4,Dark Street lights on,1,2,1,01,Pedestrians,Y,Serious injury,30-39,3053.0,F,MELBOURNE,MELB_URBAN,-37.79226018,144.9683897,3053,Dry,Vehicle entering intersection,Clear,CEMETERY,PRINCES,ROAD,STREET,Collision,Not Applicable
T20190000099,2019-01-02,15:00:00                      ,Struck Pedestrian,Wednesday,FAR SIDE. PED HIT BY VEHICLE FROM THE LEFT         ,1A,F,1,Day,1,2,0,01,Pedestrians,Y,Other injury,0-4,2614.0,F,MELBOURNE,MELB_URBAN,-37.8117548,144.9564464,3000,Dry,Vehicle within intersection,Clear,LA TROBE,WILLIAM,STREET,STREET,Collision,Not Applicable
T20190000281,2019-01-05,19:20:00                      ,Struck Pedestrian,Saturday,PED NEAR SIDE. PED HIT BY VEHICLE FROM THE RIGHT.      ,2B,D,10,Day,1,4,0,02,Pedestrians,Y,Other injury,26-29,3149.0,M,MELBOURNE,MELB_URBAN,-37.80439483,144.9617822,3053,Dry,Vehicle leaving intersection,Clear,BOUVERIE,QUEENSBERRY,STREET,STREET,Collision,Not Applicable
T20190000281,2019-01-05,19:20:00                      ,Struck Pedestrian,Saturday,PED NEAR SIDE. PED HIT BY VEHICLE FROM THE RIGHT.      ,2B,D,10,Day,1,4,0,03,Pedestrians, ,Not injured,26-29,3149.0,M,MELBOURNE,MELB_URBAN,-37.80439483,144.9617822,3053,Dry,Vehicle leaving intersection,Clear,BOUVERIE,QUEENSBERRY,STREET,STREET,Collision,Not Applicable
T20190000433,2019-01-08,11:00:00                      ,Struck Pedestrian,Tuesday,FAR SIDE. PED HIT BY VEHICLE FROM THE LEFT         ,2B,B,8,Unknown,1,2,1,01,Pedestrians,Y,Serious injury,40-49,3056.0,F,MELBOURNE,MELB_URBAN,-37.79973881,144.9577512,3000,Unknown,Vehicle within intersection,Not known,GRATTAN,ROYAL REV,STREET,PARADE SERVICE ROAD,Collision,Not Applicable
T20190000456,2019-01-08,23:00:00                      ,Struck Pedestrian,Tuesday,PED NEAR SIDE. PED HIT BY VEHICLE FROM THE RIGHT.      ,1A,C,10,Dark Street lights on,1,2,1,01,Pedestrians,Y,Serious injury,40-49,3172.0,F,MELBOURNE,MELB_URBAN,-37.82036386,144.9575584,3000,Dry,Vehicle leaving intersection,Clear,KINGS,KING,WAY,STREET,Collision,Not Applicable
T20190000544,2019-01-10,15:30:00                      ,Struck Pedestrian,Thursday,FAR SIDE. PED HIT BY VEHICLE FROM THE LEFT         ,1B,L,7,Day,1,2,0,01,Pedestrians,Y,Other injury,64-69,,M,MELBOURNE,MELBOURNE_CBD,-37.81558151,144.9637748,3000,Dry,Not Required,Clear,ELIZABETH,LITTLE COLLINS,STREET,STREET,Collision,Not Applicable
T20190000701,2019-01-13,01:24:00                      ,Struck Pedestrian,Sunday,FAR SIDE. PED HIT BY VEHICLE FROM THE LEFT         ,2B,K,7,Dark Street lights on,1,2,0,01,Pedestrians,N,Other injury,17-21,3182.0,M,MELBOURNE,MELB_URBAN,-37.79795209,144.9748771,3053,Dry,Vehicle entering intersection,Clear,NICHOLSON,JOHNSTON,STREET,STREET,Collision,Not Applicable
T20190000712,2019-01-10,19:00:00                      ,Struck Pedestrian,Thursday,PED NEAR SIDE. PED HIT BY VEHICLE FROM THE RIGHT.      ,2A,H,11,Day,1,2,0,01,Pedestrians, ,Other injury,26-29,3051.0,M,MELBOURNE,MELB_URBAN,-37.80498418,144.9477745,3003,Dry,Vehicle within intersection,Clear,CURZON,KING,STREET,STREET,Collision,Not Applicable
T20190000943,2019-01-16,21:10:00                      ,Struck Pedestrian,Wednesday,PED NEAR SIDE. PED HIT BY VEHICLE FROM THE RIGHT.      ,2G,B,9,Dark Street lights on,1,2,0,01,Pedestrians,Y,Other injury,22-25,3032.0,M,MELBOURNE,MELB_URBAN,-37.82337501,144.9785686,3004,Dry,Vehicle leaving intersection,Clear,BATMAN,OLYMPIC,AVENUE,BOULEVARD,Collision,Not Applicable
T20190001348,2019-01-23,12:27:00                      ,Struck Pedestrian,Wednesday,PED NEAR SIDE. PED HIT BY VEHICLE FROM THE RIGHT.      ,2A,K,6,Day,1,2,0,01,Pedestrians,Y,Other injury,13-15,3051.0,U,MELBOURNE,MELB_URBAN,-37.79707838,144.9518021,3051,Dry,Not Required,Clear,FLEMINGTON,HARKER,ROAD,STREET,Collision,Not Applicable
T20190001376,2019-01-23,19:00:00                      ,Struck Pedestrian,Wednesday,PED ON FOOTHPATH STRUCK BY VEHENTERING/LEAVING DRIVEWAY.  ,2A,F,7,Day,1,3,0,02,Pedestrians,Y,Other injury,5-12,3051.0,M,MELBOURNE,MELB_URBAN,-37.79827693,144.9447706,3051,Dry,Not on Footpath,Clear,HAINES,DAISY,STREET,COURT,Collision,Not Applicable
T20190001516,2019-01-25,19:08:00                      ,Struck Pedestrian,Friday,FAR SIDE. PED HIT BY VEHICLE FROM THE LEFT         ,1B,T,3,Day,1,2,0,01,Pedestrians,N,Other injury,40-49,3025.0,F,MELBOURNE,MELBOURNE_CBD,-37.80996023,144.9702301,3000,Dry,Not Required,Clear,LONSDALE,EXHIBITION,STREET,STREET,Collision,Not Applicable
T20190001767,2019-01-29,17:15:00                      ,Struck Pedestrian,Tuesday,PED NEAR SIDE. PED HIT BY VEHICLE FROM THE RIGHT.      ,1A,A,9,Day,2,3,1,01,Pedestrians,Y,Serious injury,30-39,,M,MELBOURNE,MELBOURNE_CBD,-37.8200284,144.9548693,3000,Dry,Vehicle going straight through,Not known,FLINDERS,SPENCER,LANE,STREET,Collision,Not Applicable
T20190001969,2019-01-07,09:30:00                      ,Struck Pedestrian,Monday,ANY MANOEUVRE INVOLVING PED NOT INCLUDED IN DCAs 100-108.  ,2A,G,8,Day,1,2,0,01,Pedestrians,N,Other injury,26-29,3046.0,F,MELBOURNE,MELB_URBAN,-37.80052789,144.9459007,3051,Dry,Not Required,Clear,ABBOTSFORD,ARDEN,STREET,STREET,Collision,Not Applicable
T20190002483,2019-02-08,23:30:00                      ,Struck Pedestrian,Friday,FAR SIDE. PED HIT BY VEHICLE FROM THE LEFT         ,1A,C,10,Dark Street lights on,1,3,0,02,Pedestrians, ,Other injury,40-49,,M,MELBOURNE,MELB_URBAN,-37.82036386,144.9575584,3000,Dry,Vehicle leaving intersection,Clear,KINGS,KING,WAY,STREET,Collision,Not Applicable
T20190002487,2019-02-08,19:30:00                      ,Struck Pedestrian,Friday,PED NEAR SIDE. PED HIT BY VEHICLE FROM THE RIGHT.      ,1B,N,9,Day,1,2,0,01,Pedestrians, ,Other injury,26-29,3070.0,U,MELBOURNE,MELBOURNE_CBD,-37.81648513,144.9669886,3000,Dry,Vehicle entering intersection,Clear,FLINDERS,SWANSTON,LANE,STREET,Collision,Not Applicable
T20190002521,2019-02-08,21:25:00                      ,Struck Pedestrian,Friday,PED NEAR SIDE. PED HIT BY VEHICLE FROM THE RIGHT.      ,1A,F,3,Dark Street lights on,1,3,1,02,Pedestrians,Y,Serious injury,26-29,,F,MELBOURNE,MELBOURNE_CBD,-37.81371239,144.957323,3000,Dry,Vehicle within intersection,Clear,LONSDALE,WILLIAM,STREET,STREET,Collision,Not Applicable
T20190002681,2019-02-12,06:30:00                      ,Struck Pedestrian,Tuesday,FAR SIDE. PED HIT BY VEHICLE FROM THE LEFT         ,2G,D,11,Dark Street lights on,1,2,0,01,Pedestrians,Y,Serious injury,40-49,3012.0,F,MELBOURNE,MELB_URBAN,-37.82802227,144.9828993,3004,Dry,Not Required,Clear,ALEXANDRA,ANDERSON,AVENUE,STREET,Collision,Not Applicable
T20190003018,2019-02-16,16:40:00                      ,Struck Pedestrian,Saturday,PED NEAR SIDE. PED HIT BY VEHICLE FROM THE RIGHT.      ,2F,F,12,Day,1,3,0,02,Pedestrians,Y,Other injury,17-21,3016.0,M,MELBOURNE,MELB_URBAN,-37.8304393,144.9652563,3006,Dry,Vehicle entering intersection,Clear,STURT,COVENTRY,STREET,STREET,Collision,Not Applicable
T20190003022,2019-02-16,19:55:00                      ,Struck Pedestrian,Saturday,PED STRUCK WALKING TO/FROM OR BOARDING/ALIGHTING VEHICLE.  ,1A,A,6,Dusk/Dawn,1,3,0,01,Pedestrians,Y,Other injury,17-21,,F,MELBOURNE,MELB_URBAN,-37.81757016,144.9534595,3000,Dry,Pedestrian emerged from behind car etc,Clear,SPENCER,BOURKE,STREET,STREET,Collision,Not Applicable
T20190003022,2019-02-16,19:55:00                      ,Struck Pedestrian,Saturday,PED STRUCK WALKING TO/FROM OR BOARDING/ALIGHTING VEHICLE.  ,1A,A,6,Dusk/Dawn,1,3,0,02,Pedestrians, ,Not injured,17-21,,M,MELBOURNE,MELB_URBAN,-37.81757016,144.9534595,3000,Dry,Pedestrian emerged from behind car etc,Clear,SPENCER,BOURKE,STREET,STREET,Collision,Not Applicable
T20190003701,2019-02-24,23:15:00                      ,Struck Pedestrian,Sunday,PARKED CAR RUN AWAY                     ,2G,C,6,Dark Street lights on,1,2,1,02,Pedestrians,Y,Serious injury,50-59,3165.0,M,MELBOURNE,MELB_URBAN,-37.81860414,144.981747,3002,Dry,Not Required,Clear,JOLIMONT,JOLIMONT,STREET,TERRACE,Ran off carriageway,Not Applicable
T20190003789,2019-02-27,10:01:00                      ,Struck Pedestrian,Wednesday,FAR SIDE. PED HIT BY VEHICLE FROM THE LEFT         , , , ,Day,1,2,0,01,Pedestrians,Y,Other injury,50-59,3207.0,F,MELBOURNE,MELBOURNE_CBD,-37.81901052,144.9584102,3000,Dry,Not Required,Clear,FLINDERS,CUSTOM HOUSE,LANE,LANE,Collision,Not Applicable
T20190003847,2019-02-15,15:25:00                      ,Struck Pedestrian,Friday,PED EMERGES FROM IN FRONT OF PARKED OR STATIONARY VEHICLE  ,2B,G,12,Day,1,2,0,01,Pedestrians,Y,Other injury,17-21,,M,MELBOURNE,MELB_URBAN,-37.80714699,144.9674705,3000,Dry,Pedestrian emerged from behindbus,Clear,VICTORIA,MACKENZIE,STREET,STREET,Collision,Not Applicable
T20190003949,2019-03-01,05:08:00                      ,Struck Pedestrian,Friday,VEH STRIKES PED ON FOOTPATH/MEDIAN/TRAFFIC ISLAND.,2B,E,11,Dark Street lights on,1,3,0,01,Pedestrians, ,Other injury,17-21,3095.0,F,MELBOURNE,MELB_URBAN,-37.80610022,144.962992,3053,Dry,Vehicle moving foward - under control,Not known,SWANSTON,CARDIGAN,STREET,TERRACE,Collision,Not Applicable
T20190003999,2019-02-28,21:50:00                      ,Struck Pedestrian,Thursday,FAR SIDE. PED HIT BY VEHICLE FROM THE LEFT         ,2B,C,1,Dark Street lights on,1,2,0,01,Pedestrians,N,Other injury,50-59,3150.0,M,MELBOURNE,MELB_URBAN,-37.78772987,144.9592678,3054,Dry,Not Required,Clear,ROYAL PARADE SERVICE,CEMETERY W,ROAD,ROAD,Collision,Not Applicable
T20190004333,2019-02-24,16:06:00                      ,Struck Pedestrian,Sunday,PED NEAR SIDE. PED HIT BY VEHICLE FROM THE RIGHT.      ,2G,G,5,Day,1,2,0,01,Pedestrians, ,Other injury,26-29,,F,MELBOURNE,MELB_URBAN,-37.81755491,144.9900128,3002,Dry,Vehicle within intersection,Clear,HODDLE STREET -PUNT,WELLINGTON,ROAD,PARADE,Collision,Not Applicable
T20190004771,2019-03-13,11:05:00                      ,Struck Pedestrian,Wednesday,PED STRUCK WALKING TO/FROM OR BOARDING/ALIGHTING VEHICLE.  ,29,G,12,Day,1,2,0,01,Pedestrians,Y,Other injury,17-21,3052.0,M,MELBOURNE,MELB_URBAN,-37.78472297,144.9593976,3052,Dry,Alighting,Clear,ROYAL,WALKER,PARADE,STREET,Collision,Not Applicable
T20190005255,2019-03-19,14:35:00                      ,Struck Pedestrian,Tuesday,PED PLAYING/LYING/WORKING/STANDING ON CARRIAGEWAY.,2B,H,12,Day,1,2,1,01,Pedestrians,Y,Serious injury,17-21,3145.0,M,MELBOURNE,MELB_URBAN,-37.80733871,144.9692602,3000,Dry,Pedestrian activity not known,Clear,VICTORIA,EXHIBITION,STREET,STREET,Collision,Not Applicable
T20190005311,2019-03-19,21:15:00                      ,Struck Pedestrian,Tuesday,PED NEAR SIDE. PED HIT BY VEHICLE FROM THE RIGHT.      ,2B,G,11,Dark Street lights on,1,2,0,01,Pedestrians, ,Other injury,30-39,,F,MELBOURNE,MELB_URBAN,-37.80506276,144.9676968,3053,Unknown,Vehicle entering intersection,Clear,DRUMMOND,QUEENSBERRY,STREET,STREET,Collision,Not Applicable
T20190005337,2019-03-20,21:02:00                      ,Struck Pedestrian,Wednesday,PED NEAR SIDE. PED HIT BY VEHICLE FROM THE RIGHT.      ,1A,H,6,Dark Street lights on,1,2,0,01,Pedestrians, ,Other injury,30-39,3166.0,F,MELBOURNE,MELBOURNE_CBD,-37.81594418,144.9611309,3000,Dry,Not Required,Clear,LITTLE COLLINS,QUEEN,STREET,STREET,Collision,Not Applicable
T20190005396,2019-03-21,16:40:00                      ,Struck Pedestrian,Thursday,FAR SIDE. PED HIT BY VEHICLE FROM THE LEFT         ,2L,A,5,Day,1,2,0,01,Pedestrians,Y,Serious injury,26-29,,F,MELBOURNE,MELB_URBAN,-37.83907987,144.9765811,3004,Dry,Vehicle entering intersection,Clear,ST KILDA,SLATER,ROAD,STREET,Collision,Not Applicable
T20190005763,2019-03-26,21:15:00                      ,Struck Pedestrian,Tuesday,ANY MANOEUVRE INVOLVING PED NOT INCLUDED IN DCAs 100-108.  ,2B,D,3,Dark Street lights on,1,2,0,01,Pedestrians,N,Other injury,40-49,3058.0,M,MELBOURNE,MELB_URBAN,-37.79198677,144.962511,3052,Dry,Not Required,Not known,COLLEGE,MORRISON,CRESCENT,CLOSE,Collision,Not Applicable
T20190006793,2019-04-10,14:20:00                      ,Struck Pedestrian,Wednesday,FAR SIDE. PED HIT BY VEHICLE FROM THE LEFT         ,1B,M,10,Day,1,2,0,01,Pedestrians,N,Other injury,26-29,3805.0,F,MELBOURNE,MELB_URBAN,-37.81783332,144.9661315,3000,Dry,Vehicle leaving intersection,Clear,FLINDERS,DEGRAVES,STREET,STREET,Collision,Not Applicable
T20190007047,2019-04-13,17:44:00                      ,Struck Pedestrian,Saturday,FAR SIDE. PED HIT BY VEHICLE FROM THE LEFT         ,2A,K,6,Dusk/Dawn,1,2,1,01,Pedestrians,N,Other injury,5-12,,M,MELBOURNE,MELB_URBAN,-37.79585097,144.9521112,3052,Dry,Not Required,Clear,GATEHOUSE,PARK,STREET,GROVE,Collision,Not Applicable
T20190007077,2019-04-14,10:56:00                      ,Struck Pedestrian,Sunday,PED NEAR SIDE. PED HIT BY VEHICLE FROM THE RIGHT.      ,2A,G,9,Day,1,4,3,01,Pedestrians,Y,Serious injury,70+,3051.0,M,MELBOURNE,MELB_URBAN,-37.80259479,144.9455314,3051,Dry,Vehicle leaving intersection,Clear,ABBOTSFORD,QUEENSBERRY,STREET,STREET,Collision,Not Applicable
T20190007077,2019-04-14,10:56:00                      ,Struck Pedestrian,Sunday,PED NEAR SIDE. PED HIT BY VEHICLE FROM THE RIGHT.      ,2A,G,9,Day,1,4,3,02,Pedestrians,Y,Serious injury,0-4,,M,MELBOURNE,MELB_URBAN,-37.80259479,144.9455314,3051,Dry,Vehicle leaving intersection,Clear,ABBOTSFORD,QUEENSBERRY,STREET,STREET,Collision,Not Applicable
T20190007077,2019-04-14,10:56:00                      ,Struck Pedestrian,Sunday,PED NEAR SIDE. PED HIT BY VEHICLE FROM THE RIGHT.      ,2A,G,9,Day,1,4,3,03,Pedestrians,Y,Serious injury,5-12,,M,MELBOURNE,MELB_URBAN,-37.80259479,144.9455314,3051,Dry,Vehicle leaving intersection,Clear,ABBOTSFORD,QUEENSBERRY,STREET,STREET,Collision,Not Applicable
T20190008429,2019-05-04,18:00:00                      ,Struck Pedestrian,Saturday,PED NEAR SIDE. PED HIT BY VEHICLE FROM THE RIGHT.      ,1A,C,10,Day,1,2,0,01,Pedestrians, ,Other injury,26-29,,F,MELBOURNE,MELB_URBAN,-37.82036386,144.9575584,3000,Dry,Vehicle entering intersection,Clear,KINGS,KING,WAY,STREET,Collision,Not Applicable
T20190008956,2019-05-13,08:00:00                      ,Struck Pedestrian,Monday,ANY MANOEUVRE INVOLVING PED NOT INCLUDED IN DCAs 100-108.  ,43,F,9,Day,1,2,0,01,Pedestrians, ,Other injury,26-29,,F,MELBOURNE,MELBOURNE_CBD,-37.81856057,144.9559203,3000,Dry,Not Required,Clear,COLLINS,KING,STREET,STREET,Collision,Not Applicable
T20190008966,2019-05-12,09:20:00                      ,Struck Pedestrian,Sunday,FAR SIDE. PED HIT BY VEHICLE FROM THE LEFT         ,43,F,10,Day,1,2,0,01,Pedestrians,Y,Other injury,30-39,3199.0,M,MELBOURNE,MELB_URBAN,-37.82060535,144.9548512,3008,Dry,Vehicle turning left,Clear,SPENCER,FLINDERS,STREET,STREET,Collision,Not Applicable