KEYAccidentNumber,DATAccidentDate_accident,TIMAccidentTime_accident,CATAccidentTypeDesc_accident,CATDayOfWeek_accident,CATDCADesc_accident,CATMelwaysPage_accident,CATMelwaysGridRef_X_accident,CATMelwaysGridRef_Y_accident,CATLightConditionDesc_accident,NUMVehiclesInvolved_accident,NUMPersonsInvolved_accident,NUMPersonsInjured_accident,KEYPersonID_person,CATRoadUserTypeDesc_person,CATTakenHospital_person,CATInjuryLevelDesc_person,CATAgeGroup_person,CATPostcode_person,CATGender_person,CATLGAName_node,CATDEGUrbanName_node,NUMLatitude_node,NUMLongitude_node,CATPostcode_node,CATSurfaceConditionDesc_surface,CATSubDCACodeDesc_subdca,CATAtmosphericConditionDesc_atmosphere,CATRoadName_acclocation,CATRoadNameInt_acclocation,CATRoadType_acclocation,CATRoadTypeInt_acclocation,CATEventTypeDesc_accevent,CATObjectTypeDesc_accevent
T20190009035,2019-05-14,10:35:00                      ,Struck Pedestrian,Tuesday,PED NEAR SIDE. PED HIT BY VEHICLE FROM THE RIGHT.      ,2T,K,1,Day,1,2,0,01,Pedestrians,Y,Serious injury,60-64,3939.0,F,MELBOURNE,MELB_URBAN,-37.78815849,144.9294826,3031,Dry,Vehicle leaving intersection,Clear,RACECOURSE,EASTWOOD,ROAD,STREET,Collision,Not Applicable
T20190009299,2019-05-18,02:25:00                      ,Struck Pedestrian,Saturday,PED NEAR SIDE. PED HIT BY VEHICLE FROM THE RIGHT.      ,43,G,7,Dark Street lights on,1,2,0,01,Pedestrians,Y,Other injury,22-25,3064.0,M,MELBOURNE,MELBOURNE_CBD,-37.81162012,144.9619553,3000,Dry,Vehicle going straight through,Clear,ELIZABETH,LITTLE LONSDALE,STREET,STREET,Collision,Not Applicable
T20190009314,2019-05-18,09:32:00                      ,Struck Pedestrian,Saturday,PED NEAR SIDE. PED HIT BY VEHICLE FROM THE RIGHT.      ,2T,K,1,Day,1,2,1,01,Pedestrians,Y,Serious injury,30-39,3031.0,F,MELBOURNE,MELB_URBAN,-37.78815849,144.9294826,3031,Dry,Vehicle within intersection,Clear,RACECOURSE,EASTWOOD,ROAD,STREET,Collision,Not Applicable
T20190009608,2019-05-22,16:17:00                      ,Struck Pedestrian,Wednesday,FAR SIDE. PED HIT BY VEHICLE FROM THE LEFT         ,1A,A,6,Day,1,2,2,01,Pedestrians,Y,Serious injury,30-39,3163.0,F,MELBOURNE,MELB_URBAN,-37.81808162,144.9536946,3000,Dry,Vehicle entering intersection,Clear,SPENCER,LITTLE COLLINS,STREET,STREET,Collision,Not Applicable
T20190009639,2019-05-23,07:30:00                      ,Struck Pedestrian,Thursday,PED EMERGES FROM IN FRONT OF PARKED OR STATIONARY VEHICLE  ,28,G,11,Day,1,2,0,01,Pedestrians, ,Other injury,30-39,3093.0,F,MELBOURNE,MELB_URBAN,-37.78172978,144.9158306,3031,Dry,Pedestrian emerged from behind car etc,Clear,EPSOM,ASCOT,ROAD,STREET,Collision,Not Applicable
T20190009823,2019-05-25,21:15:00                      ,Struck Pedestrian,Saturday,PED NEAR SIDE. PED HIT BY VEHICLE FROM THE RIGHT.      ,2B,G,12,Dark Street lights on,1,2,0,01,Pedestrians,Y,Other injury,50-59,3065.0,M,MELBOURNE,MELB_URBAN,-37.80729439,144.9688464,3000,Wet,Vehicle turning left,Raining,VICTORIA,EXHIBITION,STREET,STREET,Collision,Not Applicable
T20190010218,2019-05-30,17:00:00                      ,Struck Pedestrian,Thursday,PED NEAR SIDE. PED HIT BY VEHICLE FROM THE RIGHT.      ,2B,E,8,Dusk/Dawn,1,2,0,01,Pedestrians, ,Other injury,17-21,3053.0,F,MELBOURNE,MELB_URBAN,-37.80052634,144.9634992,3053,Dry,Vehicle reversing,Not known,LITTLE GRATTAN,GRATTAN,STREET,STREET,Collision,Not Applicable
T20190010230,2019-05-31,19:30:00                      ,Struck Pedestrian,Friday,PED NEAR SIDE. PED HIT BY VEHICLE FROM THE RIGHT.      ,1C,J,7,Dark Street lights on,1,2,0,01,Pedestrians,N,Other injury,30-39,3195.0,F,MELBOURNE,MELB_URBAN,-37.8267821,144.9591131,3006,Dry,Vehicle entering intersection,Clear,CITY,CLARKE,ROAD,STREET,Collision,Not Applicable
T20190010233,2019-05-31,17:20:00                      ,Struck Pedestrian,Friday,FAR SIDE. PED HIT BY VEHICLE FROM THE LEFT         ,43,K,3,Dusk/Dawn,1,2,0,01,Pedestrians,N,Other injury,13-15,3053.0,F,MELBOURNE,MELB_URBAN,-37.79527618,144.9753381,3053,Unknown,Vehicle entering intersection,Clear,NICHOLSON,KAY,STREET,STREET,Collision,Not Applicable
T20190010426,2019-06-03,17:20:00                      ,Struck Pedestrian,Monday,PED NEAR SIDE. PED HIT BY VEHICLE FROM THE RIGHT.      ,2L,C,11,Dusk/Dawn,1,2,0,01,Pedestrians,N,Other injury,26-29,3004.0,F,MELBOURNE,MELB_URBAN,-37.85021929,144.9806426,3004,Dry,Vehicle within intersection,Clear,ST KILDA,HIGH,ROAD,STREET,Collision,Not Applicable
T20190010532,2019-06-04,21:30:00                      ,Struck Pedestrian,Tuesday,PED NEAR SIDE. PED HIT BY VEHICLE FROM THE RIGHT.      ,43,G,11,Dark Street lights on,1,2,0,01,Pedestrians,N,Other injury,30-39,3000.0,M,MELBOURNE,MELB_URBAN,-37.82341295,144.9607653,3006,Dry,Vehicle entering intersection,Clear,QUEENS BRIDGE,WHITEMAN,STREET,STREET,Collision,Not Applicable
T20190010543,2019-06-05,14:30:00                      ,Struck Pedestrian,Wednesday,FAR SIDE. PED HIT BY VEHICLE FROM THE LEFT         ,1D,Q,3,Day,1,2,0,01,Pedestrians, ,Other injury,30-39,3011.0,M,MELBOURNE,MELB_URBAN,-37.82144061,144.9638292,3006,Dry,Vehicle entering intersection,Clear,COOK,RIVERSIDE,STREET,QUAY,Collision,Not Applicable
T20190010691,2019-06-07,06:30:00                      ,Struck Pedestrian,Friday,FAR SIDE. PED HIT BY VEHICLE FROM THE LEFT         ,2E,K,1,Dark Street lights on,1,3,0,01,Pedestrians,N,Other injury,22-25,,F,MELBOURNE,MELB_URBAN,-37.80923867,144.9523651,3003,Dry,Vehicle within intersection,Clear,DUDLEY,KING,STREET,STREET,Collision,Not Applicable
T20190011063,2019-06-13,19:05:00                      ,Struck Pedestrian,Thursday,PED EMERGES FROM IN FRONT OF PARKED OR STATIONARY VEHICLE  ,2B,G,7,Dark Street lights on,1,3,0,01,Pedestrians, ,Not injured,50-59,3429.0,F,MELBOURNE,MELB_URBAN,-37.79873107,144.9678003,3053,Dry,Vehicle reversing,Clear,FARADAY,DEL MONACO,STREET,LANE,Collision,Not Applicable
T20190011063,2019-06-13,19:05:00                      ,Struck Pedestrian,Thursday,PED EMERGES FROM IN FRONT OF PARKED OR STATIONARY VEHICLE  ,2B,G,7,Dark Street lights on,1,3,0,02,Pedestrians,Y,Other injury,70+,3429.0,F,MELBOURNE,MELB_URBAN,-37.79873107,144.9678003,3053,Dry,Vehicle reversing,Clear,FARADAY,DEL MONACO,STREET,LANE,Collision,Not Applicable
T20190011494,2019-06-20,17:10:00                      ,Struck Pedestrian,Thursday,PED NEAR SIDE. PED HIT BY VEHICLE FROM THE RIGHT.      ,1A,G,10,Dusk/Dawn,1,2,1,01,Pedestrians,Y,Serious injury,30-39,3072.0,M,MELBOURNE,MELB_URBAN,-37.8192109,144.9613978,3000,Wet,Vehicle leaving intersection,Raining,FLINDERS,FOXTON,STREET,LANE,Collision,Not Applicable
T20190012025,2019-06-28,12:00:00                      ,Struck Pedestrian,Friday,PED NEAR SIDE. PED HIT BY VEHICLE FROM THE RIGHT.      ,2B,B,11,Day,1,2,0,01,Pedestrians,Y,Fatality,70+,,F,MELBOURNE,MELB_URBAN,-37.80589205,144.9561105,3000,Dry,Vehicle within intersection,Clear,PEEL,VICTORIA,STREET,STREET,Collision,Not Applicable
T20190012114,2019-06-30,00:46:00                      ,Struck Pedestrian,Sunday,PED NEAR SIDE. PED HIT BY VEHICLE FROM THE RIGHT.      ,43,F,11,Dark Street lights on,1,2,0,01,Pedestrians,Y,Other injury,50-59,3021.0,F,MELBOURNE,MELB_URBAN,-37.82446112,144.9566332,3006,Dry,Not Required,Clear,CLARENDON,NORMANBY,STREET,ROAD,Collision,Not Applicable
T20190012135,2019-06-30,12:29:00                      ,Struck Pedestrian,Sunday,ANY MANOEUVRE INVOLVING PED NOT INCLUDED IN DCAs 100-108.  ,1B,Q,6,Day,1,2,0,01,Pedestrians,N,Other injury,50-59,3000.0,M,MELBOURNE,MELBOURNE_CBD,-37.81400225,144.9678113,3000,Dry,Not Required,Clear,LITTLE COLLINS,RUSSELL,STREET,PLACE,Collision,Not Applicable
T20190012344,2019-06-09,21:40:00                      ,Struck Pedestrian,Sunday,PED NEAR SIDE. PED HIT BY VEHICLE FROM THE RIGHT.      ,1B,T,7,Dark Street lights on,1,2,0,01,Pedestrians,N,Other injury,70+,3128.0,M,MELBOURNE,MELBOURNE_CBD,-37.81404704,144.9714728,3000,Wet,Vehicle within intersection,Raining,COLLINS,EXHIBITION,STREET,STREET,Collision,Not Applicable
T20190012346,2019-05-03,15:30:00                      ,Struck Pedestrian,Friday,FAR SIDE. PED HIT BY VEHICLE FROM THE LEFT         ,56,F,1,Day,1,2,0,01,Pedestrians, ,Other injury,17-21,3207.0,M,MELBOURNE,MELB_URBAN,-37.83243107,144.9121263,3207,Dry,Vehicle turning left,Not known,TODD,COOK,ROAD,STREET,Collision,Not Applicable
T20190012517,2019-07-05,16:00:00                      ,Struck Pedestrian,Friday,PED NEAR SIDE. PED HIT BY VEHICLE FROM THE RIGHT.      ,2G,F,8,Day,1,5,0,01,Pedestrians, ,Other injury,30-39,3977.0,F,MELBOURNE,MELB_URBAN,-37.82298103,144.988013,3002,Dry,Vehicle going straight through,Clear,BRUNTON,PUNT,AVENUE,ROAD,Collision,Not Applicable
T20190012517,2019-07-05,16:00:00                      ,Struck Pedestrian,Friday,PED NEAR SIDE. PED HIT BY VEHICLE FROM THE RIGHT.      ,2G,F,8,Day,1,5,0,02,Pedestrians,N,Other injury,5-12,3977.0,F,MELBOURNE,MELB_URBAN,-37.82298103,144.988013,3002,Dry,Vehicle going straight through,Clear,BRUNTON,PUNT,AVENUE,ROAD,Collision,Not Applicable
T20190012517,2019-07-05,16:00:00                      ,Struck Pedestrian,Friday,PED NEAR SIDE. PED HIT BY VEHICLE FROM THE RIGHT.      ,2G,F,8,Day,1,5,0,03,Pedestrians, ,Other injury,30-39,3304.0,F,MELBOURNE,MELB_URBAN,-37.82298103,144.988013,3002,Dry,Vehicle going straight through,Clear,BRUNTON,PUNT,AVENUE,ROAD,Collision,Not Applicable
T20190012576,2019-07-06,13:30:00                      ,Struck Pedestrian,Saturday,PED PLAYING/LYING/WORKING/STANDING ON CARRIAGEWAY.,1B,N,7,Day,1,2,0,01,Pedestrians, ,Other injury,50-59,3137.0,M,MELBOURNE,MELBOURNE_CBD,-37.81543092,144.9667504,3000,Dry,Pedestrian standing,Clear,COLLINS,SWANSTON,STREET,STREET,Collision,Not Applicable
T20190012863,2019-07-10,22:30:00                      ,Struck Pedestrian,Wednesday,PED NEAR SIDE. PED HIT BY VEHICLE FROM THE RIGHT.      ,2A,J,8,Dark Street lights on,1,3,0,01,Pedestrians,Y,Other injury,26-29,3122.0,F,MELBOURNE,MELB_URBAN,-37.80097755,144.9499905,3051,Wet,Vehicle within intersection,Raining,ARDEN,ERROL,STREET,STREET,Collision,Not Applicable
T20190012863,2019-07-10,22:30:00                      ,Struck Pedestrian,Wednesday,PED NEAR SIDE. PED HIT BY VEHICLE FROM THE RIGHT.      ,2A,J,8,Dark Street lights on,1,3,0,02,Pedestrians,Y,Other injury,30-39,3084.0,F,MELBOURNE,MELB_URBAN,-37.80097755,144.9499905,3051,Wet,Vehicle within intersection,Raining,ARDEN,ERROL,STREET,STREET,Collision,Not Applicable
T20190013091,2019-07-14,16:30:00                      ,Struck Pedestrian,Sunday,FAR SIDE. PED HIT BY VEHICLE FROM THE LEFT         ,43,J,6,Dusk/Dawn,1,2,0,01,Pedestrians,Y,Other injury,17-21,3064.0,M,MELBOURNE,MELB_URBAN,-37.80752614,144.9706118,3000,Wet,Vehicle entering intersection,Clear,LA TROBE,VICTORIA,STREET,STREET,Collision,Not Applicable
T20190013289,2019-07-17,05:14:00                      ,Struck Pedestrian,Wednesday,PED PLAYING/LYING/WORKING/STANDING ON CARRIAGEWAY.,43,H,9,Dark Street lights on,1,3,1,02,Pedestrians,N,Other injury,30-39,3121.0,M,MELBOURNE,MELBOURNE_CBD,-37.81739198,144.9658139,3000,Dry,Pedestrian lying,Clear,DEGRAVES,DEGRAVES,STREET,PLACE,Collision,Not Applicable
T20190014065,2019-07-28,14:20:00                      ,Struck Pedestrian,Sunday,PED NEAR SIDE. PED HIT BY VEHICLE FROM THE RIGHT.      ,43,B,7,Day,1,2,0,01,Pedestrians,N,Other injury,40-49,,F,MELBOURNE,MELB_URBAN,-37.81162693,144.9383689,3008,Dry,Vehicle entering intersection,Clear,WATERFRONT,OBSERVATION,WAY,DRIVE,Collision,Not Applicable
T20190014066,2019-07-28,14:58:00                      ,Struck Pedestrian,Sunday,PED NEAR SIDE. PED HIT BY VEHICLE FROM THE RIGHT.      ,1B,L,5,Day,2,3,0,01,Pedestrians,N,Other injury,70+,,M,MELBOURNE,MELBOURNE_CBD,-37.81424771,144.9631593,3000,Dry,Vehicle entering intersection,Clear,BOURKE,ELIZABETH,STREET,STREET,Collision,Not Applicable
T20190014160,2019-07-30,06:44:00                      ,Struck Pedestrian,Tuesday,PED NEAR SIDE. PED HIT BY VEHICLE FROM THE RIGHT.      ,2L,C,11,Dusk/Dawn,1,2,0,01,Pedestrians,N,Other injury,30-39,3109.0,M,MELBOURNE,MELB_URBAN,-37.85021929,144.9806426,3004,Dry,Vehicle within intersection,Clear,HIGH,ST KILDA,STREET,ROAD,Collision,Not Applicable
T20190014513,2019-08-03,18:59:00                      ,Struck Pedestrian,Saturday,PED NEAR SIDE. PED HIT BY VEHICLE FROM THE RIGHT.      ,2L,D,2,Dark Street lights on,1,2,0,01,Pedestrians, ,Other injury,70+,3141.0,F,MELBOURNE,MELB_URBAN,-37.83414554,144.9825237,3004,Dry,Vehicle within intersection,Clear,BIRDWOOD,PARK,AVENUE,STREET,Collision,Not Applicable
T20190014927,2019-08-09,06:30:00                      ,Struck Pedestrian,Friday,PED NEAR SIDE. PED HIT BY VEHICLE FROM THE RIGHT.      ,43,E,8,Dusk/Dawn,1,2,1,01,Pedestrians,Y,Serious injury,26-29,,F,MELBOURNE,MELBOURNE_CBD,-37.81507423,144.9525593,3000,Wet,Vehicle entering intersection,Clear,LONSDALE,SPENCER,STREET,STREET,Collision,Not Applicable
T20190015340,2019-08-14,00:26:00                      ,Struck Pedestrian,Wednesday,PED NEAR SIDE. PED HIT BY VEHICLE FROM THE RIGHT.      ,1A,C,9,Dark Street lights on,1,3,1,02,Pedestrians,N,Other injury,40-49,3000.0,M,MELBOURNE,MELBOURNE_CBD,-37.81939013,144.9571063,3000,Dry,Vehicle entering intersection,Clear,KING,FLINDERS,STREET,LANE,Collision,Not Applicable
T20190015684,2019-08-02,00:30:00                      ,Struck Pedestrian,Friday,FAR SIDE. PED HIT BY VEHICLE FROM THE LEFT         ,1B,L,9,Dark Street lights on,1,2,0,01,Pedestrians,N,Other injury,26-29,3150.0,M,MELBOURNE,MELBOURNE_CBD,-37.8170736,144.9649517,3000,Dry,Vehicle going straight through,Not known,FLINDERS,ROTHSAY,LANE,LANE,Collision,Not Applicable
T20190016091,2019-08-24,16:59:00                      ,Struck Pedestrian,Saturday,PED STRUCK WALKING TO/FROM OR BOARDING/ALIGHTING VEHICLE.  ,2B,B,5,Dusk/Dawn,1,2,0,02,Pedestrians,N,Other injury,22-25,,M,MELBOURNE,MELB_URBAN,-37.79576031,144.958044,3052,Dry,Alighting,Clear,ROYAL,MORRAH,PARADE,STREET,Collision,Not Applicable
T20190016904,2019-09-03,13:25:00                      ,Struck Pedestrian,Tuesday,PED NEAR SIDE. PED HIT BY VEHICLE FROM THE RIGHT.      ,1B,U,3,Day,1,3,0,01,Pedestrians, ,Other injury,30-39,,F,MELBOURNE,MELBOURNE_CBD,-37.80986999,144.97054,3000,Dry,Not Required,Clear,LONSDALE,EXHIBITION,STREET,STREET,Collision,Not Applicable
T20190016904,2019-09-03,13:25:00                      ,Struck Pedestrian,Tuesday,PED NEAR SIDE. PED HIT BY VEHICLE FROM THE RIGHT.      ,1B,U,3,Day,1,3,0,02,Pedestrians, ,Other injury,0-4,,F,MELBOURNE,MELBOURNE_CBD,-37.80986999,144.97054,3000,Dry,Not Required,Clear,LONSDALE,EXHIBITION,STREET,STREET,Collision,Not Applicable
T20190016976,2019-08-28,14:45:00                      ,Struck Pedestrian,Wednesday,PED NEAR SIDE. PED HIT BY VEHICLE FROM THE RIGHT.      ,43,H,6,Day,1,2,1,01,Pedestrians,Y,Serious injury,40-49,3052.0,M,MELBOURNE,MELB_URBAN,-37.80648548,144.9629264,3053,Wet,Not Required,Not known,SWANSTON,VICTORIA,STREET,STREET,Collision,Not Applicable
T20190017167,2019-09-05,10:33:00                      ,Struck Pedestrian,Thursday,FAR SIDE. PED HIT BY VEHICLE FROM THE LEFT         ,43,D,3,Day,1,2,1,01,Pedestrians,N,Other injury,64-69,,F,MELBOURNE,MELB_URBAN,-37.79410501,144.9480687,3051,Dry,Vehicle going straight through,Clear,FLEMINGTON,ABBOTSFORD,ROAD,STREET,Collision,Not Applicable
T20190017386,2019-09-09,12:30:00                      ,Struck Pedestrian,Monday,PED NEAR SIDE. PED HIT BY VEHICLE FROM THE RIGHT.      ,2F,A,1,Day,1,2,0,01,Pedestrians,Y,Other injury,26-29,,F,MELBOURNE,MELB_URBAN,-37.80967638,144.9554812,3000,Dry,Vehicle within intersection,Clear,FRANKLIN,WILLIAM,STREET,STREET,Collision,Not Applicable
T20190017393,2019-09-09,13:15:00                      ,Struck Pedestrian,Monday,PED NEAR SIDE. PED HIT BY VEHICLE FROM THE RIGHT.      ,43,H,6,Day,1,2,1,01,Pedestrians,Y,Serious injury,17-21,,F,MELBOURNE,MELB_URBAN,-37.80509713,144.9631668,3053,Wet,Vehicle going straight through,Raining,SWANSTON,CORNELL,STREET,PLACE,Collision,Not Applicable
T20190017481,2019-09-09,23:00:00                      ,Struck Pedestrian,Monday,PED NEAR SIDE. PED HIT BY VEHICLE FROM THE RIGHT.      ,2E,K,1,Dark No street lights,1,2,0,01,Pedestrians, ,Other injury,30-39,,F,MELBOURNE,MELB_URBAN,-37.80923867,144.9523651,3003,Unknown,Vehicle within intersection,Clear,DUDLEY,KING,STREET,STREET,Collision,Not Applicable
T20190017722,2019-09-12,23:00:00                      ,Struck Pedestrian,Thursday,FAR SIDE. PED HIT BY VEHICLE FROM THE LEFT         ,43,F,11,Dark Street lights on,1,2,0,01,Pedestrians, ,Other injury,22-25,3169.0,M,MELBOURNE,MELB_URBAN,-37.82595467,144.9573233,3006,Dry,Vehicle within intersection,Not known,CLARENDON,WHITEMAN,STREET,STREET,Collision,Not Applicable
T20190018168,2019-09-17,10:00:00                      ,Struck Pedestrian,Tuesday,FAR SIDE. PED HIT BY VEHICLE FROM THE LEFT         ,43,H,5,Unknown,1,2,1,01,Pedestrians,N,Other injury,22-25,3337.0,F,MELBOURNE,MELB_URBAN,-37.80186102,144.9637283,3053,Dry,Vehicle within intersection,Not known,SWANSTON,LINCOLN N,STREET,SQUARE,Collision,Not Applicable
T20190018465,2019-09-21,14:10:00                      ,collision with some other object,Saturday,RIGHT OFF CARRIAGEWAY INTO OBJECT/PARKED VEHICLE      ,1A,G,9,Day,1,3,0,02,Pedestrians,N,Other injury,40-49,3149.0,M,MELBOURNE,MELBOURNE_CBD,-37.81830781,144.9606331,3000,Dry,Roadworks (Dirt sign/barrier/excavation),Clear,FLINDERS,MARKET,LANE,STREET,Ran off carriageway,Not Applicable
T20190018626,2019-09-23,13:15:00                      ,Struck Pedestrian,Monday,PED PLAYING/LYING/WORKING/STANDING ON CARRIAGEWAY.,43,E,10,Day,1,2,0,01,Pedestrians, ,Other injury,30-39,3032.0,F,MELBOURNE,MELB_URBAN,-37.82029858,144.9498772,3008,Unknown,Pedestrian standing,Not known,COLLINS,VILLAGE,STREET,STREET,Collision,Not Applicable
T20190018983,2019-09-28,20:20:00                      ,Struck Pedestrian,Saturday,FAR SIDE. PED HIT BY VEHICLE FROM THE LEFT         ,2F,D,1,Dark Street lights on,1,2,0,01,Pedestrians,N,Other injury,17-21,3000.0,M,MELBOURNE,MELB_URBAN,-37.80924959,144.9608666,3000,Dry,Vehicle leaving intersection,Clear,ELIZABETH,,,,Collision,Not Applicable
T20190019041,2019-09-04,15:00:00                      ,Struck Pedestrian,Wednesday,PED NEAR SIDE. PED HIT BY VEHICLE FROM THE RIGHT.      ,43,G,6,Day,1,2,1,01,Pedestrians,Y,Serious injury,50-59,3400.0,M,MELBOURNE,MELB_URBAN,-37.8061974,144.9614681,3053,Unknown,Vehicle going straight through,Not known,BOUVERIE,BOUVERIE,STREET,PLACE,Collision,Not Applicable
T20190019177,2019-10-02,08:21:00                      ,Struck Pedestrian,Wednesday,PED NEAR SIDE. PED HIT BY VEHICLE FROM THE RIGHT.      ,43,G,7,Day,1,2,1,01,Pedestrians,Y,Serious injury,50-59,3000.0,F,MELBOURNE,MELB_URBAN,-37.80929334,144.9608867,3000,Dry,Vehicle within intersection,Clear,ELIZABETH,ABECKETT,STREET,STREET,Collision,Not Applicable
T20190019212,2019-10-02,12:53:00                      ,Struck Pedestrian,Wednesday,PED NEAR SIDE. PED HIT BY VEHICLE FROM THE RIGHT.      ,43,J,9,Day,1,2,0,01,Pedestrians,Y,Other injury,22-25,3000.0,M,MELBOURNE,MELBOURNE_CBD,-37.81665393,144.9698653,3000,Dry,Vehicle going straight through,Clear,RUSSELL,RUSSELL EXT,STREET,STREET,Collision,Not Applicable
T20190020166,2019-10-15,06:30:00                      ,Struck Pedestrian,Tuesday,PED NEAR SIDE. PED HIT BY VEHICLE FROM THE RIGHT.      ,43,E,10,Day,1,2,0,01,Pedestrians, ,Other injury,30-39,3184.0,M,MELBOURNE,MELB_URBAN,-37.82224333,144.9516518,3008,Dry,Vehicle entering intersection,Clear,SIDDELEY,WURUNDJERI,STREET,WAY,Collision,Not Applicable
T20190020519,2019-10-19,10:33:00                      ,Struck Pedestrian,Saturday,PED NEAR SIDE. PED HIT BY VEHICLE FROM THE RIGHT.      ,1A,F,9,Day,1,3,1,01,Pedestrians,N,Other injury,50-59,,U,MELBOURNE,MELBOURNE_CBD,-37.81862018,144.9595602,3000,Dry,Vehicle within intersection,Clear,FLINDERS,WILLIAM,LANE,STREET,Collision,Not Applicable
T20190020519,2019-10-19,10:33:00                      ,Struck Pedestrian,Saturday,PED NEAR SIDE. PED HIT BY VEHICLE FROM THE RIGHT.      ,1A,F,9,Day,1,3,1,02,Pedestrians,N,Other injury,26-29,,M,MELBOURNE,MELBOURNE_CBD,-37.81862018,144.9595602,3000,Dry,Vehicle within intersection,Clear,FLINDERS,WILLIAM,LANE,STREET,Collision,Not Applicable
T20190020568,2019-10-19,15:42:00                      ,Struck Pedestrian,Saturday,PED NEAR SIDE. PED HIT BY VEHICLE FROM THE RIGHT.      ,43,H,7,Day,1,5,0,04,Pedestrians,N,Other injury,30-39,3000.0,M,MELBOURNE,MELBOURNE_CBD,-37.81153036,144.9648376,3000,Dry,Vehicle entering intersection,Clear,LONSDALE,SWANSTON,STREET,STREET,Collision,Not Applicable
T20190020656,2019-10-19,12:05:00                      ,Fall from or in moving vehicle,Saturday,FELL IN/FROM VEHICLE                    ,43,H,9,Day,1,2,0,01,Pedestrians,N,Other injury,17-21,3163.0,F,MELBOURNE,MELBOURNE_CBD,-37.81630411,144.9641083,3000,Dry,Fell from vehicle,Clear,ELIZABETH,COLLINS,STREET,STREET,Fell from vehicle,Not Applicable
T20190020998,2019-10-23,07:35:00                      ,Struck Pedestrian,Wednesday,FAR SIDE. PED HIT BY VEHICLE FROM THE LEFT         ,2A,J,6,Day,1,2,0,01,Pedestrians,N,Other injury,22-25,,F,MELBOURNE,MELB_URBAN,-37.79646609,144.9513298,3052,Dry,Vehicle within intersection,Clear,GATEHOUSE,FLEMINGTON REV,STREET,ROAD SERVICE ROAD,Collision,Not Applicable
T20190021222,2019-10-28,13:40:00                      ,Collision with vehicle,Monday,VEHICLE COLLIDES WITH VEHICLE PARKED ON LEFT OF ROAD    ,43,H,9,Day,2,3,0,01,Pedestrians, ,Not injured,30-39,3002.0,F,MELBOURNE,MELBOURNE_CBD,-37.81726847,144.9642771,3000,Dry,Kerb parking - parallel,Clear,FLINDERS,STAUGHTON,LANE,ALLEY,Collision,Not Applicable
T20190021243,2019-10-09,20:30:00                      ,Struck Pedestrian,Wednesday,PED NEAR SIDE. PED HIT BY VEHICLE FROM THE RIGHT.      ,2G,E,9,Dusk/Dawn,1,2,0,01,Pedestrians,Y,Other injury,22-25,3121.0,F,MELBOURNE,MELB_URBAN,-37.82420628,144.9850452,3004,Dry,Vehicle within intersection,Not known,OLYMPIC,OLYMPIC,BOULEVARD,BOULEVARD,Collision,Not Applicable
T20190021479,2018-11-30,15:00:00                      ,Struck Pedestrian,Friday,PED STRUCK WALKING TO/FROM OR BOARDING/ALIGHTING VEHICLE.  ,43,F,6,Day,1,2,0,01,Pedestrians,N,Other injury,50-59,3977.0,M,MELBOURNE,MELB_URBAN,-37.80600681,144.957156,3000,Unknown,Alighting,Not known,VICTORIA,COBDEN,STREET,STREET,Collision,Not Applicable
T20190021589,2019-11-01,13:56:00                      ,Struck Pedestrian,Friday,PED NEAR SIDE. PED HIT BY VEHICLE FROM THE RIGHT.      ,1C,H,3,Day,1,2,0,01,Pedestrians,N,Other injury,40-49,3000.0,M,MELBOURNE,MELB_URBAN,-37.82374914,144.9563029,3006,Dry,Vehicle within intersection,Clear,CLARENDON,CLARENDON,STREET,STREET,Collision,Not Applicable
T20190021609,2019-11-01,14:30:00                      ,Struck Pedestrian,Friday,PED NEAR SIDE. PED HIT BY VEHICLE FROM THE RIGHT.      ,2B,F,8,Day,1,2,0,01,Pedestrians, ,Other injury,30-39,3044.0,F,MELBOURNE,MELB_URBAN,-37.80058525,144.9654536,3053,Dry,Vehicle entering intersection,Not known,CARDIGAN,GRATTAN,STREET,STREET,Collision,Not Applicable
T20190021796,2019-10-17,15:25:00                      ,Struck Pedestrian,Thursday,PED ON FOOTHPATH STRUCK BY VEHENTERING/LEAVING DRIVEWAY.  ,43,F,11,Unknown,1,2,0,01,Pedestrians,N,Other injury,50-59,3006.0,M,MELBOURNE,MELB_URBAN,-37.82601587,144.9555089,3006,Unknown,Paved footpath,Not known,NORMANBY,CLARENDON,ROAD,STREET,Collision,Not Applicable
T20190021978,2019-11-06,11:18:00                      ,Struck Pedestrian,Wednesday,PED EMERGES FROM IN FRONT OF PARKED OR STATIONARY VEHICLE  ,42,K,3,Day,1,3,0,01,Pedestrians, ,Other injury,30-39,3031.0,F,MELBOURNE,MELB_URBAN,-37.79476729,144.9280735,3031,Dry,Vehicle going straight through,Clear,HENRY,MACAULAY,STREET,ROAD,Collision,Not Applicable