KEYAccidentNumber,DATAccidentDate_accident,TIMAccidentTime_accident,CATAccidentTypeDesc_accident,CATDayOfWeek_accident,CATDCADesc_accident,CATMelwaysPage_accident,CATMelwaysGridRef_X_accident,CATMelwaysGridRef_Y_accident,CATLightConditionDesc_accident,NUMVehiclesInvolved_accident,NUMPersonsInvolved_accident,NUMPersonsInjured_accident,KEYPersonID_person,CATRoadUserTypeDesc_person,CATTakenHospital_person,CATInjuryLevelDesc_person,CATAgeGroup_person,CATPostcode_person,CATGender_person,CATLGAName_node,CATDEGUrbanName_node,NUMLatitude_node,NUMLongitude_node,CATPostcode_node,CATSurfaceConditionDesc_surface,CATSubDCACodeDesc_subdca,CATAtmosphericConditionDesc_atmosphere,CATRoadName_acclocation,CATRoadNameInt_acclocation,CATRoadType_acclocation,CATRoadTypeInt_acclocation,CATEventTypeDesc_accevent,CATObjectTypeDesc_accevent
T20190021978,2019-11-06,11:18:00                      ,Struck Pedestrian,Wednesday,PED EMERGES FROM IN FRONT OF PARKED OR STATIONARY VEHICLE  ,42,K,3,Day,1,3,0,02,Pedestrians, ,Other injury,0-4,,U,MELBOURNE,MELB_URBAN,-37.79476729,144.9280735,3031,Dry,Vehicle going straight through,Clear,HENRY,MACAULAY,STREET,ROAD,Collision,Not Applicable
T20190021994,2019-11-07,10:13:00                      ,Struck Pedestrian,Thursday,FAR SIDE. PED HIT BY VEHICLE FROM THE LEFT         ,43,C,10,Day,1,3,1,02,Pedestrians,Y,Serious injury,64-69,3810.0,F,MELBOURNE,MELB_URBAN,-37.82030539,144.9439517,3008,Dry,Pedestrian emerged from behind car etc,Clear,MERCHANT,BOURKE,STREET,STREET,Collision,Not Applicable
T20190022147,2019-11-08,16:15:00                      ,Struck Pedestrian,Friday,PED EMERGES FROM IN FRONT OF PARKED OR STATIONARY VEHICLE  ,28,G,11,Day,1,2,0,01,Pedestrians,Y,Other injury,13-15,,M,MELBOURNE,MELB_URBAN,-37.78248803,144.9165459,3031,Dry,Vehicle going straight through,Clear,EPSOM,SANDOWN,ROAD,ROAD,Collision,Not Applicable
T20190022313,2019-11-11,11:35:00                      ,Struck Pedestrian,Monday,PED EMERGES FROM IN FRONT OF PARKED OR STATIONARY VEHICLE  ,43,F,11,Day,1,2,0,01,Pedestrians,N,Other injury,60-64,3030.0,M,MELBOURNE,MELB_URBAN,-37.8265326,144.9575888,3006,Dry,Pedestrian emerged from behind car etc,Clear,CLARENDON,HAIG,STREET,STREET,Collision,Not Applicable
T20190022593,2019-11-14,13:00:00                      ,Struck Pedestrian,Thursday,PED NEAR SIDE. PED HIT BY VEHICLE FROM THE RIGHT.      ,2B,G,6,Day,1,2,0,01,Pedestrians,N,Other injury,70+,3057.0,F,MELBOURNE,MELB_URBAN,-37.79715948,144.9675577,3053,Dry,Vehicle within intersection,Clear,ELGIN,LYGON,STREET,STREET,Collision,Not Applicable
T20190023106,2019-10-26,14:30:00                      ,Struck Pedestrian,Saturday,FAR SIDE. PED HIT BY VEHICLE FROM THE LEFT         ,43,H,8,Day,1,2,0,01,Pedestrians,N,Other injury,70+,4215.0,M,MELBOURNE,MELBOURNE_CBD,-37.81433531,144.9664823,3000,Unknown,Vehicle leaving intersection,Clear,RAINBOW,LITTLE COLLINS,ALLEY,STREET,Collision,Not Applicable
T20190023112,2019-11-20,08:50:00                      ,Struck Pedestrian,Wednesday,FAR SIDE. PED HIT BY VEHICLE FROM THE LEFT         ,43,K,8,Day,1,2,0,01,Pedestrians,N,Other injury,60-64,3082.0,M,MELBOURNE,MELBOURNE_CBD,-37.81261739,144.9725328,3000,Dry,Vehicle entering intersection,Clear,LITTLE COLLINS,MEYERS,STREET,PLACE,Collision,Not Applicable
T20190023147,2019-11-14,14:35:00                      ,Struck Pedestrian,Thursday,ANY MANOEUVRE INVOLVING PED NOT INCLUDED IN DCAs 100-108.  ,43,G,8,Day,1,2,0,01,Pedestrians, ,Other injury,64-69,3442.0,F,MELBOURNE,MELBOURNE_CBD,-37.81454921,144.9582724,3000,Dry,Not Required,Clear,LITTLE BOURKE,LITTLE WILLIAM,STREET,STREET,Collision,Not Applicable
T20190023342,2019-11-22,11:29:00                      ,Struck Pedestrian,Friday,FAR SIDE. PED HIT BY VEHICLE FROM THE LEFT         ,2B,B,9,Day,1,2,0,01,Pedestrians,N,Other injury,26-29,,F,MELBOURNE,MELB_URBAN,-37.80181337,144.9574467,3000,Dry,Vehicle leaving intersection,Clear,ELIZABETH,PELHAM,STREET,STREET,Collision,Not Applicable
T20190023601,2019-11-20,18:10:00                      ,Struck Pedestrian,Wednesday,PED NEAR SIDE. PED HIT BY VEHICLE FROM THE RIGHT.      ,2E,H,6,Day,1,2,0,01,Pedestrians, ,Other injury,26-29,,F,MELBOURNE,MELB_URBAN,-37.818472,144.9484895,3008,Dry,Vehicle leaving intersection,Clear,BATMANS HILL,STADIUM ACCESS,DRIVE,ROAD,Collision,Not Applicable
T20190023723,2019-11-27,08:14:00                      ,Struck Pedestrian,Wednesday,PED STRUCK WALKING TO/FROM OR BOARDING/ALIGHTING VEHICLE.  ,29,G,12,Day,1,5,1,04,Pedestrians,N,Other injury,30-39,3060.0,M,MELBOURNE,MELB_URBAN,-37.78472297,144.9593976,3052,Dry,Pedestrian stepped off safety zone/tram shelter,Clear,ROYAL,WALKER,PARADE,STREET,Collision,Not Applicable
T20190024045,2019-11-30,19:00:00                      ,Struck Pedestrian,Saturday,FAR SIDE. PED HIT BY VEHICLE FROM THE LEFT         ,43,F,11,Dusk/Dawn,1,2,0,01,Pedestrians, ,Other injury,30-39,3006.0,F,MELBOURNE,MELB_URBAN,-37.82537065,144.9569893,3006,Dry,Vehicle leaving intersection,Clear,NORMANBY,CLARENDON,ROAD,STREET,Collision,Not Applicable
T20190024165,2019-11-29,15:30:00                      ,Struck Pedestrian,Friday,PED NEAR SIDE. PED HIT BY VEHICLE FROM THE RIGHT.      ,2F,C,1,Unknown,1,2,0,01,Pedestrians, ,Other injury,64-69,3124.0,M,MELBOURNE,MELB_URBAN,-37.80996352,144.958399,3000,Unknown,Vehicle leaving intersection,Not known,ABECKETT,QUEEN,STREET,STREET,Collision,Not Applicable
T20190024384,2019-12-04,08:45:00                      ,Struck Pedestrian,Wednesday,PED NEAR SIDE. PED HIT BY VEHICLE FROM THE RIGHT.      ,43,E,9,Day,1,2,1,01,Pedestrians,Y,Serious injury,30-39,3185.0,F,MELBOURNE,MELB_URBAN,-37.81943045,144.9529096,3008,Dry,Vehicle going straight through,Clear,COLLINS,WURUNDJERI,STREET,WAY,Collision,Not Applicable
T20190024415,2019-12-04,18:51:00                      ,Struck Pedestrian,Wednesday,PED NEAR SIDE. PED HIT BY VEHICLE FROM THE RIGHT.      ,1A,A,10,Day,1,2,0,01,Pedestrians, ,Other injury,22-25,,M,MELBOURNE,MELB_URBAN,-37.82109904,144.955075,3008,Unknown,Vehicle leaving intersection,Clear,SPENCER,FLINDERS,STREET,STREET,Collision,Not Applicable
T20190024480,2019-12-05,07:00:00                      ,Struck Pedestrian,Thursday,PED WALKING WITH TRAFFIC                  ,43,F,9,Day,1,2,0,01,Pedestrians, ,Other injury,26-29,3217.0,M,MELBOURNE,MELBOURNE_CBD,-37.81852529,144.956043,3000,Dry,Not on Footpath,Not known,COLLINS,KING,STREET,STREET,Collision,Not Applicable
T20190024969,2019-12-11,07:09:00                      ,Struck Pedestrian,Wednesday,FAR SIDE. PED HIT BY VEHICLE FROM THE LEFT         ,43,J,7,Day,1,2,1,01,Pedestrians,N,Other injury,40-49,,F,MELBOURNE,MELBOURNE_CBD,-37.81015456,144.9695628,3000,Dry,Vehicle within intersection,Not known,LONSDALE,EXHIBITION,STREET,STREET,Collision,Not Applicable
T20190025152,2019-12-11,21:45:00                      ,Struck Pedestrian,Wednesday,PED PLAYING/LYING/WORKING/STANDING ON CARRIAGEWAY.,43,G,11,Dusk/Dawn,1,2,0,01,Pedestrians, ,Other injury,60-64,3083.0,M,MELBOURNE,MELB_URBAN,-37.82348021,144.9620589,3006,Dry,Pedestrian standing,Not known,POWER,CITY,STREET,ROAD,Collision,Not Applicable
T20190025220,2019-12-13,11:40:00                      ,Struck Pedestrian,Friday,PED PLAYING/LYING/WORKING/STANDING ON CARRIAGEWAY.,43,J,7,Day,1,2,1,01,Pedestrians,N,Other injury,26-29,,F,MELBOURNE,MELBOURNE_CBD,-37.81127686,144.9683306,3000,Dry,Pedestrian standing,Clear,CORRS,LITTLE BOURKE,LANE,STREET,Collision,Not Applicable
T20190025402,2019-11-20,15:50:00                      ,Fall from or in moving vehicle,Wednesday,FELL IN/FROM VEHICLE                    ,43,H,5,Unknown,1,2,1,01,Pedestrians,N,Other injury,50-59,3123.0,F,MELBOURNE,MELB_URBAN,-37.8026552,144.9635914,3053,Unknown,Fell in vehicle,Not known,SWANSTON,PELHAM,STREET,STREET,Fell in vehicle,Not Applicable
T20190025640,2019-12-18,10:15:00                      ,Struck Pedestrian,Wednesday,PED EMERGES FROM IN FRONT OF PARKED OR STATIONARY VEHICLE  ,43,G,11,Day,1,1,1,01,Pedestrians,Y,Serious injury,50-59,3934.0,F,MELBOURNE,MELB_URBAN,-37.82432964,144.961993,3006,Dry,Vehicle going straight through,Clear,CITY,CITY,ROAD,ROAD,Collision,Not Applicable
T20190025644,2019-12-18,13:45:00                      ,Struck Pedestrian,Wednesday,PED NEAR SIDE. PED HIT BY VEHICLE FROM THE RIGHT.      ,43,H,7,Day,1,2,1,01,Pedestrians,Y,Serious injury,64-69,3076.0,F,MELBOURNE,MELBOURNE_CBD,-37.81204722,144.9649547,3000,Dry,Pedestrian stepped off safety zone/tram shelter,Clear,SWANSTON,LONSDALE,STREET,STREET,Collision,Not Applicable
T20190025904,2019-12-21,13:19:00                      ,Collision with vehicle,Saturday,CUTTING IN (OVERTAKING)                   ,1B,L,1,Day,2,3,1,01,Pedestrians, ,Other injury,17-21,3000.0,F,MELBOURNE,MELB_URBAN,-37.81031669,144.9613588,3000,Dry,Not Required,Clear,ELIZABETH,LA TROBE,STREET,STREET,Collision,Not Applicable
T20190025965,2019-12-22,10:26:00                      ,Struck Pedestrian,Sunday,PED NEAR SIDE. PED HIT BY VEHICLE FROM THE RIGHT.      ,2G,G,2,Day,1,2,0,01,Pedestrians, ,Other injury,50-59,,M,MELBOURNE,MELB_URBAN,-37.81125711,144.991084,3002,Dry,Vehicle entering intersection,Not known,HODDLE,ALBERT,STREET,STREET,Collision,Not Applicable
T20190026224,2019-12-25,05:35:00                      ,Struck Pedestrian,Wednesday,FAR SIDE. PED HIT BY VEHICLE FROM THE LEFT         ,1D,V,1,Dusk/Dawn,1,2,0,01,Pedestrians,N,Other injury,60-64,3039.0,F,MELBOURNE,MELB_URBAN,-37.81771097,144.9675566,3000,Dry,Not Required,Clear,SWANSTON,FLINDERS,STREET,STREET,Collision,Not Applicable
T20190026397,2019-12-28,23:30:00                      ,Struck Pedestrian,Saturday,ANY MANOEUVRE INVOLVING PED NOT INCLUDED IN DCAs 100-108.  ,43,G,9,Dark Street lights on,1,2,0,01,Pedestrians,N,Other injury,26-29,,M,MELBOURNE,MELBOURNE_CBD,-37.81614012,144.9604528,3000,Dry,Not Required,Clear,LITTLE COLLINS,AUSTRAL,STREET,LANE,Collision,Not Applicable
T20200000641,2020-01-06,07:30:00                      ,Struck Pedestrian,Monday,PED NEAR SIDE. PED HIT BY VEHICLE FROM THE RIGHT.      ,43,H,9,Day,1,2,0,01,Pedestrians,N,Other injury,30-39,3818.0,M,MELBOURNE,MELBOURNE_CBD,-37.81722497,144.9644277,3000,Unknown,Vehicle leaving intersection,Not known,FLINDERS,ELIZABETH,LANE,STREET,Collision,Not Applicable
T20200000652,2020-01-10,12:00:00                      ,Struck Pedestrian,Friday,PED NEAR SIDE. PED HIT BY VEHICLE FROM THE RIGHT.      ,2G,B,9,Day,1,2,1,01,Pedestrians,Y,Serious injury,70+,3000.0,M,MELBOURNE,MELB_URBAN,-37.82337501,144.9785686,3004,Dry,Vehicle within intersection,Clear,BATMAN,OLYMPIC,AVENUE,BOULEVARD,Collision,Not Applicable
T20200000754,2020-01-12,00:05:00                      ,Struck Pedestrian,Sunday,FAR SIDE. PED HIT BY VEHICLE FROM THE LEFT         ,1A,F,3,Dark Street lights on,1,2,0,01,Pedestrians,N,Other injury,40-49,3793.0,M,MELBOURNE,MELBOURNE_CBD,-37.81371239,144.957323,3000,Wet,Vehicle leaving intersection,Raining,LONSDALE,WILLIAM,STREET,STREET,Collision,Not Applicable
T20200000784,2020-01-12,15:25:00                      ,Struck Pedestrian,Sunday,FAR SIDE. PED HIT BY VEHICLE FROM THE LEFT         ,1A,C,9,Day,1,2,1,01,Pedestrians,Y,Serious injury,26-29,,F,MELBOURNE,MELBOURNE_CBD,-37.81939013,144.9571063,3000,Dry,Vehicle within intersection,Clear,KING,FLINDERS,STREET,LANE,Collision,Not Applicable
T20200001044,2020-01-15,22:20:00                      ,Struck Pedestrian,Wednesday,PED NEAR SIDE. PED HIT BY VEHICLE FROM THE RIGHT.      ,43,G,8,Dark Street lights on,1,2,1,01,Pedestrians,Y,Serious injury,22-25,,F,MELBOURNE,MELBOURNE_CBD,-37.81305023,144.9598096,3000,Wet,Vehicle within intersection,Raining,QUEEN,LONSDALE,STREET,STREET,Collision,Not Applicable
T20200001144,2020-01-16,21:50:00                      ,Struck Pedestrian,Thursday,PED STRUCK WALKING TO/FROM OR BOARDING/ALIGHTING VEHICLE.  ,2B,G,7,Dark Street lights on,1,3,0,03,Pedestrians, ,Other injury,50-59,3206.0,F,MELBOURNE,MELB_URBAN,-37.79883575,144.9687585,3053,Dry,Boarding,Clear,DRUMMOND,FARADAY,STREET,STREET,Collision,Not Applicable
T20200001434,2020-01-21,05:45:00                      ,Struck Pedestrian,Tuesday,PED EMERGES FROM IN FRONT OF PARKED OR STATIONARY VEHICLE  ,43,K,10,Dusk/Dawn,1,2,0,03,Pedestrians,N,Other injury,13-15,3181.0,F,MELBOURNE,MELB_URBAN,-37.82009166,144.9732876,3004,Unknown,Vehicle going straight through,Clear,BOATHOUSE,ALEXANDRA,DRIVE,AVENUE,Collision,Not Applicable
T20200001520,2020-01-22,08:20:00                      ,Struck Pedestrian,Wednesday,PED PLAYING/LYING/WORKING/STANDING ON CARRIAGEWAY.,43,J,11,Day,1,2,0,01,Pedestrians, ,Other injury,40-49,3109.0,M,MELBOURNE,MELB_URBAN,-37.82331424,144.9699027,3006,Dry,Pedestrian standing,Clear,ST KILDA,SOUTHBANK,ROAD,BOULEVARD,Collision,Not Applicable
T20200001584,2020-01-22,17:50:00                      ,Struck Pedestrian,Wednesday,PED NEAR SIDE. PED HIT BY VEHICLE FROM THE RIGHT.      ,1C,H,4,Day,1,2,0,01,Pedestrians,N,Other injury,5-12,,F,MELBOURNE,MELB_URBAN,-37.82426002,144.9565399,3006,Dry,Not Required,Clear,CLARENDON,CLARENDON,STREET,STREET,Collision,Not Applicable
T20200002418,2020-02-02,08:12:00                      ,Struck Pedestrian,Sunday,FAR SIDE. PED HIT BY VEHICLE FROM THE LEFT         ,2T,D,12,Day,1,2,1,01,Pedestrians,Y,Serious injury,26-29,3006.0,M,MELBOURNE,MELB_URBAN,-37.80769766,144.9161688,3003,Dry,Vehicle within intersection,Clear,FOOTSCRAY,DOCK LINK,ROAD,ROAD,Collision,Not Applicable
T20200002816,2020-02-06,12:30:00                      ,Collision with vehicle,Thursday,RIGHT TURN SIDESWIPE                    ,2A,B,3,Day,3,4,0,01,Pedestrians, ,Not injured,50-59,3033.0,F,MELBOURNE,MELB_URBAN,-37.79178132,144.935487,3031,Dry,Intersection,Clear,SMITH,STUBBS,STREET,STREET,Collision,Not Applicable
T20200002816,2020-02-06,12:30:00                      ,Collision with vehicle,Thursday,RIGHT TURN SIDESWIPE                    ,2A,B,3,Day,3,4,0,02,Pedestrians, ,Not injured,50-59,3033.0,M,MELBOURNE,MELB_URBAN,-37.79178132,144.935487,3031,Dry,Intersection,Clear,SMITH,STUBBS,STREET,STREET,Collision,Not Applicable
T20200003202,2020-02-11,06:25:00                      ,Struck Pedestrian,Tuesday,PED NEAR SIDE. PED HIT BY VEHICLE FROM THE RIGHT.      ,43,G,8,Dark Street lights on,1,2,0,01,Pedestrians,N,Other injury,17-21,3000.0,F,MELBOURNE,MELBOURNE_CBD,-37.81293288,144.9597561,3000,Dry,Vehicle leaving intersection,Clear,QUEEN,LONSDALE,STREET,STREET,Collision,Not Applicable
T20200003219,2020-02-10,15:30:00                      ,Struck Pedestrian,Monday,FAR SIDE. PED HIT BY VEHICLE FROM THE LEFT         ,2B,E,12,Day,1,2,0,01,Pedestrians,N,Other injury,16-17,3437.0,M,MELBOURNE,MELB_URBAN,-37.80681485,144.9643708,3000,Dry,Vehicle entering intersection,Clear,VICTORIA,FRANKLIN,STREET,STREET,Collision,Not Applicable
T20200003556,2020-02-14,10:45:00                      ,Struck Pedestrian,Friday,FAR SIDE. PED HIT BY VEHICLE FROM THE LEFT         ,43,K,8,Day,1,2,0,01,Pedestrians,N,Other injury,40-49,3015.0,M,MELBOURNE,MELBOURNE_CBD,-37.8127566,144.9720546,3000,Dry,Vehicle reversing,Clear,LITTLE COLLINS,MCILWRAITH,STREET,PLACE,Collision,Not Applicable
T20200003771,2020-02-17,14:19:00                      ,Struck Pedestrian,Monday,FAR SIDE. PED HIT BY VEHICLE FROM THE LEFT         ,1B,L,1,Day,1,2,1,01,Pedestrians,Y,Serious injury,60-64,3941.0,M,MELBOURNE,MELBOURNE_CBD,-37.81031669,144.9613588,3000,Dry,Vehicle entering intersection,Clear,ELIZABETH,LA TROBE,STREET,STREET,Collision,Not Applicable
T20200003883,2020-01-18,10:00:00                      ,Struck Pedestrian,Saturday,PED EMERGES FROM IN FRONT OF PARKED OR STATIONARY VEHICLE  ,43,G,11,Day,1,2,0,01,Pedestrians,N,Other injury,30-39,3006.0,M,MELBOURNE,MELB_URBAN,-37.82390272,144.9624949,3006,Unknown,Vehicle entering intersection,Clear,CITY,CITY,ROAD,ROAD,Collision,Not Applicable
T20200003989,2020-02-07,19:00:00                      ,Struck Pedestrian,Friday,PED WALKING WITH TRAFFIC                  ,2B,F,5,Day,1,2,1,01,Pedestrians,Y,Serious injury,30-39,3058.0,M,MELBOURNE,MELB_URBAN,-37.79562639,144.9648068,3053,Dry,Not on Footpath,Not known,UNNAMED,SWANSTON,,STREET,Collision,Not Applicable
T20200004001,2020-02-19,19:00:00                      ,Struck Pedestrian,Wednesday,PED NEAR SIDE. PED HIT BY VEHICLE FROM THE RIGHT.      ,43,K,8,Dusk/Dawn,1,2,0,01,Pedestrians,N,Other injury,40-49,3000.0,F,MELBOURNE,MELBOURNE_CBD,-37.81285144,144.9717289,3000,Dry,Vehicle leaving intersection,Clear,LITTLE COLLINS,CLUB,STREET,LANE,Collision,Not Applicable
T20200004044,2020-02-20,08:30:00                      ,Struck Pedestrian,Thursday,FAR SIDE. PED HIT BY VEHICLE FROM THE LEFT         ,43,K,7,Day,1,3,0,02,Pedestrians,N,Other injury,17-21,3087.0,F,MELBOURNE,MELB_URBAN,-37.80997276,144.9724036,3000,Dry,Vehicle going straight through,Clear,SPRING,LITTLE BOURKE,STREET,STREET,Collision,Not Applicable
T20200004185,2020-01-23,06:55:00                      ,Struck Pedestrian,Thursday,FAR SIDE. PED HIT BY VEHICLE FROM THE LEFT         ,2G,D,1,Day,1,2,0,02,Pedestrians, ,Other injury,17-21,3111.0,F,MELBOURNE,MELB_URBAN,-37.81041213,144.9835538,3002,Unknown,Vehicle entering intersection,Not known,ALBERT,CLARENDON,STREET,STREET,Collision,Not Applicable
T20200004194,2020-02-21,13:00:00                      ,Struck Pedestrian,Friday,PED NEAR SIDE. PED HIT BY VEHICLE FROM THE RIGHT.      ,2E,H,7,Day,1,2,0,01,Pedestrians, ,Other injury,30-39,3051.0,F,MELBOURNE,MELB_URBAN,-37.82101409,144.9474371,3008,Dry,Vehicle leaving intersection,Clear,HARBOUR,COLLINS,ESPLANADE,STREET,Collision,Not Applicable
T20200004283,2020-01-29,20:35:00                      ,Struck Pedestrian,Wednesday,PED NEAR SIDE. PED HIT BY VEHICLE FROM THE RIGHT.      ,43,F,11,Dark Street lights on,1,2,0,01,Pedestrians,N,Other injury,40-49,3000.0,M,MELBOURNE,MELB_URBAN,-37.82459113,144.9566935,3006,Dry,Not Required,Clear,CLARENDON,NORMANBY,STREET,ROAD,Collision,Not Applicable
T20200004309,2020-02-22,21:30:00                      ,Struck Pedestrian,Saturday,PED WALKING WITH TRAFFIC                  ,43,J,4,Dark Street lights on,1,2,0,01,Pedestrians,N,Other injury,30-39,3138.0,M,MELBOURNE,MELB_URBAN,-37.79905583,144.96722,3053,Dry,Not on Footpath,Clear,LYGON,UNIVERSITY,STREET,STREET,Collision,Not Applicable
T20200004853,2020-02-28,21:05:00                      ,Fall from or in moving vehicle,Friday,FELL IN/FROM VEHICLE                    ,43,F,10,Dark Street lights on,1,3,1,01,Pedestrians,Y,Serious injury,30-39,3174.0,M,MELBOURNE,MELBOURNE_CBD,-37.81967526,144.9561108,3000,Dry,Fell from vehicle,Clear,FLINDERS,HAY,LANE,PLACE,Fell from vehicle,Not Applicable
T20200004853,2020-02-28,21:05:00                      ,Fall from or in moving vehicle,Friday,FELL IN/FROM VEHICLE                    ,43,F,10,Dark Street lights on,1,3,1,02,Pedestrians, ,Not injured,0-4,,F,MELBOURNE,MELBOURNE_CBD,-37.81967526,144.9561108,3000,Dry,Fell from vehicle,Clear,FLINDERS,HAY,LANE,PLACE,Fell from vehicle,Not Applicable
T20200005234,2020-03-04,10:27:00                      ,Struck Pedestrian,Wednesday,PED NEAR SIDE. PED HIT BY VEHICLE FROM THE RIGHT.      ,43,K,8,Day,1,2,0,01,Pedestrians,N,Other injury,26-29,3183.0,F,MELBOURNE,MELB_URBAN,-37.81530366,144.9747958,3000,Dry,Vehicle entering intersection,Clear,FLINDERS,SPRING,STREET,STREET,Collision,Not Applicable
T20200005432,2020-01-11,19:25:00                      ,Struck Pedestrian,Saturday,PED STRUCK WALKING TO/FROM OR BOARDING/ALIGHTING VEHICLE.  ,1B,L,2,Dusk/Dawn,1,2,0,01,Pedestrians,N,Other injury,30-39,3070.0,F,MELBOURNE,MELBOURNE_CBD,-37.81129897,144.9618087,3000,Dry,Pedestrian emerged from behind car etc,Not known,ELIZABETH,LITTLE LONSDALE,STREET,STREET,Collision,Not Applicable
T20200005493,2020-03-06,12:30:00                      ,Struck Pedestrian,Friday,FAR SIDE. PED HIT BY VEHICLE FROM THE LEFT         ,43,H,6,Day,1,2,1,01,Pedestrians,Y,Serious injury,17-21,3000.0,F,MELBOURNE,MELB_URBAN,-37.80575147,144.9630519,3053,Dry,Vehicle going straight through,Clear,SWANSTON,CARDIGAN,STREET,TERRACE,Collision,Not Applicable
T20200006004,2020-03-03,10:30:00                      ,Struck Pedestrian,Tuesday,PED NEAR SIDE. PED HIT BY VEHICLE FROM THE RIGHT.      ,43,D,4,Day,1,2,0,01,Pedestrians,N,Other injury,17-21,,F,MELBOURNE,MELB_URBAN,-37.80085994,144.9485044,3051,Dry,Vehicle within intersection,Not known,CURZON,ARDEN,STREET,STREET,Collision,Not Applicable
T20200006328,2020-03-15,21:40:00                      ,Struck Pedestrian,Sunday,PED NEAR SIDE. PED HIT BY VEHICLE FROM THE RIGHT.      ,2B,J,7,Dark Street lights on,1,2,1,01,Pedestrians,Y,Serious injury,30-39,3053.0,F,MELBOURNE,MELB_URBAN,-37.79774045,144.9728896,3053,Dry,Vehicle entering intersection,Clear,CANNING,ELGIN,STREET,STREET,Collision,Not Applicable
T20200007097,2020-03-27,14:59:00                      ,Struck Pedestrian,Friday,FAR SIDE. PED HIT BY VEHICLE FROM THE LEFT         ,43,G,1,Day,1,3,1,01,Pedestrians,Y,Serious injury,17-21,,F,MELBOURNE,MELB_URBAN,-37.78766537,144.9590416,3052,Dry,Vehicle within intersection,Clear,ROYAL,LEONARD,PARADE,STREET,Collision,Not Applicable
T20200007097,2020-03-27,14:59:00                      ,Struck Pedestrian,Friday,FAR SIDE. PED HIT BY VEHICLE FROM THE LEFT         ,43,G,1,Day,1,3,1,02,Pedestrians,Y,Other injury,17-21,,F,MELBOURNE,MELB_URBAN,-37.78766537,144.9590416,3052,Dry,Vehicle within intersection,Clear,ROYAL,LEONARD,PARADE,STREET,Collision,Not Applicable
T20200008442,2020-04-26,04:25:00                      ,Collision with a fixed object,Sunday,OFF RIGHT BEND INTO OBJECT/PARKED VEHICLE          ,43,H,11,Dark No street lights,2,6,1,01,Pedestrians,Y,Serious injury,22-25,3021.0,M,MELBOURNE,MELB_URBAN,-37.82681028,144.9636221,3006,Wet,Guard rail,Raining,WEST GATE IN-KINGS,WEST GATE IN-POWER OF,RAMP,RAMP,Ran off carriageway,Not Applicable
T20200008772,2020-05-02,20:54:00                      ,Struck Pedestrian,Saturday,ANY MANOEUVRE INVOLVING PED NOT INCLUDED IN DCAs 100-108.  ,2B,K,5,Dark Street lights on,1,2,0,01,Pedestrians,N,Other injury,40-49,3065.0,F,MELBOURNE,MELB_URBAN,-37.79435792,144.9754937,3053,Wet,Not Required,Raining,NICHOLSON,WESTGARTH,STREET,STREET,Collision,Not Applicable
T20200013040,2020-06-08,17:00:00                      ,Struck Pedestrian,Monday,PED NEAR SIDE. PED HIT BY VEHICLE FROM THE RIGHT.      ,58,C,4,Unknown,1,2,0,01,Pedestrians,N,Other injury,30-39,,F,MELBOURNE,MELB_URBAN,-37.84460351,144.9851365,3141,Unknown,Vehicle entering intersection,Not known,PARK,PUNT,LANE,ROAD,Collision,Not Applicable
T20200014002,2020-07-22,11:45:00                      ,Struck Pedestrian,Wednesday,PED NEAR SIDE. PED HIT BY VEHICLE FROM THE RIGHT.      ,1A,H,2,Day,1,2,1,01,Pedestrians,Y,Serious injury,30-39,3000.0,F,MELBOURNE,MELBOURNE_CBD,-37.81202509,144.9593429,3000,Dry,Vehicle within intersection,Clear,LITTLE LONSDALE,QUEEN,STREET,STREET,Collision,Not Applicable
T20200014524,2020-07-30,19:20:00                      ,Struck Pedestrian,Thursday,ANY MANOEUVRE INVOLVING PED NOT INCLUDED IN DCAs 100-108.  ,43,E,8,Dark Street lights on,1,3,1,01,Pedestrians,Y,Serious injury,30-39,3000.0,M,MELBOURNE,MELBOURNE_CBD,-37.81592798,144.9534527,3000,Dry,Not Required,Clear,LITTLE BOURKE,CLEVE,STREET,LANE,Collision,Not Applicable
T20200014569,2020-08-01,17:00:00                      ,Struck Pedestrian,Saturday,PED NEAR SIDE. PED HIT BY VEHICLE FROM THE RIGHT.      ,2A,K,12,Dusk/Dawn,1,3,1,02,Pedestrians,Y,Serious injury,64-69,3003.0,F,MELBOURNE,MELB_URBAN,-37.8081631,144.951686,3003,Dry,Vehicle within intersection,Clear,KING,CHETWYND,STREET,STREET,Collision,Not Applicable
T20200015157,2020-08-13,17:45:00                      ,Struck Pedestrian,Thursday,ANY MANOEUVRE INVOLVING PED NOT INCLUDED IN DCAs 100-108.  ,29,J,12,Dark Street lights on,1,3,1,02,Pedestrians,Y,Serious injury,30-39,3054.0,F,MELBOURNE,MELB_URBAN,-37.78552575,144.9695341,3054,Dry,Not Required,Clear,LYGON,MACPHERSON,STREET,STREET,Collision,Not Applicable